workload,alpha,n_runs,recall_mean,recall_sd,recall_ci_lo,recall_ci_hi,precision_mean,precision_sd,precision_ci_lo,precision_ci_hi,f1_mean,f1_sd,f1_ci_lo,f1_ci_hi,fpr_mean,fpr_sd,fpr_ci_lo,fpr_ci_hi,roc_auc_mean,roc_auc_sd,roc_auc_ci_lo,roc_auc_ci_hi
W1_web,0.001,15,0.33940119577239874,0.17424115631142953,0.257767350633941,0.4298334394293249,1.0,0.0,1.0,1.0,0.48456242595385457,0.18379103619145343,0.39743298336401783,0.5793811768321837,0.0,0.0,0.0,0.0,0.8928128304465874,0.04209045885858332,0.8716238557398469,0.9130181833466773
W1_web,0.002,15,0.33940119577239874,0.17424115631142953,0.257767350633941,0.4298334394293249,1.0,0.0,1.0,1.0,0.48456242595385457,0.18379103619145343,0.39743298336401783,0.5793811768321837,0.0,0.0,0.0,0.0,0.8928128304465874,0.04209045885858332,0.8716238557398469,0.9130181833466773
W1_web,0.005,15,0.33940119577239874,0.17424115631142953,0.257767350633941,0.4298334394293249,1.0,0.0,1.0,1.0,0.48456242595385457,0.18379103619145343,0.39743298336401783,0.5793811768321837,0.0,0.0,0.0,0.0,0.8928128304465874,0.04209045885858332,0.8716238557398469,0.9130181833466773
W1_web,0.01,15,0.3756312725984508,0.15409733761449568,0.3038920194841287,0.45463683527155796,0.9195962127541076,0.1095550513061305,0.8631216931216933,0.9701253132832082,0.5168659545092572,0.15857270006906,0.4414943115599965,0.5969562868085768,0.006235909298699926,0.008432037431563172,0.002424442791415268,0.010626971818013371,0.8928128304465874,0.04209045885858332,0.8716238557398469,0.9130181833466773
W1_web,0.02,15,0.48132763619507013,0.1174300185602407,0.4234294101681692,0.5394234478845356,0.8794004224439008,0.10203808338900772,0.8279784804567415,0.9297684139531966,0.6132101231838923,0.10617464189454777,0.5612139674902304,0.6652350650888794,0.014688007420005459,0.01615707923646914,0.007549889067409419,0.02330750002707347,0.8928128304465874,0.04209045885858332,0.8716238557398469,0.9130181833466773
W1_web,0.05,15,0.6456706283019827,0.09884326076425988,0.5959392535504675,0.6932766763186179,0.7651843472431709,0.1385753758926443,0.6991999120160884,0.8347314814814814,0.6911282188277528,0.08011004749936558,0.6512537138093062,0.729194036061227,0.044429912043526684,0.02731441836557948,0.030784710056134774,0.057632526230756764,0.8928128304465874,0.04209045885858332,0.8716238557398469,0.9130181833466773
W1_web,0.1,15,0.773163365113538,0.07938593079326114,0.7328345975905185,0.8117276714063031,0.629797002712617,0.11361346868515027,0.573007480926551,0.6850440491767347,0.6896322793827966,0.08824941638707479,0.6453994897932929,0.7320815534409548,0.09596947766746715,0.02742794652269652,0.08220430376403275,0.10922718834308234,0.8928128304465874,0.04209045885858332,0.8716238557398469,0.9130181833466773
W2_apt,0.001,15,0.15861509098929577,0.023311323218587667,0.14850038149800174,0.17109215232157712,1.0,0.0,1.0,1.0,0.27316821893731036,0.03372057350679817,0.258383262914721,0.2910728971129074,0.0,0.0,0.0,0.0,0.8493886261185428,0.011163733230200817,0.8441546212908639,0.8548815680441674
W2_apt,0.002,15,0.15861509098929577,0.023311323218587667,0.14850038149800174,0.17109215232157712,1.0,0.0,1.0,1.0,0.27316821893731036,0.03372057350679817,0.258383262914721,0.2910728971129074,0.0,0.0,0.0,0.0,0.8493886261185428,0.011163733230200817,0.8441546212908639,0.8548815680441674
W2_apt,0.005,15,0.1648434646917179,0.028450579629182245,0.15220736881635136,0.1799164809273581,0.9904761904761905,0.03688555567816588,0.9714285714285714,1.0,0.28135827624771953,0.03902052899883108,0.26377321024287415,0.3017599113645486,0.000575614861329147,0.002229346771757278,0.0,0.0017268445839874408,0.8493886261185428,0.011163733230200817,0.8441546212908639,0.8548815680441674
W2_apt,0.01,15,0.23277582506555686,0.052751197489892564,0.20578486686962089,0.2572795605076387,0.9126599765143509,0.06043856847517524,0.8837858023502575,0.9431785938550565,0.3665283641140683,0.066623301902051,0.33241470563312914,0.3971484675606926,0.006181239887165755,0.004308405842014356,0.003997156802391605,0.00826420477149875,0.8493886261185428,0.011163733230200817,0.8441546212908639,0.8548815680441674
W2_apt,0.02,15,0.30423264870332084,0.04626301455911825,0.2819142285698521,0.3271779273831841,0.8464233409625105,0.045325442648155884,0.824819068270797,0.8690736456507963,0.4445955826510248,0.045876447756340526,0.42233702505024995,0.4671174032324368,0.013917496931449273,0.005973994789732067,0.01102007952656676,0.01692406738377576,0.8493886261185428,0.011163733230200817,0.8441546212908639,0.8548815680441674
W2_apt,0.05,15,0.4452464506062374,0.1073473825023796,0.39726759184760146,0.5011325761245927,0.7339023230227651,0.039661040253595035,0.7148398166211094,0.7530749097100913,0.5470197376692684,0.0776125530175861,0.5121524464329749,0.5876016476052387,0.039192932090330014,0.012364383215756846,0.03355120547362269,0.04553074273545853,0.8493886261185428,0.011163733230200817,0.8441546212908639,0.8548815680441674
W2_apt,0.1,15,0.6696033387723278,0.022263933206949707,0.6588595468692681,0.6801008423265524,0.6575943142912232,0.03515423776725195,0.6410462472355913,0.675144856535015,0.663065333853046,0.02298871030947718,0.6520583084965899,0.67424820650765,0.08424887851651817,0.01278613112045056,0.0779117772794491,0.09041041436264091,0.8493886261185428,0.011163733230200817,0.8441546212908639,0.8548815680441674
