workload,seed,threshold,calibration_alarm_rate,realised_fpr,eps_V1_agent_mutation,eps_V2_scope_discontinuity,eps_V3_binding_fork,eps_V4_transition_velocity,eps_V5_rate_discontinuity,eps_V6_navigation_break,w_V1_agent_mutation,w_V2_scope_discontinuity,w_V3_binding_fork,app_V1_agent_mutation,app_V2_scope_discontinuity,app_V3_binding_fork,app_V4_transition_velocity,app_V5_rate_discontinuity,app_V6_navigation_break
W1_web,0,0.6281733321608658,0.007874015748031496,0.01834862385321101,0.001396807297605473,0.008836944127708095,0.01767388825541619,0.004462181679969593,0.19011272137114535,0.34378563283922464,0.3718266678391342,0.3300697679513535,0.29810356420951223,0.9549600912200684,1.0,1.0,1.0,0.854618015963512,0.6533637400228051
W1_web,1,0.46411821078933724,0.007874015748031496,0.0,0.0011972633979475482,0.008409350057012543,0.019954389965792473,0.0011269479285442798,0.19011272137114535,0.34378563283922464,0.3744945984741446,0.3330451013233866,0.29246030020246894,0.9549600912200684,1.0,1.0,1.0,0.854618015963512,0.6533637400228051
W1_web,2,0.45616658068853627,0.0,0.0,0.002194982896237172,0.006356898517673888,0.013683010262257697,0.0011345496009122007,0.19011272137114535,0.34378563283922464,0.3593566391368129,0.3354123275902743,0.3052310332729128,0.9549600912200684,1.0,1.0,1.0,0.854618015963512,0.6533637400228051
W1_web,3,0.6374057188747398,0.0,0.0,0.002194982896237172,0.010746864310148234,0.010832383124287344,0.007307107563664006,0.19011272137114535,0.34378563283922464,0.36259428112526026,0.31887209440465464,0.3185336244700851,0.9549600912200684,1.0,1.0,1.0,0.854618015963512,0.6533637400228051
W1_web,4,0.6157816952401741,0.0,0.0,0.0019954389965792475,0.014994298745724057,0.023375142531356898,0.013017863930064613,0.19011272137114535,0.34378563283922464,0.3842183047598259,0.320449768764465,0.29533192647570905,0.9549600912200684,1.0,1.0,1.0,0.854618015963512,0.6533637400228051
W1_web,5,0.6270466052218032,0.0,0.0,0.0011972633979475482,0.009777651083238312,0.01653363740022805,0.006163055872291904,0.19011272137114535,0.34378563283922464,0.3729533947781968,0.32572212824218877,0.30132447697961434,0.9549600912200684,1.0,1.0,1.0,0.854618015963512,0.6533637400228051
W1_web,6,0.6452421161613295,0.007874015748031496,0.018018018018018018,0.0017958950969213224,0.007297605473204106,0.00798175598631699,0.004471683770429495,0.19011272137114535,0.34378563283922464,0.3547578838386704,0.32417070984904056,0.32107140631228903,0.9549600912200684,1.0,1.0,1.0,0.854618015963512,0.6533637400228051
W1_web,7,0.61011743128473,0.007874015748031496,0.008849557522123894,0.0017958950969213224,0.010917901938426454,0.03591790193842646,0.005680349676928924,0.19011272137114535,0.34378563283922464,0.38988256871527,0.3395795270368717,0.27053790424785823,0.9549600912200684,1.0,1.0,1.0,0.854618015963512,0.6533637400228051
W1_web,8,0.6255076403611393,0.007874015748031496,0.0,0.002194982896237172,0.012514253135689851,0.018244013683010263,0.009635119726339793,0.19011272137114535,0.34378563283922464,0.37449235963886085,0.3223879189872585,0.3031197213738807,0.9549600912200684,1.0,1.0,1.0,0.854618015963512,0.6533637400228051
W1_web,9,0.6304864731733535,0.007874015748031496,0.0,0.0017958950969213224,0.008152793614595212,0.018244013683010263,0.004488787533257316,0.19011272137114535,0.34378563283922464,0.3695135268266466,0.3336380484121439,0.29684842476120954,0.9549600912200684,1.0,1.0,1.0,0.854618015963512,0.6533637400228051
W1_web,10,0.6422217025130512,0.007874015748031496,0.018518518518518517,0.001995438996579247,0.00621436716077537,0.011972633979475485,0.003931965032307108,0.19011272137114535,0.34378563283922464,0.3577782974869488,0.3334015161372251,0.3088201863758262,0.9549600912200684,1.0,1.0,1.0,0.854618015963512,0.6533637400228051
W1_web,11,0.6231538767887637,0.007874015748031496,0.0,0.001995438996579247,0.011031927023945268,0.021664766248574687,0.005055112124667427,0.19011272137114535,0.34378563283922464,0.3768461232112364,0.3290066810778916,0.29414719571087206,0.9549600912200684,1.0,1.0,1.0,0.854618015963512,0.6533637400228051
W1_web,12,0.46766024892093516,0.007874015748031496,0.02,0.0023945267958950965,0.007383124287343215,0.019954389965792473,0.002782212086659065,0.19011272137114535,0.34378563283922464,0.36738020878848626,0.339077175844965,0.29354261536654874,0.9549600912200684,1.0,1.0,1.0,0.854618015963512,0.6533637400228051
W1_web,13,0.4633084267526958,0.007874015748031496,0.0,0.0025940706955530214,0.006014823261117446,0.014253135689851768,0.00112884834663626,0.19011272137114535,0.34378563283922464,0.3577475180029666,0.3380967954516575,0.30415568654537595,0.9549600912200684,1.0,1.0,1.0,0.854618015963512,0.6533637400228051
W1_web,14,0.5941523929620296,0.007874015748031496,0.00980392156862745,0.0009977194982896235,0.014908779931584949,0.04446978335233751,0.009648422652983655,0.19011272137114535,0.34378563283922464,0.40584760703797057,0.33228028547206895,0.2618721074899606,0.9549600912200684,1.0,1.0,1.0,0.854618015963512,0.6533637400228051
W1_web,15,0.6420558546497753,0.0,0.0,0.00039908779931584947,0.0045039908779931585,0.009122006841505131,0.0022367920942607377,0.19011272137114535,0.34378563283922464,0.35794414535022473,0.33186243120830355,0.31019342344147166,0.9549600912200684,1.0,1.0,1.0,0.854618015963512,0.6533637400228051
W1_web,16,0.6196315797266045,0.007874015748031496,0.009345794392523364,0.002194982896237172,0.009806157354618015,0.028506271379703536,0.0038939566704675028,0.19011272137114535,0.34378563283922464,0.3803684202733956,0.33850822569340633,0.28112335403319816,0.9549600912200684,1.0,1.0,1.0,0.854618015963512,0.6533637400228051
W1_web,17,0.6075011889100365,0.0,0.0,0.0011972633979475482,0.00983466362599772,0.03819840364880274,0.004986697073356138,0.19011272137114535,0.34378563283922464,0.3924988110899638,0.34254077632186763,0.26496041258816866,0.9549600912200684,1.0,1.0,1.0,0.854618015963512,0.6533637400228051
W1_web,18,0.6204065464571366,0.0,0.0,0.0023945267958950965,0.009863169897377424,0.028506271379703536,0.006214367160775371,0.19011272137114535,0.34378563283922464,0.37959345354286356,0.3388188450613961,0.2815877013957404,0.9549600912200684,1.0,1.0,1.0,0.854618015963512,0.6533637400228051
W1_web,19,0.6423386364046733,0.007874015748031496,0.0,0.002194982896237172,0.008038768529076397,0.010262257696693273,0.005058912960851387,0.19011272137114535,0.34378563283922464,0.3576613635953268,0.32588634911597625,0.3164522872886969,0.9549600912200684,1.0,1.0,1.0,0.854618015963512,0.6533637400228051
W1_web,20,0.4738203075505706,0.007874015748031496,0.02830188679245283,0.0017958950969213224,0.004133409350057012,0.005131128848346636,0.0011326491828202204,0.19011272137114535,0.34378563283922464,0.3444475071379451,0.3304221551117896,0.32513033775026523,0.9549600912200684,1.0,1.0,1.0,0.854618015963512,0.6533637400228051
W1_web,21,0.5802967443727741,0.0,0.0,0.001396807297605473,0.01701824401368301,0.0661345496009122,0.010125427594070696,0.19011272137114535,0.34378563283922464,0.419703255627226,0.338736580775787,0.24156016359698695,0.9549600912200684,1.0,1.0,1.0,0.854618015963512,0.6533637400228051
W1_web,22,0.6277062772741966,0.007874015748031496,0.009259259259259259,0.0017958950969213224,0.009464082098061575,0.018814139110604332,0.003935765868491068,0.19011272137114535,0.34378563283922464,0.3722937227258036,0.3303000967508717,0.29740618052332485,0.9549600912200684,1.0,1.0,1.0,0.854618015963512,0.6533637400228051
W1_web,23,0.6271854879196924,0.007874015748031496,0.009174311926605505,0.0017958950969213224,0.009407069555302166,0.019384264538198404,0.00508171797795515,0.19011272137114535,0.34378563283922464,0.37281451208030764,0.331008453035805,0.2961770348838874,0.9549600912200684,1.0,1.0,1.0,0.854618015963512,0.6533637400228051
W1_web,24,0.6470873139235767,0.007874015748031496,0.009433962264150943,0.0019954389965792475,0.007839224629418473,0.0068415051311288486,0.005594830862789813,0.19011272137114535,0.34378563283922464,0.3529126860764234,0.3212476777316694,0.32583963619190726,0.9549600912200684,1.0,1.0,1.0,0.854618015963512,0.6533637400228051
W1_web,25,0.34559491372237433,0.007874015748031496,0.027777777777777776,0.0017958950969213224,0.004418472063854048,0.01767388825541619,0.0005606233371341694,0.19011272137114535,0.34378563283922464,0.36196130407474403,0.34559491372237433,0.29244378220288153,0.9549600912200684,1.0,1.0,1.0,0.854618015963512,0.6533637400228051
W1_web,26,0.47565120778024267,0.0,0.0,0.001396807297605473,0.0035347776510832388,0.003990877993158495,0.0011326491828202204,0.19011272137114535,0.34378563283922464,0.34296575928512446,0.3297873326084237,0.32724690810645196,0.9549600912200684,1.0,1.0,1.0,0.854618015963512,0.6533637400228051
W1_web,27,0.6163730170687172,0.007874015748031496,0.009009009009009009,0.0011972633979475482,0.009635119726339793,0.027366020524515394,0.005659445077917142,0.19011272137114535,0.34378563283922464,0.38362698293128294,0.3356616844741236,0.2807113325945935,0.9549600912200684,1.0,1.0,1.0,0.854618015963512,0.6533637400228051
W1_web,28,0.37574056239162196,0.0,0.058823529411764705,0.0013968072976054734,0.002793614595210946,0.003990877993158495,0.00056442417331813,0.19011272137114535,0.34378563283922464,0.3414916553864566,0.3326679790846136,0.32584036552892987,0.9549600912200684,1.0,1.0,1.0,0.854618015963512,0.6533637400228051
W1_web,29,0.615290174543909,0.0,0.0,0.0011972633979475482,0.009692132269099202,0.028506271379703536,0.004477385024705435,0.19011272137114535,0.34378563283922464,0.3847098254560912,0.3363608290915676,0.27892934545234127,0.9549600912200684,1.0,1.0,1.0,0.854618015963512,0.6533637400228051
W2_apt,0,0.6195587812815029,0.0,0.0,0.0029259765921872626,0.012342301261589908,0.027613112428433905,0.006600969414466906,0.1270402029061559,0.0,0.38044121871849723,0.33256426205290757,0.2869945192285952,1.0,1.0,1.0,1.0,0.8405532755737954,0.0
W2_apt,1,0.6338757557279366,0.007677543186180422,0.007874015748031496,0.0026954451031058414,0.008481532147742818,0.018189187819830775,0.003748796676293256,0.1270402029061559,0.0,0.36612424427206347,0.33463683287922785,0.29923892284870873,1.0,1.0,1.0,1.0,0.8405532755737954,0.0
W2_apt,2,0.6335456139747008,0.008957133717210493,0.009448818897637795,0.0027841110604448494,0.008975528195774433,0.01808785529715762,0.004176588809511746,0.1270402029061559,0.0,0.3664543860252993,0.33325600141227396,0.3002896125624267,1.0,1.0,1.0,1.0,0.8405532755737954,0.0
W2_apt,3,0.6297209996521173,0.0,0.0,0.0028550438263160558,0.01010031919744642,0.02026650453463039,0.005239229197277533,0.1270402029061559,0.0,0.37027900034788286,0.3322648100785201,0.29745618957359704,1.0,1.0,1.0,1.0,0.8405532755737954,0.0
W2_apt,4,0.6251782256659342,0.007037747920665387,0.01192368839427663,0.0028373106348482547,0.010546182297208289,0.02406647413487359,0.00498623566567023,0.1270402029061559,0.0,0.3748217743340658,0.3343465148200644,0.29083171084586984,1.0,1.0,1.0,1.0,0.8405532755737954,0.0
W2_apt,5,0.6251736588712359,0.008317338451695458,0.005546751188589541,0.0029082434007194607,0.009684855854486498,0.025890459542990324,0.004293290098123659,0.1270402029061559,0.0,0.3748263411287641,0.338464375313041,0.28670928355819486,1.0,1.0,1.0,1.0,0.8405532755737954,0.0
W2_apt,6,0.6291306598607519,0.0,0.0,0.002766377868977048,0.010515782540406344,0.01986117444393778,0.005729847494553377,0.1270402029061559,0.0,0.3708693401392481,0.3305264795723869,0.29860418028836494,1.0,1.0,1.0,1.0,0.8405532755737954,0.0
W2_apt,7,0.6280496543064498,0.007677543186180422,0.00878594249201278,0.002429447231088818,0.009246592693925115,0.021482494806708212,0.004238570535880158,0.1270402029061559,0.0,0.3719503456935502,0.3348827290053827,0.2931669253010671,1.0,1.0,1.0,1.0,0.8405532755737954,0.0
W2_apt,8,0.6395455004788864,0.004478566858605247,0.008634222919937205,0.00267771191163804,0.007164209352991843,0.015098545878299641,0.0033559642633970046,0.1270402029061559,0.0,0.36045449952111375,0.3354515057211651,0.3040939947577213,1.0,1.0,1.0,1.0,0.8405532755737954,0.0
W2_apt,9,0.6430113774475819,0.008317338451695458,0.004885993485342019,0.0028195774433804523,0.00708567664792015,0.012869230379490297,0.0036885038253027308,0.1270402029061559,0.0,0.35698862255241814,0.33345036532965194,0.30956101211792986,1.0,1.0,1.0,1.0,0.8405532755737954,0.0
W2_apt,10,0.6285873959825372,0.009596928982725527,0.0054858934169279,0.0026422455287024365,0.009758321933424534,0.021026498454679028,0.005236695884210704,0.1270402029061559,0.0,0.3714126040174629,0.3334674880871859,0.29511990789535114,1.0,1.0,1.0,1.0,0.8405532755737954,0.0
W2_apt,11,0.6322209055500153,0.005118362124120281,0.009538950715421303,0.0029791761665906667,0.008195267771191164,0.02138116228403506,0.0033880528955768357,0.1270402029061559,0.0,0.3677790944499847,0.3391810948358618,0.2930398107141534,1.0,1.0,1.0,1.0,0.8405532755737954,0.0
W2_apt,12,0.6280927793088075,0.009596928982725527,0.010333863275039745,0.0028195774433804523,0.009960986978770838,0.021938491158737396,0.004386178243907381,0.1270402029061559,0.0,0.3719072206911924,0.33410802824202984,0.2939847510667776,1.0,1.0,1.0,1.0,0.8405532755737954,0.0
W2_apt,13,0.6309468007380896,0.007037747920665387,0.010260457774269928,0.0024471804225566192,0.008927395247504686,0.019253179307898872,0.003641553089797504,0.1270402029061559,0.0,0.3690531992619104,0.3337894106649721,0.2971573900731176,1.0,1.0,1.0,1.0,0.8405532755737954,0.0
W2_apt,14,0.6255705614149855,0.0,0.0,0.0029082434007194607,0.011610173785276387,0.02229315498809343,0.006644711286754151,0.1270402029061559,0.0,0.37442943858501465,0.3300736481532315,0.29549691326175387,1.0,1.0,1.0,1.0,0.8405532755737954,0.0
W2_apt,15,0.6353333863080083,0.006397952655150352,0.007081038552321007,0.0026245123372346355,0.008134468257587272,0.01712519633176268,0.003695934876965429,0.1270402029061559,0.0,0.36466661369199177,0.3344586237614917,0.30087476254651657,1.0,1.0,1.0,1.0,0.8405532755737954,0.0
W2_apt,16,0.6376635326595423,0.009596928982725527,0.010301109350237718,0.0026599787201702385,0.007944469777575111,0.015503875968992248,0.003991488068095455,0.1270402029061559,0.0,0.36233646734045766,0.3334083060184737,0.3042552266410686,1.0,1.0,1.0,1.0,0.8405532755737954,0.0
W2_apt,17,0.628284278923102,0.007677543186180422,0.00718849840255591,0.002925976592187262,0.009264325885392917,0.023357146476161526,0.0043503740858962005,0.1270402029061559,0.0,0.371715721076898,0.33760741528007915,0.29067686364302303,1.0,1.0,1.0,1.0,0.8405532755737954,0.0
W2_apt,18,0.6252093167417146,0.0,0.0,0.002589045954299032,0.010764047220955565,0.022597152556112884,0.005328908479843272,0.1270402029061559,0.0,0.37479068325828546,0.33192284142157463,0.29328647532013996,1.0,1.0,1.0,1.0,0.8405532755737954,0.0
W2_apt,19,0.6275263301264233,0.008317338451695458,0.006284367635506678,0.0024117140396210162,0.010305517555859555,0.02026650453463039,0.004954484808565976,0.1270402029061559,0.0,0.3724736698735768,0.33069966635446096,0.2968266637719623,1.0,1.0,1.0,1.0,0.8405532755737954,0.0
W2_apt,20,0.6252246357525298,0.009596928982725527,0.005494505494505495,0.0025181131884278256,0.010688047828950702,0.02239448751076658,0.005508604820050328,0.1270402029061559,0.0,0.37477536424747016,0.33179486558250426,0.2934297701700256,1.0,1.0,1.0,1.0,0.8405532755737954,0.0
W2_apt,21,0.6226337477628842,0.0,0.0,0.002358514465217611,0.011947104423164615,0.02239448751076658,0.006908006958166557,0.1270402029061559,0.0,0.37736625223711595,0.3280383616011817,0.29459538616170233,1.0,1.0,1.0,1.0,0.8405532755737954,0.0
W2_apt,22,0.6300776148686604,0.004478566858605247,0.00875796178343949,0.0029259765921872626,0.00919339311952171,0.02163449359071794,0.00288915910894935,0.1270402029061559,0.0,0.36992238513133957,0.3362924417921453,0.2937851730765152,1.0,1.0,1.0,1.0,0.8405532755737954,0.0
W2_apt,23,0.6332488182201959,0.009596928982725527,0.008737092930897538,0.0028727770177838573,0.009601256523281147,0.017783857729138167,0.005354072722973772,0.1270402029061559,0.0,0.3667511817798042,0.33132185258202124,0.30192696563817456,1.0,1.0,1.0,1.0,0.8405532755737954,0.0
W2_apt,24,0.6269146391848269,0.0,0.0,0.0028727770177838577,0.009910320717434262,0.023458478998834676,0.005543902315448142,0.1270402029061559,0.0,0.37308536081517335,0.3357031612583577,0.29121147792646906,1.0,1.0,1.0,1.0,0.8405532755737954,0.0
W2_apt,25,0.621215679266773,0.008957133717210493,0.006379585326953748,0.0030501089324618735,0.01185337183969195,0.02715711607640472,0.006038742801168701,0.1270402029061559,0.0,0.37878432073322704,0.333776848072322,0.287438831194451,1.0,1.0,1.0,1.0,0.8405532755737954,0.0
W2_apt,26,0.6355202460537381,0.007677543186180422,0.006329113924050633,0.0027309114860414444,0.008086335309317525,0.017429193899782137,0.003741703399706136,0.1270402029061559,0.0,0.3644797539462619,0.3351521599814162,0.3003680860723219,1.0,1.0,1.0,1.0,0.8405532755737954,0.0
W2_apt,27,0.6369024991925726,0.0,0.0,0.0031033085068652784,0.008874195673101283,0.016415868673050615,0.004533617064396818,0.1270402029061559,0.0,0.36309750080742753,0.3325302913110224,0.30437220788155,1.0,1.0,1.0,1.0,0.8405532755737954,0.0
W2_apt,28,0.6260842289498207,0.0,0.0,0.002979176166590667,0.011531641080204692,0.022191822465420275,0.006251541098782321,0.1270402029061559,0.0,0.37391577105017937,0.3303499671458653,0.29573426180395535,1.0,1.0,1.0,1.0,0.8405532755737954,0.0
W2_apt,29,0.6375550209257737,0.008957133717210493,0.009577015163607342,0.002589045954299032,0.007726604853827836,0.015655874753001977,0.0034969853574504744,0.1270402029061559,0.0,0.36244497907422635,0.33409182720546576,0.30346319372030806,1.0,1.0,1.0,1.0,0.8405532755737954,0.0
