workload,scenario,n_runs,recall_mean,recall_sd,recall_ci_lo,recall_ci_hi,precision_mean,precision_sd,precision_ci_lo,precision_ci_hi,f1_mean,f1_sd,f1_ci_lo,f1_ci_hi,attack_request_detection_rate_mean,attack_request_detection_rate_sd,attack_request_detection_rate_ci_lo,attack_request_detection_rate_ci_hi,latency_requests_median_mean,latency_requests_median_sd,latency_requests_median_ci_lo,latency_requests_median_ci_hi,n_attack_sessions_mean,n_attack_sessions_sd,n_attack_sessions_ci_lo,n_attack_sessions_ci_hi
W1_web,L0_concurrent,20,0.9833333333333332,0.07453559924999299,0.95,1.0,0.7525,0.30006212806976224,0.6208333333333333,0.8791666666666667,0.8127777777777778,0.21833664417232862,0.7166666666666667,0.9050138888888887,0.2056465683439368,0.0873730111901259,0.16864453200308466,0.2430955815018315,1.0,0.0,1.0,1.0,2.05,1.050062654772261,1.6,2.5
W1_web,L0_takeover,27,0.8659611992945325,0.25777531671677056,0.762257495590829,0.9523809523809524,0.735185185185185,0.3067381930707669,0.6148148148148148,0.8444444444444444,0.7485076651743319,0.24833547986423418,0.6503639261972597,0.8351853547686882,0.1440335148832231,0.08398120479271592,0.11396610617864657,0.17543264107472348,1.0,0.0,1.0,1.0,2.7777777777777777,1.5275252316519465,2.2222222222222223,3.3333333333333335
W1_web,L1_concurrent,25,0.652,0.46825918748772744,0.47200000000000003,0.8240000000000001,0.46,0.4026244919046549,0.31,0.62,0.5128888888888888,0.40290457774196625,0.3582,0.6675555555555555,0.007619047619047619,0.029738085706659038,0.0,0.020952380952380948,3.411764705882353,2.9855657656759913,2.2058823529411766,4.882352941176471,2.32,1.2151817422372122,1.88,2.8
W1_web,L1_takeover,24,0.041666666666666664,0.2041241452319315,0.0,0.125,0.020833333333333332,0.10206207261596575,0.0,0.0625,0.027777777777777776,0.13608276348795434,0.0,0.08333333333333333,0.007352941176470589,0.03602190798210556,0.0,0.022058823529411766,1.0,0.0,1.0,1.0,2.6666666666666665,1.1671841502435296,2.2083333333333335,3.125
W1_web,L2_concurrent,21,0.8690476190476191,0.26947921556039833,0.75,0.9642857142857143,0.7115646258503401,0.34049307793141637,0.5650793650793651,0.8492063492063492,0.7309523809523808,0.2822648922337936,0.6075907029478459,0.8414965986394558,0.06375458292751525,0.09966911723972023,0.026197695370627702,0.10844306695810454,2.15,1.1821033884786183,1.65,2.65,2.0,1.140175425099138,1.5714285714285714,2.4761904761904763
W1_web,L2_takeover,26,0.1794871794871795,0.37983352178751184,0.038461538461538464,0.3333333333333333,0.1576923076923077,0.34429414973022926,0.038461538461538464,0.29615384615384616,0.1621794871794872,0.34427242740815633,0.038461538461538464,0.3032051282051282,0.037141591440233976,0.08505846048374369,0.008875739644970414,0.07304008208985585,1.0,0.0,1.0,1.0,2.6923076923076925,1.192282878153696,2.269230769230769,3.1538461538461537
W1_web,L3_concurrent,23,0.0,0.0,0.0,0.0,0.0,0.0,0.0,0.0,0.0,0.0,0.0,0.0,0.0,0.0,0.0,0.0,,0.0,,,1.7391304347826086,1.09616651457157,1.3478260869565217,2.217391304347826
W1_web,L3_takeover,27,0.0,0.0,0.0,0.0,0.0,0.0,0.0,0.0,0.0,0.0,0.0,0.0,0.0,0.0,0.0,0.0,,0.0,,,2.074074074074074,1.3846945213219115,1.5925925925925926,2.6296296296296298
W1_web,L4_concurrent,25,0.0,0.0,0.0,0.0,0.0,0.0,0.0,0.0,0.0,0.0,0.0,0.0,0.0,0.0,0.0,0.0,,0.0,,,2.0,1.224744871391589,1.56,2.48
W1_web,L4_takeover,23,0.0,0.0,0.0,0.0,0.0,0.0,0.0,0.0,0.0,0.0,0.0,0.0,0.0,0.0,0.0,0.0,,0.0,,,2.0,0.8528028654224418,1.6956521739130435,2.347826086956522
W1_web,L5_concurrent,23,0.9565217391304348,0.1525655290933867,0.8840579710144927,1.0,0.7282608695652174,0.2964620839797112,0.6123188405797101,0.8405797101449275,0.7782608695652173,0.2328151596239485,0.6855072463768116,0.8666666666666667,0.020507753116448767,0.05813223097089628,0.0,0.046596229857099394,2.5652173913043477,0.9207747210672769,2.1956521739130435,2.9130434782608696,1.8695652173913044,0.8688732424597102,1.565217391304348,2.217391304347826
W1_web,L5_takeover,27,0.0,0.0,0.0,0.0,0.0,0.0,0.0,0.0,0.0,0.0,0.0,0.0,0.0,0.0,0.0,0.0,,0.0,,,2.4444444444444446,1.339728254114167,1.962962962962963,2.962962962962963
W2_apt,L0_concurrent,30,0.8807356779023444,0.15349859860303977,0.8251515717307385,0.9314997271247272,0.7826368352658366,0.15395686212006565,0.730118619950397,0.8371031125724311,0.8027284135738388,0.05483563519131045,0.7834341666397643,0.8218018818136877,0.08001895894784222,0.024221416231916516,0.07194067290942906,0.08908926367250658,1.7333333333333334,0.8172001541568766,1.45,2.033333333333333,23.833333333333332,4.243317938410552,22.4,25.366666666666667
W2_apt,L0_takeover,30,0.40541260470784,0.09648752780468561,0.37209077448407596,0.43871485087939555,0.6581107108603227,0.23733106116080097,0.5782923656215399,0.7419431778003314,0.4832064991050435,0.09509337456372778,0.44909358751100675,0.516383985538177,0.05228813658936847,0.014901949533731479,0.047335756560957176,0.057462885154072406,1.0,0.0,1.0,1.0,26.033333333333335,4.91642800901387,24.333333333333332,27.766666666666666
W2_apt,L1_concurrent,30,0.6686444255116497,0.4349231210353813,0.5127981729672828,0.8132119503213098,0.6119926610092553,0.30572539914225383,0.5023322161287496,0.7144980259371477,0.5648017515378311,0.3575638404679345,0.4366908641159128,0.6830803381101993,0.00306236870323353,0.006482260613656649,0.001026711468621661,0.005596435259777467,3.76,1.2000000000000002,3.36,4.28,23.9,4.936493240878729,22.133333333333333,25.666666666666668
W2_apt,L1_takeover,30,0.0016666666666666668,0.00912870929175277,0.0,0.005000000000000001,0.0020833333333333333,0.011410886614690958,0.0,0.00625,0.001851851851851852,0.010143010324169746,0.0,0.005555555555555556,0.0,0.0,0.0,0.0,,0.0,,,26.766666666666666,4.469693604660193,25.2,28.366666666666667
W2_apt,L2_concurrent,30,0.4003781257092208,0.10770776290526926,0.36314157166199584,0.4382268299494301,0.6509917357563484,0.24872831315445104,0.5659223835777313,0.739175364532086,0.4714242563155526,0.09476184181862275,0.4368154676684243,0.5046460732762448,0.009285310119228084,0.017548557090483544,0.0037899241015634817,0.01611071923747966,3.533333333333333,0.5862407022030629,3.3333333333333335,3.7333333333333334,24.566666666666666,4.561331727295963,23.0,26.2
W2_apt,L2_takeover,30,0.0,0.0,0.0,0.0,0.0,0.0,0.0,0.0,0.0,0.0,0.0,0.0,0.0,0.0,0.0,0.0,,0.0,,,25.866666666666667,4.074591863067357,24.433333333333334,27.333333333333332
W2_apt,L3_concurrent,30,0.007354682354682355,0.01696925285048474,0.0018518518518518517,0.013622488622488623,0.044786324786324785,0.18285396491002825,0.005128205128205128,0.11735042735042735,0.010584508505268118,0.024705713147342535,0.0028985507246376816,0.01979182557843885,0.001342960998133412,0.004136826020178772,0.0,0.0028814225365949506,4.5,3.1091263510296048,2.5,7.5,24.033333333333335,4.552250927370671,22.566666666666666,25.766666666666666
W2_apt,L3_takeover,30,0.0,0.0,0.0,0.0,0.0,0.0,0.0,0.0,0.0,0.0,0.0,0.0,0.0,0.0,0.0,0.0,,0.0,,,26.7,5.272897521843381,24.833333333333332,28.566666666666666
W2_apt,L4_concurrent,30,0.005568202648206854,0.012850520718585525,0.001282051282051282,0.010323397166332404,0.04478632478632479,0.18285396491002828,0.0033333333333333335,0.11700854700854699,0.008519665176011926,0.0197573630971675,0.0017543859649122805,0.01573214080954019,0.001494927536231884,0.004287381798458778,0.00019047619047619048,0.003142370600414077,4.8,1.6431676725154984,3.6,6.0,25.0,5.3819622110694265,23.2,26.9
W2_apt,L4_takeover,30,0.0,0.0,0.0,0.0,0.0,0.0,0.0,0.0,0.0,0.0,0.0,0.0,0.0,0.0,0.0,0.0,,0.0,,,25.5,5.244044240850758,23.7,27.333333333333332
W2_apt,L5_concurrent,30,0.45393420828703585,0.10637455113081999,0.417571594397178,0.4924193462271404,0.6750991801506002,0.2318162223601472,0.596161346680379,0.7569624091471412,0.5253837960066341,0.10599195712399517,0.48721684811062693,0.5620829743862265,0.006494706138813987,0.011106104062116486,0.003022209270258723,0.01073867459087825,3.533333333333333,0.5862407022030629,3.3333333333333335,3.7333333333333334,26.666666666666668,6.629783027257057,24.366666666666667,29.0
W2_apt,L5_takeover,30,0.001282051282051282,0.007022084070579052,0.0,0.0038461538461538464,0.03333333333333333,0.18257418583505533,0.0,0.1,0.0024691358024691358,0.013524013765559655,0.0,0.007407407407407407,0.0001430615164520744,0.0007835801967169758,0.0,0.00042918454935622315,1.0,0.0,1.0,1.0,24.5,4.584456497700719,22.933333333333334,26.1
