workload,baseline,family,n_runs,precision_mean,precision_sd,precision_ci_lo,precision_ci_hi,recall_mean,recall_sd,recall_ci_lo,recall_ci_hi,f1_mean,f1_sd,f1_ci_lo,f1_ci_hi,fpr_mean,fpr_sd,fpr_ci_lo,fpr_ci_hi,specificity_mean,specificity_sd,specificity_ci_lo,specificity_ci_hi,balanced_accuracy_mean,balanced_accuracy_sd,balanced_accuracy_ci_lo,balanced_accuracy_ci_hi,roc_auc_mean,roc_auc_sd,roc_auc_ci_lo,roc_auc_ci_hi,pr_auc_mean,pr_auc_sd,pr_auc_ci_lo,pr_auc_ci_hi
W1_web,SICA (proposed),proposed,30,0.9064179679969155,0.11368620170669227,0.865686664578112,0.9447491605616607,0.35791931997041476,0.13683911877379273,0.3114210410743592,0.40696193384269785,0.49676530426740284,0.14138402154837598,0.4482302990482408,0.5470694794978398,0.008488805677134743,0.012968277447510454,0.004374337987466937,0.013410565711059662,0.9915111943228652,0.012968277447510456,0.9865894342889404,0.995625662012533,0.6747152571466402,0.06738711972546163,0.6518466086038646,0.6989511777323045,0.8835855161463602,0.04686291416340757,0.8664713781932369,0.8995492101204702,0.7419092664372509,0.09236666722517747,0.7081950744738457,0.7731903321721832
W1_web,pin_ip,pinning,30,0.4887954111276931,0.08031936461566509,0.46046129120555873,0.5168413837416537,0.7107327250758512,0.08999253061743494,0.6793902459166485,0.7415001464958957,0.5759888632983885,0.07456981069927422,0.5490279322589503,0.6011322042319673,0.15264648140145093,0.030339518032003573,0.14225511605498187,0.16347594295661486,0.8473535185985489,0.03033951803200358,0.8365240570433851,0.8577448839450182,0.7790431218372001,0.05213729173135941,0.7608284920475726,0.7968963610039367,,0.0,,,,0.0,,
W1_web,pin_ip_and_useragent,pinning,30,0.6117005842741137,0.12047234642917198,0.569656902737785,0.6540401383066825,0.38442155885988616,0.11091983896212139,0.3461608880468392,0.42299833370434226,0.4647798508297306,0.10573986702677174,0.4279253564111621,0.5006511457350236,0.05017457236462893,0.019434600789533338,0.043350713587895974,0.05696252149833757,0.949825427635371,0.019434600789533334,0.9430374785016624,0.956649286412104,0.6671234932476288,0.05681756017587506,0.6476045165480002,0.6870454922656744,,0.0,,,,0.0,,
W1_web,pin_ip_or_useragent,pinning,30,0.4756249945760744,0.07516153068786838,0.4491173623081363,0.501770071221212,0.8616133696730907,0.07374944460880166,0.835431098311895,0.8867500325440266,0.6101070319412496,0.0731692189377228,0.5837870129918104,0.6349266302715535,0.19574916334672432,0.0363876186738957,0.18321608414620794,0.2085373585020117,0.8042508366532757,0.0363876186738957,0.7914626414979884,0.816783915853792,0.8329321031631831,0.043665721193099985,0.8170857864419476,0.8476586412274526,,0.0,,,,0.0,,
W1_web,pin_prefix24,pinning,30,0.6068928651489898,0.10911105428527273,0.5673160604462554,0.6432484500316756,0.5513306849752088,0.08842011685394273,0.518912317256183,0.5804999787886665,0.5751032507519199,0.09166473379389418,0.541698200662675,0.6052613469367932,0.07424900648909165,0.02610753457585504,0.06573742141072517,0.08371841571687785,0.9257509935109082,0.026107534575855042,0.9162815842831221,0.9342625785892749,0.7385408392430587,0.05049381272719597,0.7201085344244422,0.7550129348497086,,0.0,,,,0.0,,
W1_web,pin_scope16,pinning,30,0.7129852092352091,0.10458301644701196,0.6764956559644059,0.7493607353294853,0.3668389594170654,0.08041869680073307,0.33786897989600573,0.3944987473252482,0.47932880883313383,0.08281107289820752,0.4494447376383934,0.5073311573178759,0.0304359861813263,0.014374268042497685,0.02567604507480222,0.0354922224284966,0.9695640138186736,0.014374268042497676,0.9645077775715032,0.9743239549251977,0.6682014866178697,0.03876249066320212,0.6542367635781989,0.6814283570816562,,0.0,,,,0.0,,
W1_web,pin_useragent,pinning,30,0.5415839872961625,0.09317037820884454,0.5089470692305681,0.5745568117915731,0.5353022034571256,0.11776051934148436,0.4927636178259529,0.5758067016334345,0.5325465241954623,0.09289241103194805,0.4992580263377786,0.5650283705834148,0.09327725430990227,0.027485414981130375,0.08369008729526632,0.10298443357159653,0.9067227456900978,0.027485414981130375,0.8970155664284036,0.9163099127047339,0.7210124745736117,0.059611933917982175,0.6999162191981843,0.741681692050929,,0.0,,,,0.0,,
W1_web,pin_useragent_core,pinning,30,1.0,0.0,1.0,1.0,0.4629615783087538,0.10863665901893939,0.424465410732072,0.5012293969255216,0.6255436828360864,0.10296988942877047,0.588675935165965,0.6611945905688302,0.0,0.0,0.0,0.0,1.0,0.0,1.0,1.0,0.7314807891543769,0.05431832950946968,0.712232705366036,0.7506146984627606,,0.0,,,,0.0,,
W1_web,score_burstiness,scored,30,0.03333333333333333,0.18257418583505533,0.0,0.1,0.0015151515151515152,0.008298826628866154,0.0,0.004545454545454545,0.0028985507246376816,0.01587601615957003,0.0,0.008695652173913045,0.0,0.0,0.0,0.0,1.0,0.0,1.0,1.0,0.5007575757575757,0.004149413314433072,0.5,0.5022727272727273,0.4988566432347632,0.0662089294482851,0.47541334356365766,0.5216722624574356,0.1765770388252733,0.03349679601765693,0.16441996748556686,0.18849070257046363
W1_web,score_distinct_bindings,scored,30,0.5,0.5085476277156078,0.3333333333333333,0.6666666666666666,0.03418528965172749,0.04419461776311845,0.01966825753843298,0.050418322577781005,0.06286300831430898,0.07870010411251208,0.03683878207898172,0.09155348238506132,0.0,0.0,0.0,0.0,1.0,0.0,1.0,1.0,0.5170926448258637,0.022097308881559218,0.5098341287692165,0.5252091612888906,0.8101885432543096,0.04711416626417641,0.7928000806468698,0.8261394411150818,0.5236715476549363,0.09804733985513217,0.4882669396662856,0.5572139988877345
W1_web,score_max_request_rate,scored,30,0.0,0.0,0.0,0.0,0.0,0.0,0.0,0.0,0.0,0.0,0.0,0.0,0.0,0.0,0.0,0.0,1.0,0.0,1.0,1.0,0.5,0.0,0.5,0.5,0.5523226795835363,0.06914586472371839,0.5270567779243307,0.5761920046340947,0.18951153728859776,0.04268770234652026,0.17421045607131108,0.20482458897535066
W2_apt,SICA (proposed),proposed,30,0.9201362948558958,0.05734940918529251,0.9003605434337633,0.9403198520766364,0.22908667020042625,0.05278999636226414,0.2105620740514942,0.24715981315049448,0.36226694903144746,0.06716147569027595,0.33867597704585756,0.3851230205689134,0.0056282962290520626,0.00409281723108631,0.004198366440885748,0.007027802302143064,0.994371703770948,0.00409281723108631,0.9929721976978569,0.9958016335591143,0.6117291869856871,0.024625369843979037,0.6031120212664792,0.6201615009740878,0.8510136498707588,0.010238445851458796,0.8475072958267011,0.8546771848357101,0.6666471993231504,0.022000462589246296,0.6589005886131092,0.6743433321629497
W2_apt,pin_ip,pinning,30,0.5270466535403311,0.024499835685542832,0.5181873206725544,0.5354608028315253,0.6954872613780151,0.029626136601629768,0.6848936144746309,0.7058988736324743,0.5992550653750891,0.021941699242838848,0.5914863117556856,0.6069874551572845,0.1504550216284696,0.01145657245040264,0.1464755163382199,0.15450640518971864,0.8495449783715304,0.011456572450402637,0.8454935948102814,0.85352448366178,0.7725161198747728,0.014406659033080747,0.7674861818273666,0.7776539813435719,,0.0,,,,0.0,,
W2_apt,pin_ip_and_useragent,pinning,30,0.6179661981270231,0.03995070343019087,0.603747947323986,0.6319733427910695,0.32676267114719576,0.027070859829403448,0.31710216414575293,0.3363181427427805,0.42674638512805785,0.027889356085418412,0.4167914850167218,0.43675552234914766,0.04884442092076206,0.007474126551418598,0.046232525426090514,0.05144308138350427,0.9511555790792379,0.007474126551418598,0.9485569186164958,0.9537674745739098,0.6389591251132168,0.013490936570560455,0.6341997935362595,0.6438306614482143,,0.0,,,,0.0,,
W2_apt,pin_ip_or_useragent,pinning,30,0.5078193115373102,0.01637820044079673,0.5018635213576228,0.5132965265321,0.8553440842123585,0.021802566731251125,0.8477667389059736,0.8628488920364941,0.6370056618335649,0.013626083722493092,0.6320880493832204,0.6417220004421406,0.19974308557953574,0.011198404795394322,0.1958242573109878,0.20375043479061997,0.8002569144204643,0.011198404795394336,0.79624956520938,0.8041757426890119,0.8278004993164115,0.010465124367201342,0.8242141536051679,0.831584460417427,,0.0,,,,0.0,,
W2_apt,pin_prefix24,pinning,30,0.6294485648744058,0.033734332904479775,0.61750546232705,0.6410540016816151,0.5226593286965454,0.024065572199024964,0.5144382881699836,0.5315221662528667,0.5704950061928572,0.02093221819497131,0.5631197687012719,0.5780071179522992,0.07436795462741322,0.009440206751626162,0.07110532057688183,0.0777086520159831,0.9256320453725869,0.009440206751626165,0.922291347984017,0.928894679423118,0.7241456870345663,0.011831049969847273,0.7201187912241492,0.7285684739794384,,0.0,,,,0.0,,
W2_apt,pin_scope16,pinning,30,0.737038659658998,0.04219592921570896,0.7223370824278762,0.75167079948175,0.34230881424879445,0.018025051864823644,0.3359167930194884,0.3483257188091212,0.466962601318816,0.019701738065409168,0.45997129591488806,0.47345893038564824,0.02962887370320637,0.0060006292860450595,0.027581928863889636,0.03170687654724429,0.9703711262967936,0.0060006292860450665,0.9682931234527558,0.9724180711361103,0.656339970272794,0.008998565393075109,0.6531547377586769,0.6593077673882668,,0.0,,,,0.0,,
W2_apt,pin_useragent,pinning,30,0.5440598600344967,0.02485787796029131,0.535429316741148,0.553115559273385,0.48661949398153925,0.036330943152892,0.4738768963783716,0.4999134734286391,0.5132323544465812,0.027866458258791017,0.5036547419220869,0.5233072189445244,0.09813248487182819,0.007742243324636629,0.09529571488683906,0.10084145158366614,0.901867515128172,0.007742243324636631,0.8991585484163339,0.9047042851131609,0.6942435045548556,0.01859428038262637,0.6878772148102719,0.7009900512233056,,0.0,,,,0.0,,
W2_apt,pin_useragent_core,pinning,30,1.0,0.0,1.0,1.0,0.21686706577166726,0.02741144993149744,0.20758587917442142,0.22663013062060025,0.3556374109736834,0.036650571340074746,0.3431380759294408,0.3686588827518652,0.0,0.0,0.0,0.0,1.0,0.0,1.0,1.0,0.6084335328858337,0.013705724965748714,0.6037929395872107,0.6133150653103001,,0.0,,,,0.0,,
W2_apt,score_burstiness,scored,30,0.08070975320975321,0.07115694839258781,0.05687561743811744,0.1057740268990269,0.0030678129234968346,0.0028215253823573555,0.0021205299597061374,0.004077886650006226,0.005907239638627197,0.005422006830136457,0.0040858788999498545,0.00784664907705592,0.008286998316597545,0.001255758720775961,0.007857833903951486,0.00873259156723327,0.9917130016834025,0.0012557587207759555,0.9912674084327667,0.9921421660960483,0.4973904073034497,0.0016789366191477134,0.496824342194513,0.49798907508128853,0.4637907947266501,0.012424947254451767,0.45956700160419967,0.4681465329722184,0.1719034303966976,0.00785908214652657,0.16930239487479737,0.17479495242274487
W2_apt,score_distinct_bindings,scored,30,1.0,0.0,1.0,1.0,0.026971667590224617,0.009761836677316537,0.02360418852175557,0.030540066084874726,0.052357308188137434,0.01842564041704098,0.04597737361053563,0.05909509778770253,0.0,0.0,0.0,0.0,1.0,0.0,1.0,1.0,0.5134858337951124,0.004880918338658263,0.5118020942608779,0.5152700330424373,0.764750487967364,0.011243940275534792,0.7609601895777313,0.7688758350304639,0.4847317245765984,0.023764057302390788,0.4763122855623943,0.4930950736652104
W2_apt,score_max_request_rate,scored,30,0.0,0.0,0.0,0.0,0.0,0.0,0.0,0.0,0.0,0.0,0.0,0.0,0.0,0.0,0.0,0.0,1.0,0.0,1.0,1.0,0.5,0.0,0.5,0.5,0.5067183437986412,0.013452655138825514,0.5021216564309375,0.5114304559470114,0.19227949858450713,0.007941222473217203,0.18952638382617815,0.19504544335901522
