workload,family,variant,n_runs,precision_mean,precision_sd,precision_ci_lo,precision_ci_hi,recall_mean,recall_sd,recall_ci_lo,recall_ci_hi,f1_mean,f1_sd,f1_ci_lo,f1_ci_hi,fpr_mean,fpr_sd,fpr_ci_lo,fpr_ci_hi,balanced_accuracy_mean,balanced_accuracy_sd,balanced_accuracy_ci_lo,balanced_accuracy_ci_hi,roc_auc_mean,roc_auc_sd,roc_auc_ci_lo,roc_auc_ci_hi,pr_auc_mean,pr_auc_sd,pr_auc_ci_lo,pr_auc_ci_hi
W1_web,design,accumulator,20,0.6784126984126984,0.4043101644787011,0.49722222222222223,0.8428571428571429,0.10512122629256496,0.0887056353502225,0.06840567446077313,0.14425181315924304,0.1746653513200828,0.13677982029769076,0.11748777140733666,0.23441845760212127,0.004728114322772416,0.007849536383948866,0.0014716981132075473,0.008170788752101909,0.5501965559848963,0.04314948194409037,0.5322396436990305,0.5693710360769365,0.88008483526094,0.03975879692726681,0.8628139700556323,0.8970340371544034,0.6780814512969029,0.09894939148394977,0.6364502883428609,0.7206804666874032
W1_web,design,no_migration,20,0.8925577200577202,0.14869372177416576,0.8259914321789323,0.9507142857142858,0.2874389968837741,0.1403263102818014,0.2288303179038734,0.34744032204565245,0.41691533286346366,0.16388482901269458,0.3471849814157236,0.4860916063739902,0.0076097914748644675,0.010727319518937403,0.0033845209430808766,0.01248425711927275,0.6399146027044547,0.06906128535011746,0.610989193875875,0.6695110232070317,0.8856757046930619,0.03988907512629473,0.8682228066676186,0.9025017591290885,0.734587427772453,0.0910045995281185,0.6938037300190036,0.7715760795526072
W1_web,leave_one_out,minus_V1_agent_mutation,20,0.5307142857142857,0.43691809544438126,0.3464285714285714,0.7157142857142857,0.10697184297059785,0.09981383433525116,0.06667331880692781,0.15010841148053425,0.17259206233805774,0.15349820315829754,0.10977932850901959,0.23802942263068116,0.006144221693651112,0.010540654912237863,0.002285829665155045,0.011036265198759705,0.5504138106384734,0.04806749202602505,0.5310659999475954,0.5711330021509794,0.8309631635617958,0.041975585119652166,0.8123650003495582,0.8478105009041074,0.5657347108041255,0.0844993152210091,0.5298477608246833,0.6012082213184712
W1_web,leave_one_out,minus_V2_scope_discontinuity,20,1.0,0.0,1.0,1.0,0.4749171434181698,0.10830474189670344,0.42778310859558666,0.5207798730369803,0.6368463737305496,0.10285410586123593,0.5909794718162418,0.6795308423929199,0.0,0.0,0.0,0.0,0.7374585717090849,0.05415237094835172,0.7138915542977934,0.7603899365184902,0.8073407071310147,0.04415863645477797,0.7879709863698614,0.8259450222450773,0.6757491815385747,0.07242174811231583,0.644493552788283,0.7063430809406209
W1_web,leave_one_out,minus_V3_binding_fork,20,0.9518827496033377,0.07251659173341499,0.919631555944056,0.9810576923076922,0.4225380136389189,0.10964690670638144,0.378031547225916,0.4707334777010878,0.5780362370503767,0.1046347414609309,0.5345943931783519,0.622846891459429,0.004810469550531833,0.007362312860144996,0.0018961995377089716,0.008187102351692935,0.7088637720441936,0.05525577571878647,0.6865312540116003,0.7331183381731716,0.8861174521024191,0.03920716588641214,0.8689909975728433,0.9029159150655447,0.756718223526865,0.07514497140916566,0.7243795545677673,0.7884246717399732
W1_web,reference,full,20,0.9341416040100251,0.1001585525556419,0.8897487468671681,0.9732166353383459,0.3485790445109499,0.14792027798175764,0.28868701042950184,0.41398188852951434,0.4902835037017426,0.15325021290372456,0.42737463699701245,0.557472548976682,0.005144221693651113,0.007734990835720234,0.002260809969667646,0.008494311594887269,0.6717174114086494,0.07327560977328029,0.6419478693549922,0.7040629159592837,0.8887996362827698,0.03903856353875574,0.8718558230827672,0.9055427554948777,0.7546283577077986,0.07785319032880457,0.7210305292585089,0.7873523467361758
W1_web,restored,plus_V4_transition_velocity,20,0.9369642857142857,0.11226643614760666,0.8860714285714286,0.9800000000000001,0.2171704225595227,0.0897876112286809,0.18044826502093797,0.2575159422726714,0.34313723362734516,0.11563021955146698,0.2953618896403378,0.39433068145945926,0.003260106841250829,0.0054208622134409145,0.0009998762376237625,0.0056162661495715825,0.6069551578591359,0.04457078784986227,0.5887736236940911,0.6271214590018342,0.8857364122022007,0.039764058336916,0.8685803208185311,0.9028183632676132,0.7319901156680807,0.0811170442429354,0.6974530146373957,0.7665739831188073
W1_web,restored,plus_V5_rate_discontinuity,20,0.8334920634920635,0.313501591386782,0.6888789682539682,0.9503174603174603,0.2531165109892226,0.18210426049024708,0.17663106858260605,0.3322120186026364,0.36453451288073124,0.23115329840405052,0.26511782242640775,0.4633908612776674,0.0037230698042137918,0.006286459126701539,0.0013684038020321206,0.00650967235977683,0.6246967205925045,0.09008978498846859,0.5867104765116713,0.6638468821049244,0.8676770625560846,0.03832379159186787,0.8510659730141475,0.8836088061973196,0.7320000154005838,0.08047330050204815,0.6973395512055035,0.7658720961881249
W1_web,restored,plus_V6_navigation_break,20,0.9160775335775335,0.11565030190189753,0.8634070512820513,0.9629426129426129,0.3448085760620927,0.15099897509996638,0.28369823274963984,0.41082726882367604,0.4806820284401683,0.15439972933048182,0.4177645157418057,0.5476168837988749,0.008090728451694135,0.011906480175062949,0.0032823768020416736,0.013567166716762065,0.6683589238051993,0.07364324674361299,0.638767594015002,0.7007659352298431,0.9022822126211457,0.03613106069667682,0.8862974441583232,0.9169503580633293,0.771502717544835,0.07003259525884227,0.7407813903964658,0.800845354383875
W1_web,restored,plus_all_rejected,20,0.7823015873015874,0.35716653592719194,0.6206329365079365,0.9206349206349207,0.17990997731186517,0.13411349202258852,0.12407868515209049,0.23895591034156533,0.2790087560062205,0.18711673793588726,0.19906677592841385,0.36041743641847585,0.004207629235915648,0.006427001653829107,0.0018020943733373707,0.0070598786869544424,0.5878511740379748,0.06709272784257918,0.5597328309826597,0.6174766919765671,0.8857784138162644,0.03661091921941271,0.8700636453845257,0.9009449756634748,0.7311187145747071,0.07096679190614108,0.7006389279742454,0.7611880011555829
W1_web,single,only_V1_agent_mutation,20,1.0,0.0,1.0,1.0,0.46893770618873265,0.11195647459287722,0.4205378646569924,0.5163201537384595,0.630765893151221,0.10687212503313648,0.5833191557763682,0.6752351114784798,0.0,0.0,0.0,0.0,0.7344688530943663,0.055978237296438596,0.7102689323284961,0.7581600768692297,0.7338225289548125,0.06382753486646907,0.7069080248432428,0.7611981008900914,0.5816216693484967,0.09590355270490898,0.540347270213071,0.6221450800733056
W1_web,single,only_V2_scope_discontinuity,20,0.0,0.0,0.0,0.0,0.0,0.0,0.0,0.0,0.0,0.0,0.0,0.0,0.0,0.0,0.0,0.0,0.5,0.0,0.5,0.5,0.8106092113124941,0.04456959263213004,0.7919417136317235,0.8296137755929714,0.5304032713020967,0.08409881526417722,0.4950163648428237,0.5659419881274741
W1_web,single,only_V3_binding_fork,20,0.0,0.0,0.0,0.0,0.0,0.0,0.0,0.0,0.0,0.0,0.0,0.0,0.0,0.0,0.0,0.0,0.5,0.0,0.5,0.5,0.637912180963556,0.041309829461580766,0.6202365604549993,0.6553242001652313,0.32873836079511043,0.08397999958694133,0.2937674322928484,0.3643775825343059
W1_web,single,only_V4_transition_velocity,20,0.26666666666666666,0.3951459867912023,0.10833333333333332,0.4416666666666666,0.03920943663506592,0.07147052460085207,0.012242562929061784,0.073396194290073,0.06658961626608685,0.11764222249639571,0.02181064425770308,0.1225131045425163,0.0032603559731084046,0.004561064608536809,0.0013933766725007853,0.005160811276632991,0.5179745403309788,0.03574932383788507,0.5045128314716061,0.5353755340251954,0.6775568574639463,0.03612683805772465,0.6620238544566566,0.6924175301446851,0.4147191628712809,0.08921657730590264,0.37678035078277916,0.45280422058020603
W1_web,single,only_V5_rate_discontinuity,20,0.0,0.0,0.0,0.0,0.0,0.0,0.0,0.0,0.0,0.0,0.0,0.0,0.0,0.0,0.0,0.0,0.5,0.0,0.5,0.5,0.5377697268990953,0.08012838432454661,0.5036236425878211,0.5720913566146932,0.19467659757072614,0.044400702494687964,0.17549028185557114,0.21343878532037364
W1_web,single,only_V6_navigation_break,20,0.0,0.0,0.0,0.0,0.0,0.0,0.0,0.0,0.0,0.0,0.0,0.0,0.0,0.0,0.0,0.0,0.5,0.0,0.5,0.5,0.6310246658216092,0.04853520667990016,0.6096405347861414,0.6509007302408187,0.2272952419355269,0.050042789158149456,0.20651022639146524,0.24911640761518875
W1_web,weighting,equal_weights,20,0.8798809523809524,0.23101363351297102,0.7689246031746032,0.958455357142857,0.2925242535734358,0.16795519844031592,0.22031488341524727,0.36338978705158864,0.4146927190340648,0.20305964271349147,0.3245025661657091,0.49894744450207057,0.006144221693651112,0.010540654912237863,0.002285829665155045,0.011036265198759705,0.6431900159398923,0.08145598465475373,0.6079261046707041,0.6773634270323737,0.885542571856211,0.03926412973340401,0.8685012497583805,0.9023493376990525,0.7253418373826453,0.08591935240655851,0.6884147108923789,0.7618106398459848
W2_apt,design,accumulator,20,0.6882950470142122,0.07551562522869078,0.6559201873514017,0.7199594487743206,0.0807354939503703,0.02970923214830701,0.0682178138190747,0.09365979333806666,0.14273653892688462,0.047851210832631975,0.1224927787283416,0.1632789506503041,0.008879447701631547,0.004119196494535603,0.007199395620468587,0.010721465142987949,0.5359280231243693,0.013473745752056312,0.5302873160977697,0.5417763207866323,0.8412710065842719,0.009721488730647557,0.8371705369315733,0.845424639290463,0.5726597209844131,0.027110185498626486,0.5614528741620771,0.5842075772797966
W2_apt,design,no_migration,20,0.8381147735051379,0.10579418117411753,0.7933408830945504,0.883341006972264,0.12684813981424992,0.03731343091555359,0.11088719079308483,0.14301329377353117,0.2183399097062187,0.05710342460056092,0.1936759794921972,0.2430175137143529,0.005980311535707288,0.003628919084256128,0.0044026456061179685,0.007481709992110082,0.5604339141392712,0.01831308885302895,0.5525228137372891,0.5683340911430604,0.8437717044716395,0.009979103932436525,0.8395832411498144,0.8480417926148941,0.6200441351779912,0.029535439119234362,0.6074100614019603,0.6324292862879171
W2_apt,leave_one_out,minus_V1_agent_mutation,20,0.6065335379411578,0.36133511460090806,0.4432843484904313,0.7508469534070675,0.10969504232285168,0.06660493825002814,0.0799660647106374,0.13669933833245565,0.18553198288764974,0.11200928375303451,0.13543170502174093,0.23078851151172364,0.006178680612405382,0.0040839146288428945,0.004408242949823322,0.007887919428361324,0.5517581808552231,0.03152224007934914,0.537717152990745,0.5645222507664297,0.8201554481360332,0.010397382834898466,0.8157190053020447,0.8246262954857672,0.5549335392472428,0.028453680795414337,0.5433939189920534,0.5675485265925461
W2_apt,leave_one_out,minus_V2_scope_discontinuity,20,1.0,0.0,1.0,1.0,0.28024524807081586,0.03218644179832022,0.2669401575457544,0.2942506894570597,0.4368667222039287,0.039064409233461495,0.42066043610348886,0.45386560631102196,0.0,0.0,0.0,0.0,0.6401226240354079,0.016093220899160102,0.6334700787728772,0.6471253447285299,0.748906708585898,0.01410196362269875,0.7429306367611639,0.7550341973774796,0.5597298107468831,0.02322446629356595,0.5498193627159627,0.5696585013957514
W2_apt,leave_one_out,minus_V3_binding_fork,20,0.9191110226599208,0.1005990829801846,0.875621006881125,0.9602872121287027,0.15886101403676572,0.026551027234713663,0.14737601512475357,0.17027855551035836,0.268603846814548,0.03503324922079625,0.25325200672859516,0.28343094060396906,0.004438408600774794,0.005814336377600077,0.00207742217034396,0.006974220300578121,0.5772113027179955,0.011160989001669947,0.5723456914182905,0.5819563341780488,0.8441208120589397,0.009855064993902115,0.8401195613964914,0.848502368614612,0.6454869623794818,0.02602524058668225,0.6345217040248871,0.6567675535600008
W2_apt,reference,full,20,0.9124475780939383,0.05728426775270147,0.8883737804009869,0.9374427513090177,0.23440284901513442,0.05173786529319295,0.21132501588947344,0.2554104867209037,0.36869104346875414,0.06573272503594448,0.3394195577007372,0.3952432641867739,0.006178680612405382,0.0040839146288428945,0.004408242949823322,0.007887919428361324,0.6141120842013645,0.02415500822740678,0.603452722199906,0.6239079216769579,0.850015814971792,0.00983028516477315,0.8459072870006327,0.8542734729086434,0.6661406862111888,0.023360255355990643,0.656271759429744,0.6760389923634055
W2_apt,restored,plus_V4_transition_velocity,20,0.821880033844508,0.054327111578000103,0.8002891770618051,0.8462891129690064,0.17766037849911953,0.03701977844879684,0.16133335763586282,0.19300253138206674,0.29015898879300234,0.051765561783242334,0.2671582801457257,0.31176684152185036,0.00943293535644743,0.003438000771876354,0.007925957809881022,0.010839023529544585,0.584113721571336,0.017742236924269485,0.5762731562194616,0.5915752780752364,0.8496051046819939,0.009708431709367455,0.8455855927738618,0.853822543023705,0.6504479411875435,0.02549598420779928,0.640119375613747,0.6615474143534786
W2_apt,restored,plus_V5_rate_discontinuity,20,0.875907406648538,0.04284173051629349,0.857712261715081,0.8941967974974881,0.2445752169214014,0.04646721745892939,0.22443077645223994,0.2639669207160347,0.37989537444181354,0.05809849254128947,0.35460171509446076,0.40397409538644125,0.008441651446579471,0.0033469630100131536,0.007055049932029671,0.009895008351634302,0.618066782737411,0.02246727596743823,0.6083844462793361,0.627386700353413,0.8006269067616849,0.012281569415318829,0.7954691510407894,0.8058951850536382,0.6149238015063541,0.027401069089435674,0.6033960048508409,0.6266722322989744
W2_apt,restored,plus_V6_navigation_break,20,0.9124475780939383,0.05728426775270147,0.8883737804009869,0.9374427513090177,0.23440284901513442,0.05173786529319295,0.21132501588947344,0.2554104867209037,0.36869104346875414,0.06573272503594448,0.3394195577007372,0.3952432641867739,0.006178680612405382,0.0040839146288428945,0.004408242949823322,0.007887919428361324,0.6141120842013645,0.02415500822740678,0.603452722199906,0.6239079216769579,0.850015814971792,0.00983028516477315,0.8459072870006327,0.8542734729086434,0.6661406862111888,0.023360255355990643,0.656271759429744,0.6760389923634055
W2_apt,restored,plus_all_rejected,20,0.8127424408208457,0.044938191871089474,0.7946082712127067,0.8329161900751307,0.17353269739690708,0.03249643031742413,0.15929642347715817,0.18681026258998637,0.2842760921447776,0.04471120666713836,0.26448467016982996,0.3023809549614302,0.009833856049074694,0.003245080657587151,0.008423408830272932,0.011200346304142482,0.5818494206739162,0.015178215257189992,0.5752244944857984,0.5880906205026949,0.8013995279950654,0.012496477387567114,0.796168844805299,0.8066901607206983,0.6029487070647,0.029703223272496672,0.5910366583663124,0.6158689446835789
W2_apt,single,only_V1_agent_mutation,20,1.0,0.0,1.0,1.0,0.21656101838638836,0.03176101819515657,0.20358183646495231,0.23095992762893341,0.3549706815128272,0.04239425862216526,0.33750634470814184,0.3740819580088771,0.0,0.0,0.0,0.0,0.6082805091931942,0.015880509097578283,0.6017909182324762,0.6154799638144668,0.6550941518098179,0.01724667416815656,0.6479605967540382,0.6626709344026692,0.4183491280007795,0.02713602691649064,0.40699622368422317,0.4304565849115649
W2_apt,single,only_V2_scope_discontinuity,20,0.0,0.0,0.0,0.0,0.0,0.0,0.0,0.0,0.0,0.0,0.0,0.0,0.0,0.0,0.0,0.0,0.5,0.0,0.5,0.5,0.7908040689219719,0.0153351001319639,0.7842106114986973,0.7973084307776384,0.5169832015467939,0.03153301409679692,0.5035846298370128,0.5302744669673246
W2_apt,single,only_V3_binding_fork,20,0.0,0.0,0.0,0.0,0.0,0.0,0.0,0.0,0.0,0.0,0.0,0.0,0.0,0.0,0.0,0.0,0.5,0.0,0.5,0.5,0.6643797887260354,0.011067812463266782,0.6596739135517291,0.6691923658489811,0.371452292338233,0.022700310282686934,0.362248317054674,0.38155841776033306
W2_apt,single,only_V4_transition_velocity,20,0.23199577374627417,0.25477560052348464,0.12892346335697402,0.3473861658073538,0.024997901874731852,0.040015981893944,0.010194253526131595,0.04329974313080759,0.04396605562444692,0.06950889784693193,0.018184971543633712,0.07565781779284383,0.007324371889972904,0.004067091585480228,0.005654958658479131,0.00917809383470631,0.5088367649923795,0.018432444870137232,0.5018386058066295,0.5172639807393719,0.6577839623077337,0.009143463355163596,0.6535817415571097,0.6614151918473532,0.37748945371564024,0.02591025533935989,0.3671258638552673,0.38923829778802865
W2_apt,single,only_V5_rate_discontinuity,20,0.0,0.0,0.0,0.0,0.0,0.0,0.0,0.0,0.0,0.0,0.0,0.0,0.0,0.0,0.0,0.0,0.5,0.0,0.5,0.5,0.4945651067081756,0.013625414155105842,0.48884755905844346,0.500447658396621,0.19031013220131282,0.008092071525482468,0.18684200715548094,0.19372673064803025
W2_apt,weighting,equal_weights,20,0.9124475780939383,0.05728426775270147,0.8883737804009869,0.9374427513090177,0.21622125909867043,0.08305527262723437,0.17917316617230902,0.24938317932113527,0.3394055026204167,0.11650124205091869,0.2872268429637165,0.3855766947810667,0.006178680612405382,0.0040839146288428945,0.004408242949823322,0.007887919428361324,0.6050212892431326,0.03974521274355362,0.5871920572850846,0.6208711941183774,0.8482690470662307,0.009754659075907758,0.8441770171112152,0.8524841339920369,0.6480466504712153,0.024311283609569124,0.6379583052681549,0.6584195276067852
