workload,detector,monotone_rate,n_runs,precision_mean,precision_sd,precision_ci_lo,precision_ci_hi,recall_mean,recall_sd,recall_ci_lo,recall_ci_hi,f1_mean,f1_sd,f1_ci_lo,f1_ci_hi,fpr_mean,fpr_sd,fpr_ci_lo,fpr_ci_hi,roc_auc_mean,roc_auc_sd,roc_auc_ci_lo,roc_auc_ci_hi
W1_web,SICA (proposed),0.0,20,0.9123318348318348,0.11670115104987128,0.8597320596070597,0.958405094905095,0.3849047192742845,0.13127584958427824,0.32731658116440726,0.4413713268213268,0.5276322138119969,0.13546501051723678,0.4666512234857445,0.5839332172417719,0.008570022177695851,0.012340027729693127,0.0037990293106216736,0.014292910898626197,0.9040080128022195,0.03365223042697268,0.8891997956614217,0.9178440395307805
W1_web,SICA (proposed),0.01,20,0.9301050420168065,0.10413498484355728,0.8826050420168066,0.9714285714285715,0.393593601514378,0.14479993827944296,0.3317809597261261,0.45572153536213944,0.5368689238935476,0.1428051852793482,0.4730735825515237,0.5969330865213216,0.0071341361502433144,0.011474731210640176,0.0028293389328004318,0.012374839620779378,0.8972217597416229,0.03371204937964562,0.8827993818360514,0.9115251365861016
W1_web,SICA (proposed),0.02,20,0.9430613912231559,0.07664856638387305,0.9094474498132588,0.9741666666666667,0.39030074635509415,0.15518826100207916,0.3243321873778396,0.4559663511307533,0.5308764463202424,0.154425941701983,0.46405979831275374,0.5943351689719882,0.006665559939479622,0.010192473958147796,0.0028395980966074426,0.011326084449040057,0.8908745750443805,0.04603114673183753,0.8707236070771605,0.9102894238323364
W1_web,SICA (proposed),0.05,20,0.9558531746031746,0.08250843616441171,0.9174603174603175,0.9875,0.34082048751929606,0.1325751049681792,0.285499144752451,0.39767005289310814,0.48636048430329754,0.13960542080060823,0.4252224806303616,0.5443844659111645,0.004823163018316246,0.010192383748145276,0.0009615384615384616,0.00967140571687973,0.8880991189059604,0.04490913785832354,0.868130116363132,0.9067512639622758
W1_web,SICA (proposed),0.1,20,0.9278733766233767,0.11663996122320187,0.8753564664502165,0.9732142857142858,0.3583963482041801,0.1139763394262529,0.31168287222596247,0.4068474693842857,0.5074710785982915,0.1220042200656621,0.4570444258116147,0.5582914926266908,0.006774742624682512,0.010568180447368567,0.00252412736939436,0.011546467227823414,0.8858070303898066,0.048724508971310816,0.863315673870746,0.905265634806685
W1_web,SICA (proposed),0.2,20,0.9253403540903541,0.08718601241716081,0.8864942002442003,0.9613553113553113,0.3721548966649081,0.11902350529969445,0.32354837526101116,0.42546044979392367,0.519114565098058,0.11747182276989183,0.4706060385173431,0.5712111823078121,0.0077414128754866845,0.009251866276396865,0.0038920218202408846,0.011795470535433707,0.8721156207438341,0.0488631344073569,0.8512751696680212,0.8928822628012673
W1_web,SICA (proposed),0.35,20,0.9823076923076923,0.05496806921135819,0.9546153846153846,1.0,0.3198207478794509,0.10242640289090409,0.27998541510407604,0.36704613385832935,0.4737444933969625,0.10895877678485405,0.42984057473580756,0.5227610217739855,0.0019801980198019802,0.006094920903476163,0.0,0.0049504950495049506,0.8506553461016232,0.058138496670358225,0.826165630097522,0.876740866670181
W1_web,pin_ip,0.0,20,0.7696999267574709,0.07722789140611137,0.7364438111502198,0.8023660023442379,0.6914604855691813,0.09626271148787097,0.6496159599056337,0.7312763977568324,0.7237433765624777,0.06717483837915908,0.6940445052739156,0.7514291444114466,0.04600933552212566,0.019303260350309197,0.03835931055387646,0.05483719272921914,,0.0,,
W1_web,pin_ip,0.01,20,0.744953980717525,0.08404208394135869,0.7089071103592021,0.7812166962127334,0.6666622008281836,0.10861240473164689,0.6208218494359191,0.7131117127887763,0.6974860430125893,0.07335835292616269,0.6658136265131155,0.7285328010137009,0.05084521821708817,0.01946376026594557,0.04284169323961753,0.059543009319655914,,0.0,,
W1_web,pin_ip,0.02,20,0.7224009744387319,0.09247178104236246,0.6831790790381752,0.7627873054259495,0.6688605090561612,0.09228893545841697,0.6276029079616037,0.7067780288552027,0.6896598207039242,0.07159384999945878,0.657525145191701,0.7192803493316109,0.05692122220200964,0.019879510130639037,0.048297485863268035,0.06517970810755837,,0.0,,
W1_web,pin_ip,0.05,20,0.6451915076745444,0.12131206292812897,0.5913516115221552,0.6944292985688145,0.6846662139526891,0.12383498204355864,0.6298668511828922,0.7363487946938687,0.6600977076973594,0.10984588009100922,0.6112951372071439,0.703900401878937,0.08329973066477495,0.02767930637357688,0.07173749171229607,0.09533853385445729,,0.0,,
W1_web,pin_ip,0.1,20,0.5553567057902651,0.0993340085539828,0.5127172232008523,0.5971628400937519,0.687919250858802,0.10162960054715584,0.6438068372433188,0.7302602814500028,0.6073884208748725,0.07579487952230297,0.5740098475644606,0.6391542188783179,0.1186552748356359,0.0331688104207286,0.10483647494550245,0.13303016864071268,,0.0,,
W1_web,pin_ip,0.2,20,0.4567529917835915,0.06214475897197649,0.42954835150229886,0.4828081416577439,0.6895715034393524,0.10884665642467432,0.642617006725159,0.7353283583010557,0.5452432097183725,0.06623012917266255,0.5165369365806469,0.573125932342694,0.18432781990804353,0.04196159646983471,0.1671365990653439,0.20272103021436821,,0.0,,
W1_web,pin_ip,0.35,20,0.35536814105021314,0.06363929977766708,0.32784656312613164,0.3819145931047375,0.7123922997394984,0.09048285825044121,0.674821451247761,0.7528839864847859,0.4713051113736819,0.06750867610414983,0.44192501262104333,0.4995441628345986,0.29081158497389276,0.036907580673233895,0.27443632034295445,0.30577597641067067,,0.0,,
W1_web,pin_ip_and_useragent,0.0,20,1.0,0.0,1.0,1.0,0.34430096956183914,0.12095756780765995,0.29528364103690186,0.39852158696778256,0.5013056743964879,0.1285769007195249,0.44826622251889087,0.558333903993356,0.0,0.0,0.0,0.0,,0.0,,
W1_web,pin_ip_and_useragent,0.01,20,0.9723809523809525,0.07403917704458116,0.9354761904761905,1.0,0.31575694143671335,0.09811999730527185,0.2740221165467969,0.3567907236578576,0.4682437251451771,0.11505524454401084,0.41770860016293043,0.5153601110748082,0.0018476838752496817,0.0048203026663378385,0.0,0.004149835980196951,,0.0,,
W1_web,pin_ip_and_useragent,0.02,20,0.9084866522366521,0.08294424302865212,0.872562545093795,0.9428174603174604,0.34986278214539085,0.1060745828455128,0.3044590472932864,0.39460589682057073,0.49522281097021004,0.11622084281598226,0.4440114333350895,0.5432188708589243,0.008126645207405855,0.007680355337778114,0.004901493215736631,0.011466544223820799,,0.0,,
W1_web,pin_ip_and_useragent,0.05,20,0.806754773004773,0.13730313565147748,0.7458849657287158,0.8640506333943836,0.3475453220578487,0.09770328461537277,0.30387851927508425,0.38710972840439317,0.4763936495321178,0.11403126431612251,0.42512492335184704,0.5219228457681971,0.019088921180560638,0.013026184415625364,0.013489559190451457,0.024805465796262527,,0.0,,
W1_web,pin_ip_and_useragent,0.1,20,0.6993794971368501,0.11905994364013882,0.6469558507260714,0.7494856222209164,0.36011618450651045,0.0977723031669708,0.3194171445077493,0.40345088223234093,0.4680072693642397,0.09631606498063551,0.42670728829504884,0.5100314235626872,0.03229295070765751,0.01357761477443283,0.02674164082113879,0.03832308437990074,,0.0,,
W1_web,pin_ip_and_useragent,0.2,20,0.5704478691243396,0.14285641487355571,0.5102228643497025,0.6308387931512931,0.37615503262099376,0.09690108145013127,0.3345638550207844,0.4171650117622228,0.44637744485872116,0.09939408756924345,0.40388225799290645,0.48779580860795674,0.06659417576036814,0.02965647912920371,0.054231182987177134,0.07904087960094723,,0.0,,
W1_web,pin_ip_and_useragent,0.35,20,0.4458436544834445,0.09153146515255814,0.40763511592279933,0.4857291329346383,0.3822143347577024,0.09077206508354532,0.3431397074972959,0.4209133733565365,0.40590112362788283,0.0748788451167805,0.3728007569500745,0.4369884494981488,0.10718525474486718,0.02607386672675193,0.09552079678063516,0.11775474291292776,,0.0,,
W1_web,pin_ip_or_useragent,0.0,20,0.8041952318993815,0.06892187062801401,0.7742666255546573,0.8333103682762829,0.8480995309038788,0.05884392437626991,0.8236964023597174,0.8732789371558393,0.8229580224667146,0.04435854187055518,0.8037780875119312,0.8413594326776879,0.04600933552212566,0.019303260350309197,0.03835931055387646,0.05483719272921914,,0.0,,
W1_web,pin_ip_or_useragent,0.01,20,0.7775304636400026,0.07692996521532239,0.7438292787335796,0.8106132892803549,0.8377055743215491,0.06839210005205996,0.8087959759287986,0.866721336333096,0.8027842974445154,0.047647852618445195,0.7820922563682696,0.8238623096063203,0.05372677301108285,0.02091415584677727,0.044929355575924,0.06295433180741217,,0.0,,
W1_web,pin_ip_or_useragent,0.02,20,0.743470849531944,0.07626732500488091,0.7107846485816782,0.776833417420702,0.8259903104142234,0.08011248987745122,0.7911892979303307,0.8597430698830156,0.779811625350596,0.06154126516871925,0.7528785701845917,0.8060998324678925,0.06273941994611507,0.020011041398127382,0.054159371267958306,0.07130355926379738,,0.0,,
W1_web,pin_ip_or_useragent,0.05,20,0.6526629997736783,0.09021066572206163,0.6140624343573454,0.6901845372858303,0.8309832374796471,0.07666991289087047,0.7976596489767542,0.86339247558576,0.7279814470118441,0.07307282799684979,0.6961145739380507,0.757637017643346,0.09879026962880867,0.02668121835209595,0.08756989687800121,0.10999236585505658,,0.0,,
W1_web,pin_ip_or_useragent,0.1,20,0.5563691889391861,0.09583845551922758,0.5151330026459328,0.5966463955285704,0.8526574081597567,0.08998637455386414,0.811779360677265,0.8886405459231698,0.6671895951629028,0.07680572843906229,0.6332357960033466,0.6989570953250093,0.14628928346717202,0.03696736791976148,0.13055812977860343,0.16228249330941533,,0.0,,
W1_web,pin_ip_or_useragent,0.2,20,0.4427966809369729,0.0656042546509791,0.4146328739898967,0.4702774395560949,0.8500843609098758,0.07791109241303931,0.8169838965985705,0.8830178699748636,0.5790666070488025,0.06323996509746738,0.5520909295349263,0.6059055596594045,0.24154915033963306,0.04910125771006935,0.22144744172450054,0.2625792835023441,,0.0,,
W1_web,pin_ip_or_useragent,0.35,20,0.33883393984547705,0.05259471381229731,0.3158623698751175,0.3601612994867217,0.880324705166829,0.07314831922439788,0.8482001057875836,0.9115148535155061,0.48658754327281556,0.057877082340807726,0.46098682340836844,0.5098809472725868,0.38734528294318327,0.04943308799517971,0.36549776183656657,0.40824668402595393,,0.0,,
W1_web,pin_prefix24,0.0,20,0.8422088760053157,0.10091648282868448,0.7989997389736166,0.8847394680482915,0.5064965505508984,0.08206801823864555,0.47151351517846096,0.5426085650460649,0.6277421463499474,0.0720026033898996,0.5964472980190185,0.6586753877401063,0.021525923560899135,0.014727536342822575,0.015458485399194201,0.02793655019779309,,0.0,,
W1_web,pin_prefix24,0.01,20,0.8104792575845206,0.12068476685063545,0.7579815184815185,0.8597100750127066,0.46525140857721936,0.10783444326913931,0.4204325940567626,0.5122502896191545,0.5846013562499688,0.09969260827353861,0.5414419656190573,0.6261096213656232,0.023888908917276665,0.015006192668882696,0.017840984195520368,0.030345535877193998,,0.0,,
W1_web,pin_prefix24,0.02,20,0.8078091597944539,0.11300775947420784,0.7590348303657127,0.8545035207847709,0.4948590648481952,0.11523426526442342,0.44512453008947583,0.5441449075381141,0.6051056990145944,0.09999302979384944,0.5609742351466477,0.647026368026119,0.02621420690205719,0.016343368104020806,0.01954824481293418,0.03315588151082879,,0.0,,
W1_web,pin_prefix24,0.05,20,0.7349804993767843,0.12467766603945932,0.6800265025866807,0.7859722191508182,0.5260787623580174,0.10956768877980544,0.4779292658844023,0.5707677848817674,0.6096495174433734,0.10971629310007214,0.560475521530702,0.6531952084272206,0.04123507611586365,0.017597486606492345,0.0338064296348914,0.04878719741082849,,0.0,,
W1_web,pin_prefix24,0.1,20,0.6550176250621297,0.11099154188199489,0.6052102354881961,0.7012327758026288,0.5093088116964916,0.10852116237362659,0.4613399556560617,0.5553375385813198,0.5646497124805339,0.09376323803618422,0.524300354886447,0.6050004236990312,0.05877639367133142,0.027194628890185778,0.04776839967247268,0.07099054271396775,,0.0,,
W1_web,pin_prefix24,0.2,20,0.5753391591520208,0.09384166669589407,0.5345399317995101,0.6137660276707297,0.5228676038238395,0.1018713049333179,0.47991171921931364,0.5681748859034114,0.5414675451962316,0.08049361292503052,0.5073581492737667,0.5757883240636035,0.08937320832128906,0.03611734657796892,0.07489123473331728,0.10566227230883729,,0.0,,
W1_web,pin_prefix24,0.35,20,0.4315176144086374,0.07927632668180319,0.39739136048763063,0.46483109096727243,0.5172414828179019,0.08846716893106082,0.48129304846011495,0.5562660359915518,0.4655210372885512,0.0666072910695214,0.4367845622078846,0.4939661288969691,0.15428901362701142,0.03386435806532788,0.13999486326711924,0.16875922026715062,,0.0,,
W1_web,pin_scope16,0.0,20,0.8707235819735819,0.10892876967075407,0.821806453962704,0.9142121454933954,0.37404412254412256,0.08180390403751972,0.3393683547732461,0.40860116948269126,0.5193855425996465,0.09184982698064571,0.4801069049742114,0.5575372628897914,0.011970249629082884,0.009709666845404087,0.008128664721748346,0.016285380152944406,,0.0,,
W1_web,pin_scope16,0.01,20,0.8703556166056166,0.1400983727553072,0.8088415750915752,0.9265611645299145,0.30258673492077187,0.0901715293458181,0.2664553994370336,0.3425354771005653,0.44020015549478025,0.09635073887052134,0.3999707004371559,0.4825967055092816,0.010932061508528379,0.011906619452743026,0.0061984916839508885,0.01616747792092799,,0.0,,
W1_web,pin_scope16,0.02,20,0.8652802752802753,0.1018717578201484,0.8226943542568541,0.9089466713841714,0.3307402380228467,0.10194497735786882,0.2877464125548365,0.3764393382885231,0.47053491706207967,0.10860171426708685,0.42371679311665517,0.5172378695103762,0.010961844980083279,0.008228834653352285,0.0075940843279732025,0.014334322874961038,,0.0,,
W1_web,pin_scope16,0.05,20,0.8338567682317685,0.14112932623779242,0.7709497880591631,0.8912838203463203,0.34708971080852247,0.11647113645738902,0.2969699198388272,0.39620016462562185,0.4801224456712908,0.13084938487116463,0.4222349484478075,0.5347952496872742,0.015335386471460257,0.013715417460077163,0.009677979061225849,0.021511026961817843,,0.0,,
W1_web,pin_scope16,0.1,20,0.7845909645909647,0.1622052427663772,0.7154758089133089,0.8534249847374847,0.34377305776832967,0.11059252000428364,0.2955722862206041,0.3904771964060065,0.46480509779726137,0.1202097414040068,0.4103570092186137,0.5136512042859899,0.022480774239213294,0.019028654118178296,0.014604210387088427,0.030620847886156287,,0.0,,
W1_web,pin_scope16,0.2,20,0.7141323953823954,0.12875318180804066,0.6563157467532468,0.7655381944444445,0.37686691550249907,0.11018493158918798,0.3300070036799585,0.42490326718476024,0.48153362302166836,0.10695306974290555,0.43582399600499117,0.5276518958051846,0.03773699988980044,0.03013415117355688,0.026771781794820308,0.05218279196213406,,0.0,,
W1_web,pin_scope16,0.35,20,0.6235516566766567,0.14315693253888637,0.5610408428377177,0.6839517617798867,0.34719408239947847,0.09969618649497364,0.30478910889153704,0.38949332836544953,0.44173627307469393,0.11205289875893867,0.39351182666338697,0.48942966989839665,0.04688142100720334,0.020508759775843308,0.03834453132790815,0.05571550740508461,,0.0,,
W1_web,pin_useragent,0.0,20,1.0,0.0,1.0,1.0,0.5009400148965366,0.11419948676523176,0.4549934864652257,0.5521811900056466,0.6605481464691366,0.09647579118393386,0.6212608929601806,0.7032377006381786,0.0,0.0,0.0,0.0,,0.0,,
W1_web,pin_useragent,0.01,20,0.9541355866355866,0.0746148161564323,0.9200427836052837,0.9834188034188035,0.486800314930079,0.11024237443760532,0.4406459073996092,0.5334606869522763,0.6382410120059263,0.10149976148404323,0.5951504789165886,0.6810262341150596,0.004729238669244363,0.007166785052479251,0.001884720912286719,0.008012552452323178,,0.0,,
W1_web,pin_useragent,0.02,20,0.8909050263462028,0.08099296723646304,0.8540629456327987,0.9236770643572114,0.5069925835034532,0.09629306273214748,0.46564864981033466,0.5463901962168266,0.6411551804469762,0.08755504422654745,0.602433806674422,0.6759594451008923,0.013944842951511303,0.010138298757144119,0.009687773992380844,0.018456743972024136,,0.0,,
W1_web,pin_useragent,0.05,20,0.7602383128137772,0.08865916747495721,0.7237891999748616,0.7988285823599774,0.49386234558480674,0.10704693358973148,0.44440792762481096,0.5357266362413475,0.5913367497049931,0.10346197608555932,0.544350496031005,0.632876201117991,0.03457946014459437,0.014934707409093344,0.028218142359127688,0.040780399939219523,,0.0,,
W1_web,pin_useragent,0.1,20,0.6556339908371642,0.11885990906557692,0.6047137366310159,0.7050579141844138,0.5248543418074652,0.0959026449061645,0.4845242546214832,0.5666448239875929,0.5743678545514495,0.07949642672542623,0.5407734196464719,0.6089072292928539,0.059926959339193675,0.023655398233708127,0.04983020420180934,0.06979686102953216,,0.0,,
W1_web,pin_useragent,0.2,20,0.49953778533498217,0.11016890312633948,0.4538736408548841,0.5477217156084636,0.536667890091517,0.08806040982839392,0.4988837401993295,0.5738396585449573,0.5128601318031885,0.08812544430969237,0.476534443197433,0.5502850956302011,0.12381550619195769,0.04234322334199714,0.1067526574630432,0.1421806949255399,,0.0,,
W1_web,pin_useragent,0.35,20,0.3762389271001033,0.06739941043181516,0.34670521811394495,0.40452394978199835,0.5501467401850327,0.11416725731802277,0.5001708240968779,0.5968636774440526,0.44231779383873465,0.07209868611917394,0.4100128336261522,0.4709691204993757,0.2037189527141577,0.037979171649778945,0.18683867506291993,0.21974434401268123,,0.0,,
W1_web,pin_useragent_core,0.0,20,1.0,0.0,1.0,1.0,0.4607773575056184,0.11470230372975726,0.4139410991283274,0.5124443985463006,0.6231913840260864,0.10311921428105733,0.5805502587244539,0.6689375273665905,0.0,0.0,0.0,0.0,,0.0,,
W1_web,pin_useragent_core,0.01,20,1.0,0.0,1.0,1.0,0.45387740437578666,0.10780872104586614,0.4084417585793,0.4991294392391409,0.6170499201290979,0.10440601610086044,0.5719273085981602,0.6598750271166021,0.0,0.0,0.0,0.0,,0.0,,
W1_web,pin_useragent_core,0.02,20,1.0,0.0,1.0,1.0,0.4524372982090374,0.09778245114578958,0.41142593882566714,0.4935242132867133,0.6170079605521763,0.094015214439535,0.5769617626471075,0.655904162550297,0.0,0.0,0.0,0.0,,0.0,,
W1_web,pin_useragent_core,0.05,20,1.0,0.0,1.0,1.0,0.45230694299490165,0.10631534933370587,0.40397099794685704,0.49534107736002225,0.6152193316887254,0.1106644575121778,0.5638623455879453,0.6587741312213835,0.0,0.0,0.0,0.0,,0.0,,
W1_web,pin_useragent_core,0.1,20,1.0,0.0,1.0,1.0,0.46352230550268575,0.10154674804300884,0.4169138932291673,0.5051552336513576,0.6266835500261436,0.10309289730331767,0.5783227429770064,0.6673360267873933,0.0,0.0,0.0,0.0,,0.0,,
W1_web,pin_useragent_core,0.2,20,1.0,0.0,1.0,1.0,0.44934991603870317,0.09452612741877184,0.4081774018379281,0.48956256019438227,0.6144339536251033,0.0912070979776369,0.5741912601776444,0.6530483086548092,0.0,0.0,0.0,0.0,,0.0,,
W1_web,pin_useragent_core,0.35,20,1.0,0.0,1.0,1.0,0.4222800033674212,0.10109621476163647,0.3797182198985758,0.46549347115277995,0.5870347423857925,0.10059948793853896,0.5443653949454558,0.6295876471859613,0.0,0.0,0.0,0.0,,0.0,,
W1_web,score_burstiness,0.0,20,0.0,0.0,0.0,0.0,0.0,0.0,0.0,0.0,0.0,0.0,0.0,0.0,0.0,0.0,0.0,0.0,0.4748365109135001,0.06375549429810437,0.44727211277927537,0.5012008397426791
W1_web,score_burstiness,0.01,20,0.0,0.0,0.0,0.0,0.0,0.0,0.0,0.0,0.0,0.0,0.0,0.0,0.0,0.0,0.0,0.0,0.5081993530065827,0.06290211017274698,0.48211106216776484,0.5362627468261866
W1_web,score_burstiness,0.02,20,0.0,0.0,0.0,0.0,0.0,0.0,0.0,0.0,0.0,0.0,0.0,0.0,0.0,0.0,0.0,0.0,0.47662797606469703,0.07422656607273527,0.44676688313243557,0.5098452983250366
W1_web,score_burstiness,0.05,20,0.0,0.0,0.0,0.0,0.0,0.0,0.0,0.0,0.0,0.0,0.0,0.0,0.0,0.0,0.0,0.0,0.48531405324426274,0.060935261270706684,0.45880955253862943,0.510645593148708
W1_web,score_burstiness,0.1,20,0.0,0.0,0.0,0.0,0.0,0.0,0.0,0.0,0.0,0.0,0.0,0.0,0.0,0.0,0.0,0.0,0.48306684129309324,0.055292266582782156,0.4592139279007541,0.5068251325383057
W1_web,score_burstiness,0.2,20,0.05,0.22360679774997894,0.0,0.15,0.0017857142857142857,0.007985957062499249,0.0,0.005357142857142857,0.0034482758620689646,0.015421158465515792,0.0,0.010344827586206895,0.0,0.0,0.0,0.0,0.48793941129166607,0.06167500959436869,0.4622473032923132,0.5149051039385611
W1_web,score_burstiness,0.35,20,0.0,0.0,0.0,0.0,0.0,0.0,0.0,0.0,0.0,0.0,0.0,0.0,0.0,0.0,0.0,0.0,0.48375700410115324,0.058129677886419734,0.45807745023106045,0.5083766331712682
W1_web,score_distinct_bindings,0.0,20,0.18823529411764706,0.38906937329411606,0.05,0.36470588235294116,0.06571548821548821,0.1880136425186442,0.0025,0.15704545454545454,0.08055555555555556,0.22168862718414262,0.0047619047619047615,0.1880952380952381,0.001904761904761905,0.008518354199999202,0.0,0.005714285714285715,0.8151064262791559,0.03160707881989522,0.8014748365169719,0.8285417161190125
W1_web,score_distinct_bindings,0.01,20,0.14285714285714285,0.34992710611188255,0.0,0.3,0.07890151515151515,0.23975709274761337,0.0,0.19863636363636364,0.08679132791327912,0.25460529209595373,0.0,0.2094850948509485,0.0014018691588785046,0.006269349469625579,0.0,0.004205607476635514,0.7997283660507962,0.05825401057365855,0.7744131605661663,0.8240516848992268
W1_web,score_distinct_bindings,0.02,20,0.5746385193753615,0.4850257913909948,0.3712550607287449,0.7746385193753615,0.13003072651985698,0.2556424137098751,0.03120994729907774,0.25018139233954445,0.15947777890894352,0.2639214754927342,0.05820956125538576,0.28099607385495196,0.004250027290055504,0.010838736471466676,0.0,0.009417000445037828,0.8069824289006201,0.058219012650458514,0.7818028160125616,0.8323081421828413
W1_web,score_distinct_bindings,0.05,20,0.2,0.4103913408340617,0.05,0.4,0.008192431561996779,0.016846059675136624,0.0018518518518518517,0.016243961352657002,0.015738095238095235,0.03235716176017122,0.0035714285714285713,0.031214285714285712,0.0,0.0,0.0,0.0,0.8115559768142948,0.049360827295064594,0.7888346466828621,0.8314967106927695
W1_web,score_distinct_bindings,0.1,20,0.3,0.4701623459816272,0.1,0.5,0.013452817697299868,0.021489486034888962,0.0047619047619047615,0.022863331843595,0.02572198433611477,0.04103061011967962,0.00909090909090909,0.04370973091421459,0.0,0.0,0.0,0.0,0.8067259133388296,0.051118326781829586,0.7834401669664021,0.8272502804928589
W1_web,score_distinct_bindings,0.2,20,0.55,0.5104177855340404,0.35,0.75,0.03475750075206597,0.03749203147880706,0.019343081435472743,0.05114023945559272,0.06481785872790137,0.06866373278395665,0.036375642135257,0.09460514989460325,0.0,0.0,0.0,0.0,0.7931829050050347,0.056224545321804265,0.7680770190769697,0.8161910560964988
W1_web,score_distinct_bindings,0.35,20,0.8,0.41039134083406165,0.6,0.95,0.053155987788747805,0.04112764239074861,0.03643084294145184,0.07188954767687604,0.0982503633644938,0.07273947763312658,0.06828041955528368,0.13098977089737954,0.0,0.0,0.0,0.0,0.7592182046697331,0.04469911846350585,0.740796955001099,0.7788409096699427
W1_web,score_max_request_rate,0.0,20,0.0,0.0,0.0,0.0,0.0,0.0,0.0,0.0,0.0,0.0,0.0,0.0,0.0,0.0,0.0,0.0,0.5304328421835425,0.06067173575592815,0.5046335180401822,0.5559217276535344
W1_web,score_max_request_rate,0.01,20,0.0,0.0,0.0,0.0,0.0,0.0,0.0,0.0,0.0,0.0,0.0,0.0,0.0,0.0,0.0,0.0,0.5546629970852927,0.055482131004493146,0.5305906886966559,0.5782586137226259
W1_web,score_max_request_rate,0.02,20,0.0,0.0,0.0,0.0,0.0,0.0,0.0,0.0,0.0,0.0,0.0,0.0,0.0,0.0,0.0,0.0,0.538688898761038,0.06773569658600527,0.5105572076258806,0.5677637844043611
W1_web,score_max_request_rate,0.05,20,0.0,0.0,0.0,0.0,0.0,0.0,0.0,0.0,0.0,0.0,0.0,0.0,0.0,0.0,0.0,0.0,0.5441616686876498,0.0516482346456082,0.5214211299246618,0.5659702672208788
W1_web,score_max_request_rate,0.1,20,0.0,0.0,0.0,0.0,0.0,0.0,0.0,0.0,0.0,0.0,0.0,0.0,0.0,0.0,0.0,0.0,0.545060649064318,0.04675762011687351,0.5251196667305488,0.5646632531863173
W1_web,score_max_request_rate,0.2,20,0.0,0.0,0.0,0.0,0.0,0.0,0.0,0.0,0.0,0.0,0.0,0.0,0.0,0.0,0.0,0.0,0.5481258808241061,0.05711474976982201,0.5238710553619734,0.5725879393859901
W1_web,score_max_request_rate,0.35,20,0.0,0.0,0.0,0.0,0.0,0.0,0.0,0.0,0.0,0.0,0.0,0.0,0.0,0.0,0.0,0.0,0.5413619299917999,0.05837623541542852,0.5155301895867535,0.5658394115124944
W2_apt,SICA (proposed),0.0,20,0.9371387303764351,0.06812396302132018,0.9073838993851836,0.9655148033616401,0.2103548236957215,0.05295305883684096,0.18804318355179578,0.23310194555322408,0.3387206401883411,0.06537838393261383,0.3109625310768612,0.36682995492170506,0.004439566092965956,0.004944665871377314,0.00240417229035495,0.006601999852159602,0.8775569954648003,0.008109134803051385,0.8742229128182191,0.8811691194877577
W2_apt,SICA (proposed),0.01,20,0.9388134728245744,0.055990300680740346,0.9146968736211193,0.9628667239117005,0.244945811818755,0.08375193781415038,0.2096002400103831,0.2806456682954931,0.37923542415284883,0.10408744879450445,0.3353391864589298,0.42333423747692683,0.004952265431470473,0.004584398850475881,0.0029979611580012965,0.006917253646897781,0.877765747432013,0.014096922829987502,0.8716766549096773,0.883544227092717
W2_apt,SICA (proposed),0.02,20,0.9268965840936385,0.06644252548896996,0.898586693979118,0.9548880262338404,0.2486336136847873,0.080051326985052,0.21542526050290353,0.2829843256824168,0.38349923880442627,0.09619451663902742,0.3435290278570897,0.4247110299642347,0.0059539894699986275,0.0052476367782810784,0.0037144625541927516,0.008154266304566499,0.8759118721200363,0.013775210345252179,0.8704610964654349,0.8820615934941614
W2_apt,SICA (proposed),0.05,20,0.9540099912097093,0.057687806022862914,0.9275005134602764,0.9775304353632479,0.2112116553692714,0.06734840155573793,0.18405879218369336,0.24117479401065428,0.3394760877281206,0.08484788161523461,0.3050007283853435,0.3768540383453538,0.0033313466995229988,0.0040853776107163415,0.0016391011915655605,0.005197131300961879,0.8722363257927335,0.01146069544522716,0.8671830153930419,0.8769795578758647
W2_apt,SICA (proposed),0.1,20,0.9005664993868343,0.06574090388988864,0.8729084077164067,0.9288294773262151,0.2441789779256512,0.062056668468512995,0.21717495425349342,0.27072833499814325,0.37800157343986623,0.07532036008466124,0.34494912749773754,0.40969926764664744,0.007591728659776352,0.005735127904513635,0.005223805046740438,0.010118125726037359,0.8591243467290572,0.011799505683982294,0.8541155729513755,0.8640110557477894
W2_apt,SICA (proposed),0.2,20,0.9167914999619079,0.06105112398507169,0.8917546803096613,0.9432104374173981,0.23729204743059298,0.05581519472943122,0.21304830801970728,0.2600920588937598,0.37204008825970486,0.07000061945261901,0.34158410588390903,0.4005492985385164,0.0061069517686631655,0.004549794204737575,0.004160138865162058,0.007961271912996759,0.8440849198561582,0.013049581941389483,0.8383080006567968,0.8494653903346265
W2_apt,SICA (proposed),0.35,20,0.9181851872042216,0.06998460187346234,0.8886513047627566,0.9478870079987829,0.2162141182585049,0.04953799100980183,0.1944341841858054,0.23710388970815385,0.3455071518064281,0.06298827528229865,0.31764419847581804,0.3718770008839034,0.005813091596458045,0.005120733073304635,0.0036317316466940044,0.008015124782830795,0.8163766046071155,0.01225400811968874,0.810949347221717,0.8213759804923689
W2_apt,pin_ip,0.0,20,0.7684051240859955,0.024498531263876185,0.7582196365136311,0.7790459640528072,0.6746223435800716,0.0235051522439178,0.664908984039681,0.685123342990453,0.7181411141955965,0.017889269347729435,0.7100588065190333,0.7256321296655961,0.04884229276436681,0.0067999615360184885,0.045890687812836686,0.05169290039155245,,0.0,,
W2_apt,pin_ip,0.01,20,0.7464810747057039,0.024044824148457825,0.7362892459303128,0.7566397739786526,0.6770826294213437,0.02264438500308131,0.6673048152113396,0.6863272804231015,0.7097423434306674,0.016792745811289592,0.7023535557296002,0.7165826976314228,0.055469331539950706,0.0072061404531092365,0.05238699523322493,0.05844406523636371,,0.0,,
W2_apt,pin_ip,0.02,20,0.7234166702612469,0.030507200489445347,0.7104147436563124,0.7362411330585208,0.6776082792065531,0.0228882354492884,0.6686229385270442,0.6881546364966628,0.699477365678594,0.02234880587564773,0.6903630957520241,0.7093068704884071,0.062499868392378,0.006981166664437588,0.05964008789932087,0.06553919690732836,,0.0,,
W2_apt,pin_ip,0.05,20,0.6635067572245623,0.025981222258809673,0.6524508678130326,0.6743182330558152,0.6841761110350545,0.025245563221206684,0.6733033341873541,0.6946692010532951,0.673313868064966,0.019729237235427462,0.6645617528389048,0.6813581354060928,0.083488829293887,0.008673530044128878,0.07976672104128676,0.08711351613692542,,0.0,,
W2_apt,pin_ip,0.1,20,0.5800312720640595,0.02602708356943152,0.5684920517080968,0.5908659784363872,0.6936406109705364,0.02620439134118433,0.6823748613426709,0.7046929145717102,0.6316241417418529,0.024626706479997186,0.6208486840666688,0.641880942750467,0.11993113688101124,0.009864183681925197,0.11574111811065899,0.12405891828653376,,0.0,,
W2_apt,pin_ip,0.2,20,0.4860183206173597,0.025113529776751756,0.475087534482318,0.4965528614297997,0.7067713045146007,0.02483175923240758,0.6957712090511396,0.7169931019938455,0.5755238983230228,0.020783151566695916,0.5664483024155718,0.5841481524065847,0.1809623552442916,0.0123625155144375,0.17553013659427194,0.18607960978280025,,0.0,,
W2_apt,pin_ip,0.35,20,0.3842040280219874,0.019770321523292358,0.37573596974296064,0.39287758063006106,0.7345439830957242,0.021905435009447707,0.7247258209623676,0.7434661159100302,0.5043131002792661,0.020225896350580756,0.49552698653532595,0.5130940709876471,0.2851335614969351,0.011179753713596918,0.2802782423728294,0.2898772468349176,,0.0,,
W2_apt,pin_ip_and_useragent,0.0,20,1.0,0.0,1.0,1.0,0.29159498458141364,0.024685087888411634,0.28138060781673024,0.3025966712921724,0.45099653646589194,0.029219813504483137,0.4388363538407546,0.46393884713628913,0.0,0.0,0.0,0.0,,0.0,,
W2_apt,pin_ip_and_useragent,0.01,20,0.9624357129268313,0.02295608818529668,0.9522307179766465,0.9718125140712005,0.2790767193599938,0.020186644278210118,0.27041082533685734,0.287392051123482,0.43234806186766495,0.025138051136412567,0.42146414757910505,0.4426067508736436,0.002572518118201872,0.001503263056614398,0.0019509603058273548,0.0032367438868060802,,0.0,,
W2_apt,pin_ip_and_useragent,0.02,20,0.9243325392265594,0.028482342329416134,0.9116610191256191,0.9362739157249049,0.29826298779306487,0.02971848338226458,0.28564594141554694,0.310605004224232,0.45043385101208777,0.03611569812335914,0.43496323289301986,0.46542013207042354,0.005797174148407683,0.0020423991077909392,0.0049460239085822935,0.006705663727318351,,0.0,,
W2_apt,pin_ip_and_useragent,0.05,20,0.818047465125408,0.034065731570645186,0.8040786908356361,0.8330405334588251,0.30304227660259686,0.025911468526435468,0.29220156896815647,0.3147312538928514,0.4415890551226595,0.028554139398646993,0.4296828322140711,0.4544919317832213,0.016319035812986445,0.004049919296643427,0.01460000409700003,0.018091850153232603,,0.0,,
W2_apt,pin_ip_and_useragent,0.1,20,0.6897938602815288,0.04443289265611163,0.6706935178889808,0.7085299366218863,0.31315229600676464,0.021267208574924663,0.30410234201382147,0.32227257032893797,0.4302937715517324,0.024824627907775662,0.419738883520343,0.44105175488023024,0.033804909599780594,0.006276069442846135,0.0311165880179457,0.03650814127606534,,0.0,,
W2_apt,pin_ip_and_useragent,0.2,20,0.5637252044046109,0.02840437344969392,0.5510278850883328,0.5751807361852003,0.34516722482970064,0.025424863663361302,0.33400301948800437,0.3556342427573436,0.42750790659405025,0.022715927732345643,0.41764365575943396,0.4368571243055885,0.06458215813268091,0.005775597460918302,0.062203191201582866,0.06707555992126757,,0.0,,
W2_apt,pin_ip_and_useragent,0.35,20,0.45205720573987634,0.03424102271207464,0.4373633527546441,0.46702962170640605,0.3890211771117431,0.022310868191553902,0.3799185604433328,0.39876489081052485,0.41787228932033693,0.025375502896792766,0.40728607578538095,0.4289729407005396,0.11433643913380727,0.008981035366044308,0.11055365808809069,0.11817054900604958,,0.0,,
W2_apt,pin_ip_or_useragent,0.0,20,0.8046362396739802,0.02043794724110165,0.7962530417010011,0.8136451512538881,0.8372886903941712,0.019547720296338222,0.8293379190149756,0.8458277985635035,0.8203605307333369,0.012504125690946052,0.8150151189995658,0.8256788446557477,0.04884229276436681,0.0067999615360184885,0.045890687812836686,0.05169290039155245,,0.0,,
W2_apt,pin_ip_or_useragent,0.01,20,0.7748160407180122,0.023475653510709606,0.764994125467863,0.7846603704895282,0.8416655773577991,0.02177964238768569,0.832429149927727,0.8506903695192352,0.8065326280914793,0.015528751240419997,0.7999046693028748,0.8129959795669771,0.05904570305658956,0.008384056400879879,0.0555023287678728,0.06256372681933361,,0.0,,
W2_apt,pin_ip_or_useragent,0.02,20,0.7451037834415412,0.028491062750127787,0.7329632309553172,0.7568132129781827,0.842533607047266,0.022151832582193456,0.8334097933826055,0.8522758693219943,0.7905156400449493,0.020688017162446767,0.7815993394931273,0.799072501662513,0.0695682699382451,0.0080921645113701,0.06619014922535899,0.07307045575969862,,0.0,,
W2_apt,pin_ip_or_useragent,0.05,20,0.6696066416024565,0.023011270648696534,0.6600492017471598,0.6793871591275077,0.8468856357177368,0.015857551541731626,0.8401728690160101,0.8534800923311842,0.7476085084281032,0.015309770113462502,0.7409537090811619,0.7539788159846184,0.10045710136512982,0.008606492171821052,0.09677483260307428,0.10401806805592102,,0.0,,
W2_apt,pin_ip_or_useragent,0.1,20,0.5717521881383609,0.018346805539314365,0.5638232210607603,0.5795556486989737,0.8491259007995138,0.019709101060791774,0.8404868667702067,0.8572598450073019,0.683225313896764,0.01705412587520052,0.6759271726115116,0.6904480950464745,0.15178808816734632,0.009352602127487737,0.14771111636762047,0.155707237581462,,0.0,,
W2_apt,pin_ip_or_useragent,0.2,20,0.45645147579747,0.02234449592301391,0.4467845702030336,0.46611772508482735,0.8580593912384666,0.024296485614397664,0.8474873174892249,0.8685588095749329,0.5955350667423713,0.020632256413230576,0.5865673075070401,0.6042104138356812,0.24722345329310355,0.012416955856425452,0.24178078803572872,0.25246465386196937,,0.0,,
W2_apt,pin_ip_or_useragent,0.35,20,0.3475766011124296,0.01595035956879386,0.34084512537780676,0.354619572172726,0.8776653420054334,0.014166405937593819,0.8713819680219469,0.8835079478326568,0.4977586154095519,0.017004334411327194,0.4905136969007849,0.5052294080837283,0.39896806162993403,0.012033792494754584,0.3939085366160683,0.40423135779656,,0.0,,
W2_apt,pin_prefix24,0.0,20,0.8256653276138227,0.02757218110969217,0.8143435200807531,0.8379951581922929,0.5052569175326774,0.026619595704035867,0.49464248117043774,0.5169662394996889,0.6262741427442586,0.02008418681576973,0.6177469824695987,0.6349544051205184,0.025754970152942987,0.00547180411601716,0.023403611061294564,0.028061887189425413,,0.0,,
W2_apt,pin_prefix24,0.01,20,0.8139807802265115,0.03200791685789085,0.8004779935727246,0.827885404664131,0.5038463872938193,0.023140187115634724,0.49407331013157396,0.5135901263139725,0.6220549413892191,0.022196073773679062,0.6128035252503683,0.6315298955919176,0.027886560423011048,0.006064855278998105,0.025309515305728756,0.030429900492850954,,0.0,,
W2_apt,pin_prefix24,0.02,20,0.8009066230627843,0.02771450141519009,0.7894128692608349,0.812749725133914,0.5089555751307719,0.02452338404614828,0.49904562923373946,0.5198942068464248,0.6221327676843215,0.023551402142987635,0.6127298360949603,0.6326404287620547,0.030553286405603147,0.00464295949913613,0.028549261993968435,0.03252218286283667,,0.0,,
W2_apt,pin_prefix24,0.05,20,0.7470279727353273,0.027908344717897524,0.7352649842389141,0.7588251514114317,0.5108262426388331,0.02750600329666339,0.49910771627425365,0.5224980743446037,0.6063523597984881,0.024110992906245014,0.5958869234304247,0.6165042401332661,0.04168533497447554,0.006097197547027266,0.03909757948629126,0.04425076543813871,,0.0,,
W2_apt,pin_prefix24,0.1,20,0.6747799469791201,0.034543971613772845,0.6600908465551876,0.689701056635158,0.5139265592872986,0.032924681683850515,0.499937399128006,0.5281615818562919,0.5830527352549872,0.03042495151162385,0.5701247576317078,0.5961959841388763,0.059221025153019136,0.007961243952634919,0.05570746274889913,0.062484628692942114,,0.0,,
W2_apt,pin_prefix24,0.2,20,0.5819758561814371,0.031694391293675565,0.5682668741059312,0.5952229700207629,0.5339058645874069,0.024111256457369952,0.5236931457123032,0.544372521699119,0.5564613236308767,0.022817202696758417,0.5467675646653994,0.566133908522055,0.09288252160819345,0.008910880155472114,0.08904137112453475,0.09663726622913896,,0.0,,
W2_apt,pin_prefix24,0.35,20,0.4803278500814449,0.02215310680552949,0.4709119530750996,0.49013843290233233,0.5478299795751223,0.022419831327677237,0.5379375051966703,0.5571304410803989,0.5116975864288269,0.020331539848777693,0.5028745191666149,0.5206650070417315,0.1434560008648039,0.00698532415534644,0.14056245719655533,0.14648092257027634,,0.0,,
W2_apt,pin_scope16,0.0,20,0.8854397523415664,0.028183702383773126,0.8731689545179279,0.8972081692615307,0.3294035856469821,0.022605424398074836,0.31973345122085756,0.338829628755323,0.4796741927059946,0.024998861023253157,0.46893129752613355,0.4900607198795051,0.010274658991690385,0.002944810109463676,0.009056623910448132,0.011558397100206268,,0.0,,
W2_apt,pin_scope16,0.01,20,0.8854980180595566,0.030147205040416344,0.8729211578414384,0.8983722254888414,0.34087158538614915,0.02381199974596277,0.33065534715936673,0.3508798368056743,0.4916894675294067,0.025200336203863406,0.4809442518566267,0.5022026716528262,0.010726976380097685,0.003251939193612207,0.009333759900218515,0.01208563192536011,,0.0,,
W2_apt,pin_scope16,0.02,20,0.8638215693700728,0.03329702627541362,0.8497130317815831,0.8782705365964641,0.3305667867839534,0.023704184278130588,0.3205003168669877,0.34078526835892614,0.47776235201227857,0.027334667274983262,0.4662702184120924,0.48967884817516466,0.012596109959607252,0.0032851154743297993,0.011201136695285618,0.013994319586149192,,0.0,,
W2_apt,pin_scope16,0.05,20,0.8379195293300586,0.02397510709851864,0.8278164108046296,0.8484652303342841,0.34094048166182056,0.027173394253829673,0.329771525342789,0.35300762409137765,0.48411486293752126,0.028495484192541998,0.4722674696248654,0.49661265721438425,0.01583306691964991,0.0025790802866645537,0.014685175083734438,0.016916979651507097,,0.0,,
W2_apt,pin_scope16,0.1,20,0.7748888460565685,0.03870045996934551,0.7586378093884746,0.7911625977850986,0.3404146844434588,0.03465925776301689,0.32501739994168066,0.3547090309725045,0.47213708448282726,0.037647613097733235,0.4556203748221665,0.48795355616008845,0.023619076616744127,0.00482700014978786,0.02158590878519165,0.02562224549513729,,0.0,,
W2_apt,pin_scope16,0.2,20,0.6973221458409122,0.044564633105420276,0.6781470519249515,0.7154461965907049,0.35818566857565265,0.02517781582485971,0.3473133202031085,0.36915186998158467,0.47274706231298086,0.028058202863454944,0.4606056817941578,0.48475002740378903,0.03779117097960284,0.007079834173793755,0.034854258868084416,0.040822560481101146,,0.0,,
W2_apt,pin_scope16,0.35,20,0.6084391798415228,0.02729835894556909,0.5967793008062974,0.6200056131399405,0.3574435229997834,0.02557272367371677,0.3461880847012235,0.36815873639410374,0.4499625655238682,0.025182379506148152,0.438811267814155,0.46059718008979045,0.05563980080643734,0.00480355327418526,0.0535236677819791,0.057659684271426516,,0.0,,
W2_apt,pin_useragent,0.0,20,1.0,0.0,1.0,1.0,0.45426133139551333,0.023783689967009598,0.44415601990856607,0.46431608023811827,0.6243830618342028,0.022422874561504196,0.6148471703815785,0.6338536548394771,0.0,0.0,0.0,0.0,,0.0,,
W2_apt,pin_useragent,0.01,20,0.9451786584864346,0.021342615407997496,0.9359248947951855,0.9538986293215863,0.4436596672964492,0.028889132101963096,0.4312793824703508,0.455636314850075,0.6034103670505616,0.028743527099334948,0.5910295440412552,0.6152120273602588,0.006148889634840722,0.0023708618736520124,0.005184727282331879,0.007191138542740437,,0.0,,
W2_apt,pin_useragent,0.02,20,0.8964092279594494,0.02624346347383876,0.8848072628384199,0.9073768654846578,0.46318831563377777,0.026983778006773883,0.4514194138758489,0.4741452830299076,0.6104270006196663,0.026859844155357308,0.598729238950201,0.621261740413181,0.012865575694274767,0.0030697625550850254,0.011558338120408922,0.014203009158941916,,0.0,,
W2_apt,pin_useragent,0.05,20,0.7710445874455313,0.025261457752585606,0.7606275669951091,0.782325571933292,0.46575180128527904,0.028737384880565587,0.4532110262845105,0.4776470202383261,0.5800541847910409,0.023617833218567957,0.5696263209751554,0.5897148327637183,0.033287307884229254,0.004858980447942884,0.03119987412351672,0.03537172177579728,,0.0,,
W2_apt,pin_useragent,0.1,20,0.630595667613869,0.029414929188415283,0.6181182879199792,0.6431147429246385,0.4686375858357417,0.025286289245327682,0.45814935624915587,0.4800972045841492,0.5371831449156963,0.021474891320049785,0.5284159277473945,0.5468961810215911,0.06566186088611567,0.007612681904532121,0.06237389165595165,0.0688248081379778,,0.0,,
W2_apt,pin_useragent,0.2,20,0.47849506474671566,0.02554351450662262,0.46743990062634794,0.48936648052302184,0.4964553115535664,0.027503556576699412,0.4843468754485667,0.5078679522746343,0.4867451556563701,0.02031543169587032,0.4779101875482417,0.49505499704123684,0.13084325618149287,0.008319544763636558,0.1273223803226897,0.13441799948821298,,0.0,,
W2_apt,pin_useragent,0.35,20,0.3608922262532635,0.02261796481171088,0.3513163728188415,0.37072992886647094,0.5321425360214522,0.02857073976845721,0.5198157460802705,0.5440652578120989,0.4297871195467239,0.022359969422455193,0.419912246237064,0.43928588040759947,0.22817093926680626,0.009977863022859206,0.22384116063357756,0.23236659696362175,,0.0,,
W2_apt,pin_useragent_core,0.0,20,1.0,0.0,1.0,1.0,0.2186442296124727,0.025967111527028994,0.20764695248592713,0.22962389993108182,0.35812686935479127,0.03483828117333442,0.34338010262071506,0.37279893289556837,0.0,0.0,0.0,0.0,,0.0,,
W2_apt,pin_useragent_core,0.01,20,1.0,0.0,1.0,1.0,0.20396132515765686,0.016377348752422447,0.19705529036634475,0.2110059375629805,0.33852599085289165,0.022527790956082035,0.32899070187438245,0.3482174438379779,0.0,0.0,0.0,0.0,,0.0,,
W2_apt,pin_useragent_core,0.02,20,1.0,0.0,1.0,1.0,0.2207356309531321,0.02139939535252373,0.211657514724823,0.229615254795379,0.36116453342947785,0.028778076969264547,0.3488819043294457,0.37302640191356246,0.0,0.0,0.0,0.0,,0.0,,
W2_apt,pin_useragent_core,0.05,20,1.0,0.0,1.0,1.0,0.2197954124762695,0.030419407171166098,0.20657304100749335,0.2324762866416116,0.3593963867794204,0.04156299309736744,0.34122266175261784,0.3766737597133572,0.0,0.0,0.0,0.0,,0.0,,
W2_apt,pin_useragent_core,0.1,20,1.0,0.0,1.0,1.0,0.22182353278841815,0.021512820487296868,0.212276472368205,0.23092000697148768,0.362616078485204,0.02908705225399163,0.34961584097518805,0.3748039118101984,0.0,0.0,0.0,0.0,,0.0,,
W2_apt,pin_useragent_core,0.2,20,1.0,0.0,1.0,1.0,0.21822639215745382,0.019170450296228183,0.2100416734286523,0.226432895152144,0.35788223964983984,0.02587687422476992,0.34674945129496887,0.3689108207043485,0.0,0.0,0.0,0.0,,0.0,,
W2_apt,pin_useragent_core,0.35,20,1.0,0.0,1.0,1.0,0.21596428446282362,0.0287929501032251,0.20405996306421234,0.22855890963447054,0.35434658345803205,0.038610784115967516,0.3383587002159554,0.37112800476318014,0.0,0.0,0.0,0.0,,0.0,,
W2_apt,score_burstiness,0.0,20,0.06265984015984015,0.07167305010385776,0.034215576090576086,0.09595238095238093,0.0025040605817633027,0.0028441305412885746,0.0013466811515877447,0.003821876420069825,0.004814055769733438,0.00546759980361563,0.0025911871902384973,0.007347334362966993,0.00857158580451026,0.0011439107706843212,0.008059066904521182,0.00903406137881931,0.470157924486813,0.018915698309947243,0.4623944440319098,0.4784447899479829
W2_apt,score_burstiness,0.01,20,0.08918248418248419,0.08621767828860462,0.05379695304695305,0.12707515401265398,0.0036194838506575754,0.003488653440170677,0.002177659579619238,0.005138643660423791,0.00695447101919717,0.006704460637415028,0.004184612319997826,0.009873877486173323,0.00853391101394005,0.0009617699038386948,0.0081284668549678,0.008945892237572606,0.4626855994755984,0.018521534740986098,0.4547461446768491,0.4706907520592537
W2_apt,score_burstiness,0.02,20,0.06905178155178154,0.0617459015924086,0.04350951132201132,0.09649100899100897,0.0028225597864581903,0.0026499057639611167,0.0017401927259895968,0.004005871946836276,0.00542109917350111,0.005078056847232664,0.003340581883083991,0.007688527706388193,0.008579336173301469,0.0009516240292665749,0.008169617089079413,0.008988543120619173,0.4638485573861916,0.01590148361641231,0.4572474605405323,0.4707600128409418
W2_apt,score_burstiness,0.05,20,0.05262237762237763,0.06549335537002197,0.02537878787878788,0.08146853146853147,0.002144485163215178,0.002667053888487899,0.0010225320249373537,0.00332088672327134,0.004120437410453226,0.005124507733801427,0.0019642891413966294,0.006380526192692972,0.008490089845066806,0.0008809074842657105,0.008110759281142538,0.008861014456698034,0.46427060146695603,0.01729606183671942,0.45663828509027155,0.47150002625956333
W2_apt,score_burstiness,0.1,20,0.07998251748251747,0.05879759539928761,0.05518344155844156,0.10557792207792208,0.0033688828981829296,0.002713942142258245,0.0022113552852948645,0.004565668676577411,0.006460030886237035,0.005180922393524226,0.004247318256432805,0.00874296665190781,0.008675815493186018,0.001021108063654087,0.008248258158912634,0.009110317044964235,0.4606270786999033,0.020969871913898312,0.45165172307207224,0.46926550821861135
W2_apt,score_burstiness,0.2,20,0.057397047397047395,0.06589589553840301,0.03093327505827506,0.08585873154623155,0.0021878496432168977,0.0025272996688739313,0.0011711467745732307,0.003262396707261478,0.004213030693640521,0.004862693543935813,0.0022565123326534096,0.0062723686480585985,0.00854642082628462,0.0010499049030656363,0.00806883607523447,0.008972780047587942,0.45961440774843904,0.016906086994280423,0.4523301210432214,0.46665565619367977
W2_apt,score_burstiness,0.35,20,0.06073038073038073,0.06284725198569527,0.034469454156954155,0.0883041958041958,0.002293473422158751,0.002406846225838609,0.0013011748231656214,0.0033407428554316876,0.0044177622091957644,0.004631720013156928,0.0025101223894184142,0.006424159671740394,0.00866049229698591,0.0009725920473729244,0.008235411498452985,0.009057061668901375,0.46220500299226625,0.015490589546602661,0.4555935025187511,0.4690066859026137
W2_apt,score_distinct_bindings,0.0,20,0.9,0.30779350562554625,0.75,1.0,0.008270878120833446,0.004695385706594272,0.0062597173995361756,0.010253826138363425,0.016365158075876848,0.009246347660600474,0.012402576443967002,0.020270671583028133,0.0,0.0,0.0,0.0,0.7803724428823272,0.015073971891370773,0.7740210992898473,0.7868098669503086
W2_apt,score_distinct_bindings,0.01,20,0.95,0.22360679774997902,0.85,1.0,0.009922809863039417,0.006343050345731026,0.007284609482659573,0.012686498155863158,0.019576549702457702,0.012415921467529808,0.014410105094470946,0.02497721695029575,0.0,0.0,0.0,0.0,0.7770667182379706,0.015205285690910094,0.7705139461537335,0.7834654711393122
W2_apt,score_distinct_bindings,0.02,20,1.0,0.0,1.0,1.0,0.01122345468552337,0.005154429272784293,0.009138822958479474,0.013535945738638106,0.022149227177060127,0.010025552245390295,0.018084630564051282,0.026632087658974235,0.0,0.0,0.0,0.0,0.7804556165308273,0.01369689823546922,0.7747859305433191,0.7862995165816188
W2_apt,score_distinct_bindings,0.05,20,1.0,0.0,1.0,1.0,0.014360898874476506,0.005564230606633437,0.012014787705613561,0.0167454965164355,0.028258869891147547,0.010803149396330534,0.023705250961355895,0.032892652931030664,0.0,0.0,0.0,0.0,0.7770269891728325,0.014332737739404995,0.770772215382799,0.7829675693664082
W2_apt,score_distinct_bindings,0.1,20,1.0,0.0,1.0,1.0,0.02365498333823616,0.008339526113297118,0.020228616662955484,0.027263117702033678,0.04609337486536891,0.01593674540029528,0.039519103855322285,0.052983657455250854,0.0,0.0,0.0,0.0,0.7677805451397359,0.01629711643331251,0.7609403900418555,0.7746721524352049
W2_apt,score_distinct_bindings,0.2,20,1.0,0.0,1.0,1.0,0.03604412623982123,0.011573464696703556,0.03130245662930743,0.04125591264813131,0.06935323526287421,0.02139878889899798,0.060531784791674564,0.07897969488379028,0.0,0.0,0.0,0.0,0.7597961547861881,0.015596200228851321,0.7532671420021201,0.7666032757649406
W2_apt,score_distinct_bindings,0.35,20,1.0,0.0,1.0,1.0,0.057504822196560036,0.010873037933944006,0.05282049265972688,0.062150519317021334,0.10856518564122679,0.019502366482341847,0.10016401368838489,0.11688381962250359,0.0,0.0,0.0,0.0,0.7428254396287832,0.014715400791464162,0.7367127898943362,0.7492774212075896
W2_apt,score_max_request_rate,0.0,20,0.0,0.0,0.0,0.0,0.0,0.0,0.0,0.0,0.0,0.0,0.0,0.0,0.0,0.0,0.0,0.0,0.5102124195966561,0.015950007090264257,0.5034430139095296,0.5171525419376686
W2_apt,score_max_request_rate,0.01,20,0.0,0.0,0.0,0.0,0.0,0.0,0.0,0.0,0.0,0.0,0.0,0.0,0.0,0.0,0.0,0.0,0.5044070069229084,0.013356906051991517,0.4985841804290319,0.5100556029583128
W2_apt,score_max_request_rate,0.02,20,0.0,0.0,0.0,0.0,0.0,0.0,0.0,0.0,0.0,0.0,0.0,0.0,0.0,0.0,0.0,0.0,0.5103897692807979,0.015867041162159798,0.5038477927120709,0.517380969891508
W2_apt,score_max_request_rate,0.05,20,0.0,0.0,0.0,0.0,0.0,0.0,0.0,0.0,0.0,0.0,0.0,0.0,0.0,0.0,0.0,0.0,0.5068885590879566,0.016176278921346328,0.4995550765655296,0.5134422740571647
W2_apt,score_max_request_rate,0.1,20,0.0,0.0,0.0,0.0,0.0,0.0,0.0,0.0,0.0,0.0,0.0,0.0,0.0,0.0,0.0,0.0,0.505998664679239,0.01581115338132452,0.4993154573895252,0.5126330390505637
W2_apt,score_max_request_rate,0.2,20,0.0,0.0,0.0,0.0,0.0,0.0,0.0,0.0,0.0,0.0,0.0,0.0,0.0,0.0,0.0,0.0,0.5077370118085848,0.013758682278784781,0.5016872081423834,0.513376670673565
W2_apt,score_max_request_rate,0.35,20,0.0,0.0,0.0,0.0,0.0,0.0,0.0,0.0,0.0,0.0,0.0,0.0,0.0,0.0,0.0,0.0,0.5032132040663385,0.011145206922982195,0.4986060881269588,0.508111612802937
