workload,level,mode,n_runs,precision_mean,precision_sd,precision_ci_lo,precision_ci_hi,recall_mean,recall_sd,recall_ci_lo,recall_ci_hi,f1_mean,f1_sd,f1_ci_lo,f1_ci_hi,fpr_mean,fpr_sd,fpr_ci_lo,fpr_ci_hi,roc_auc_mean,roc_auc_sd,roc_auc_ci_lo,roc_auc_ci_hi,attack_request_detection_rate_mean,attack_request_detection_rate_sd,attack_request_detection_rate_ci_lo,attack_request_detection_rate_ci_hi,latency_requests_median_mean,latency_requests_median_sd,latency_requests_median_ci_lo,latency_requests_median_ci_hi
W1_web,L0,concurrent,20,0.9723565637896302,0.04342247301186655,0.9528565002249213,0.9894021739130434,0.992951127819549,0.024454157577552045,0.9806390977443609,1.0,0.9818179891121067,0.024066918264038218,0.9713398544266189,0.9914640522875817,0.005084970909262227,0.008226043017444841,0.0018598847596477761,0.008838320873827061,0.9998894377423211,0.0002090972713412565,0.9997953877046426,0.999969141958073,0.1791569381154795,0.04144517371439448,0.16208383070724133,0.19752406359823005,1.0,0.0,1.0,1.0
W1_web,L0,takeover,20,0.9748305018736053,0.03963624620824227,0.9569866013536272,0.9900258620689655,0.8824633650617766,0.07678803178670088,0.8494939811845313,0.913985801484985,0.924450988946715,0.04910320004600033,0.9039261927696416,0.9445826506702236,0.004778250315213161,0.00725380226942196,0.0019159811484646256,0.008028658977059953,0.9965943741205077,0.0031144059118488132,0.9951900446191217,0.9978762551578061,0.10377927842938446,0.025374794517254717,0.09418921407242559,0.11553427462857874,1.0,0.0,1.0,1.0
W1_web,L1,concurrent,20,0.8720848246591952,0.3013347757336031,0.7254720413072816,0.9771344784760116,0.6995705172020962,0.44050601827927,0.5090252335383915,0.8836077694235587,0.7038823272744485,0.41727096591522217,0.5207411670284894,0.877947420292664,0.005084970909262227,0.008226043017444841,0.0018598847596477761,0.008838320873827061,0.9953118669173829,0.005484948023233127,0.9928241250249185,0.997566942876984,0.009493618087646564,0.011542633763622719,0.004846280511429679,0.014601903241190338,3.361111111111111,1.3039031400732228,2.8055555555555554,3.9722222222222223
W1_web,L1,takeover,20,0.05,0.22360679774997894,0.0,0.15,0.002173913043478261,0.009722034684781694,0.0,0.006521739130434782,0.004166666666666667,0.018633899812498248,0.0,0.0125,0.004778250315213161,0.00725380226942196,0.0019159811484646256,0.008028658977059953,0.9541908150751865,0.020135416762929043,0.9455857610130964,0.9627153339922165,0.0,0.0,0.0,0.0,,0.0,,
W1_web,L2,concurrent,20,0.969228166412764,0.04600531125167665,0.9489498844128296,0.9873677248677248,0.8862848393726119,0.07887779720808774,0.8522943207648933,0.9202048989725388,0.9231630285589703,0.04364552432625107,0.904628046247233,0.9419780395444677,0.005087990599204194,0.0076780731544038505,0.0022214887861439587,0.008419689036901951,0.9986686968390126,0.0020477253525158115,0.9976666784369227,0.9994371521643762,0.041807052624316575,0.07201204481055608,0.014206981126675207,0.07410347770171113,2.575,0.8155559937535671,2.2,2.9
W1_web,L2,takeover,20,0.1980769230769231,0.40651709771159594,0.04807692307692308,0.3942307692307693,0.17319206558336991,0.35561482257128385,0.04166666666666667,0.34368686868686865,0.18477353266888152,0.37927429323943107,0.044642857142857144,0.36759593023255815,0.004795244112109213,0.007287389784719996,0.0019233872462172583,0.00807185798888522,0.98388771732624,0.01045352861984558,0.9794040992249055,0.9882383376533298,0.022067127037650253,0.04820298054161122,0.004285714285714286,0.04445106218871878,1.0,0.0,1.0,1.0
W1_web,L3,concurrent,20,0.18333333333333332,0.381977005523288,0.05,0.36666666666666664,0.014695048309178744,0.032931817841239254,0.003125,0.03013888888888889,0.026800467085097063,0.05951846227887743,0.0058823529411764705,0.05449277477740476,0.004581671948928587,0.006964165068344102,0.001837308676633898,0.007734418714507208,0.9640111459443519,0.018367803322362965,0.9559252474995156,0.9717785378175905,0.0020697498599115682,0.004367588855877554,0.0004901960784313725,0.004066066725197541,6.0,1.4142135623730951,4.75,7.0
W1_web,L3,takeover,20,0.05,0.22360679774997894,0.0,0.15,0.002173913043478261,0.009722034684781694,0.0,0.006521739130434782,0.004166666666666667,0.018633899812498248,0.0,0.0125,0.004792273244347131,0.007275470149268876,0.0019196428571428572,0.008060512954249362,0.8159113488327288,0.030922768537302157,0.8021102538765947,0.8287651548158909,0.0,0.0,0.0,0.0,,0.0,,
W1_web,L4,concurrent,20,0.18333333333333332,0.381977005523288,0.05,0.36666666666666664,0.014968933027756556,0.033857103578601354,0.0030303030303030303,0.030733638910109495,0.027277016069585724,0.06116705605497692,0.005882352941176471,0.055472504791390244,0.005084970909262227,0.008226043017444841,0.0018598847596477761,0.008838320873827061,0.48554769001119824,0.057271700636703574,0.46208054312407865,0.5106352277490245,0.002365511280660448,0.005978391067361239,0.0,0.005203707567132596,6.25,1.5,5.0,7.5
W1_web,L4,takeover,20,0.05,0.22360679774997894,0.0,0.15,0.002173913043478261,0.009722034684781694,0.0,0.006521739130434782,0.004166666666666667,0.018633899812498248,0.0,0.0125,0.004778250315213161,0.00725380226942196,0.0019159811484646256,0.008028658977059953,0.43100640897121983,0.034676308073743445,0.4163530952798224,0.4462896158756232,0.0,0.0,0.0,0.0,,0.0,,
W1_web,L5,concurrent,20,0.970000742721331,0.04659346697770943,0.9490158756684494,0.9881579211229947,0.8909227346440968,0.07143674207903652,0.8581231606757537,0.9198473038657251,0.9264047942901035,0.04196693500606337,0.9076813237536823,0.9441582351010138,0.005084970909262227,0.008226043017444841,0.0018598847596477761,0.008838320873827061,0.9861468386385749,0.018077683414883382,0.9780089009569514,0.9932673541445635,0.012513553432474154,0.01595559367270846,0.006303128472650944,0.019572149469116482,2.9,0.3077935056255462,2.75,3.0
W1_web,L5,takeover,20,0.05,0.22360679774997894,0.0,0.15,0.002173913043478261,0.009722034684781694,0.0,0.006521739130434782,0.004166666666666667,0.018633899812498248,0.0,0.0125,0.004778250315213161,0.00725380226942196,0.0019159811484646256,0.008028658977059953,0.9462801190461245,0.028570531539290952,0.9340987403771618,0.9583044945472681,0.0004098360655737705,0.0018328426045080245,0.0,0.0012295081967213114,1.0,0.0,1.0,1.0
W2_apt,L0,concurrent,20,0.9737108516481092,0.01742312406239031,0.966397668894311,0.9812625152803551,0.8927078628805039,0.1425963653168578,0.8279641819059712,0.9531947070451188,0.9240084381040712,0.08006765713375788,0.8875368350206252,0.9570915194031236,0.006098415054836846,0.004077696186591992,0.004322872170091853,0.007810373099744266,0.9978785227155615,0.0005450654669684616,0.997641360978657,0.9981085052789133,0.08976441285423745,0.005170263649089328,0.08765157571109296,0.0920117948506384,1.2,0.41039134083406165,1.05,1.4
W2_apt,L0,takeover,20,0.9428524449571551,0.038072596987094226,0.926901091310186,0.959334476485328,0.4051827960171863,0.01604893042368,0.39837337602144707,0.4121542760603875,0.5664751934736818,0.017783951625215604,0.558914951541947,0.5742080294855654,0.006179622831492483,0.004130559188037039,0.004383857565027803,0.007911615687134917,0.9760184603338005,0.00446486979935951,0.9741699315570798,0.9779897224047529,0.052026361320746936,0.002072338847885162,0.05114866170634097,0.05292015945044336,1.0,0.0,1.0,1.0
W2_apt,L1,concurrent,20,0.9731512603943022,0.017811383036921088,0.9656635189461845,0.9808958690974012,0.7181301051750223,0.41581754134843213,0.5303817224523161,0.9017870793088508,0.7265482640922156,0.41150347001151594,0.5407660854884427,0.9092099781348042,0.006098415054836846,0.004077696186591992,0.004322872170091853,0.007810373099744266,0.9942632642668217,0.0014799639198671795,0.9936420367298037,0.9948967342913775,0.00797350830703195,0.002945742424097204,0.006737949818818957,0.009245362902301489,3.475,0.8187763655859305,3.15,3.85
W2_apt,L1,takeover,20,0.02802215758098111,0.044982644709634236,0.009401709401709401,0.0481234827264239,0.001146059242490134,0.0019095179969201193,0.0003384104443426478,0.001979478880802655,0.0021986164881705327,0.003652121982315276,0.0006546662380799313,0.003797676484741906,0.006179622831492483,0.004130559188037039,0.004383857565027803,0.007911615687134917,0.9422142580229312,0.009472791448371529,0.9383007782991573,0.9463675289823406,0.0,0.0,0.0,0.0,,0.0,,
W2_apt,L2,concurrent,20,0.9392308278967866,0.040302767029100656,0.922260364687901,0.9566536240900402,0.4053616317979275,0.02172469138586185,0.39645538795832314,0.41455387318610154,0.5658055325623736,0.02281103541322417,0.5564083978259423,0.5754254367148441,0.00617626015196839,0.004152727655004362,0.004379710004582564,0.007912314025430921,0.9878928472960252,0.002886854386525599,0.9866891576790067,0.989149733809439,0.004278464445075985,0.002574005278563287,0.0031907296833228087,0.0054039070276051355,3.45,0.4839530207734936,3.25,3.65
W2_apt,L2,takeover,20,0.02911095848595848,0.04179132100802491,0.012142857142857143,0.04737187118437118,0.0011360741105415756,0.0015898301721241626,0.0004839148059362088,0.0018019786398811644,0.002184394307371726,0.003057160092799607,0.0009313570069752695,0.0034646962675428205,0.006179622831492483,0.004130559188037039,0.004383857565027803,0.007911615687134917,0.9417476383528376,0.006033937415135199,0.9392571173544603,0.9444122902146455,0.0,0.0,0.0,0.0,,0.0,,
W2_apt,L3,concurrent,20,0.17493166555666556,0.216857302975316,0.09949043317793317,0.27998112824675325,0.005487368009683748,0.004186081211114951,0.0036657248891091127,0.007251188773889059,0.010518023290215995,0.00796566344657886,0.007062693451874704,0.013875341600043221,0.006209217839810761,0.00405364196528596,0.004443018897484683,0.007905901282424476,0.954964487164308,0.006933952588770238,0.9519968060122906,0.9579404191366772,0.0007395444682874165,0.0009616743734910418,0.0003706544858154077,0.0011793927370245612,4.392857142857143,1.4301502264900952,3.642857142857143,5.071428571428571
W2_apt,L3,takeover,20,0.026868311427134955,0.043303817183550336,0.009453781512605041,0.04632018512533217,0.0011405390163816726,0.0019028729536401745,0.0003401399895875513,0.0019636622154608698,0.0021852987263740685,0.0036359228220743754,0.0006568162208800691,0.003763947025448097,0.006179622831492483,0.004130559188037039,0.004383857565027803,0.007911615687134917,0.8213812836218286,0.01174980703905262,0.8162352092115004,0.8263426849841452,0.0,0.0,0.0,0.0,,0.0,,
W2_apt,L4,concurrent,20,0.2958358471593766,0.3183214834607191,0.1744162043022337,0.4398234126984127,0.006840046583472763,0.004857187452139712,0.004762695300215838,0.008935061933082772,0.013114709214948606,0.009187023440790022,0.00917567316135512,0.017057829268723464,0.006098415054836846,0.004077696186591992,0.004322872170091853,0.007810373099744266,0.4913583525706417,0.013141844466466235,0.48604240853101616,0.4973596126980377,0.0011269820717419196,0.001135200657819103,0.0006572423780693431,0.001628127024894196,5.705882352941177,1.696124475176901,4.9411764705882355,6.470588235294118
W2_apt,L4,takeover,20,0.02802215758098111,0.044982644709634236,0.009401709401709401,0.0481234827264239,0.001146059242490134,0.0019095179969201193,0.0003384104443426478,0.001979478880802655,0.0021986164881705327,0.003652121982315276,0.0006546662380799313,0.003797676484741906,0.006179622831492483,0.004130559188037039,0.004383857565027803,0.007911615687134917,0.43823373885548567,0.008587544422220905,0.4346169576270201,0.44207153030060736,0.0,0.0,0.0,0.0,,0.0,,
W2_apt,L5,concurrent,20,0.9488884441076557,0.03378048629946454,0.9346557115869706,0.9635353815340968,0.4853351118852075,0.02625849249522219,0.473952087311729,0.4964941933329584,0.641632839782764,0.024177841284454323,0.6309324414773266,0.6516674395629835,0.0061377526773993656,0.004107226290340477,0.004365710970866072,0.007871184336306285,0.8825979573576654,0.0119619603014992,0.8774824181852184,0.8875724258789754,0.006276191720750564,0.003052075571047712,0.005009840560472858,0.007600066550787394,3.375,0.48327283347913047,3.175,3.575
W2_apt,L5,takeover,20,0.0780221575809811,0.22152592969464133,0.015009337068160596,0.18631695755225167,0.0012989644412668925,0.001935183710962043,0.0004910349337838574,0.002130486057485153,0.0025034945369510203,0.0037129272439752003,0.0009462313190383367,0.004110001768453983,0.006179622831492483,0.004130559188037039,0.004383857565027803,0.007911615687134917,0.8166038895357721,0.01376480053691887,0.810884250603798,0.8225595147304791,4.0185968595577024e-05,0.00012376065635174275,0.0,0.0001011102200613324,1.0,0.0,1.0,1.0
