workload,factor,value,n_runs,precision_mean,precision_sd,precision_ci_lo,precision_ci_hi,recall_mean,recall_sd,recall_ci_lo,recall_ci_hi,f1_mean,f1_sd,f1_ci_lo,f1_ci_hi,fpr_mean,fpr_sd,fpr_ci_lo,fpr_ci_hi,roc_auc_mean,roc_auc_sd,roc_auc_ci_lo,roc_auc_ci_hi,attack_request_detection_rate_mean,attack_request_detection_rate_sd,attack_request_detection_rate_ci_lo,attack_request_detection_rate_ci_hi,latency_requests_median_mean,latency_requests_median_sd,latency_requests_median_ci_lo,latency_requests_median_ci_hi
W1_web,attack_fraction,0.05,20,0.946292735042735,0.08452202130647098,0.9076816239316239,0.9788888888888888,0.34380923213072395,0.13663347575182347,0.2867954558369872,0.40314884975468385,0.48687636821613445,0.14634032110535558,0.4246657805441089,0.5492002356004643,0.004692099628990178,0.00712530724575793,0.001876172452147351,0.007914578915859794,0.8790020858437011,0.04158917545403687,0.8608838244231604,0.896340575272511,0.03589452823032902,0.027045974648229967,0.02554075038021896,0.048810827321590707,1.075,0.24468024246479644,1.0,1.2
W1_web,attack_fraction,0.1,20,0.9446977124183007,0.08953125400382755,0.9038615196078432,0.9795588235294117,0.36655833371222385,0.14424068759891492,0.30577128076945725,0.4295457905052084,0.5111509072169507,0.147426892184606,0.4481472856373673,0.5741874033673384,0.004676635711464405,0.007112799398884503,0.0018700784154600844,0.007904541149955977,0.8772618697808288,0.04352715057892003,0.8581003705815713,0.8956870102764606,0.0361451685915294,0.02717291824446716,0.025624044011396358,0.04885177919125469,1.025,0.11180339887498947,1.0,1.075
W1_web,attack_fraction,0.2,20,0.9469823232323232,0.08498912718312798,0.9083333333333334,0.9793055555555557,0.38231703731070754,0.1068785420950544,0.3378653021526561,0.42880843129803076,0.5351329758807529,0.11054987041761219,0.4888236785069634,0.5827841208000065,0.004702096484472791,0.007127544711859762,0.0018874643874643876,0.007936755012095276,0.8864933159952646,0.03469710395924982,0.8723257864447573,0.9014961017599082,0.03566945541528375,0.019850272521565838,0.02756012708546431,0.0446419914291714,1.15,0.4006573545930159,1.0,1.35
W1_web,attack_fraction,0.4,20,0.9341416040100251,0.1001585525556419,0.8897487468671681,0.9732166353383459,0.3485790445109499,0.14792027798175764,0.28868701042950184,0.41398188852951434,0.4902835037017426,0.15325021290372456,0.42737463699701245,0.557472548976682,0.005144221693651113,0.007734990835720234,0.002260809969667646,0.008494311594887269,0.8887996362827698,0.03903856353875574,0.8718558230827672,0.9055427554948777,0.03417285661111588,0.025200844308208053,0.024466785839296786,0.04590639180547392,1.35,0.5404676337745812,1.15,1.6
W1_web,attack_fraction,0.6,20,0.938668831168831,0.09472958849731124,0.8964285714285716,0.975,0.3191819888073735,0.13265430712839307,0.264177969503799,0.37676289648238076,0.45984329555343917,0.14555515863461296,0.39822612847325817,0.5223135256636597,0.004661484248881842,0.007090138114163312,0.0018592436974789917,0.007878749690108116,0.8688986734427694,0.040822259415457716,0.8505832726789603,0.8852611714548283,0.02651961306297858,0.019867390678616138,0.018992262583614174,0.035692971760730906,1.675,0.7826237921249264,1.35,2.025
W1_web,attack_rate,0.02,20,0.2375,0.34335270768022935,0.1,0.3958333333333333,0.24499999999999997,0.34527300834614577,0.10833333333333332,0.4,0.21023809523809525,0.2715858270221636,0.09833333333333334,0.33166666666666667,0.00600041466260398,0.007719088233125014,0.0028034868592245643,0.009562009728622633,0.8729203563724421,0.14710833227168804,0.7998648390100637,0.931205541600564,0.02704977704977705,0.0810570467090697,0.0,0.07009282009282009,2.125,1.1259916264596033,1.375,2.875
W1_web,attack_rate,0.05,20,0.715,0.36964104604869924,0.5491458333333333,0.8608333333333332,0.286693722943723,0.1745640059938133,0.2114549512987013,0.3618406385281385,0.39325036075036074,0.21594917386116472,0.29636282467532465,0.4834512085137084,0.005346897653354313,0.006664914822368382,0.0025110404955218458,0.008209016616530616,0.8614528379403723,0.09693836050426174,0.8192368055697882,0.9016580276957507,0.02862836791716102,0.034806981692591506,0.014923436698436699,0.04510352242636724,1.4705882352941178,0.7998161553463028,1.1176470588235294,1.8823529411764706
W1_web,attack_rate,0.1,20,0.8841468253968255,0.17041730382178077,0.8077961309523809,0.9498015873015874,0.36639941929415615,0.1435657758281498,0.30721991166728013,0.42900096358320045,0.4985186213568567,0.14398581339524866,0.4374384145946646,0.5611788534858387,0.005585363801100916,0.007479174231113602,0.0025950141519237766,0.008979278668969467,0.8883443211281111,0.0630072519767226,0.8604380539148712,0.9143745899030801,0.03412817591564839,0.040451826649194195,0.018621511486999972,0.053081237187167236,2.15,2.1466007399705482,1.425,3.15
W1_web,attack_rate,0.2,20,0.9341416040100251,0.1001585525556419,0.8897487468671681,0.9732166353383459,0.3485790445109499,0.14792027798175764,0.28868701042950184,0.41398188852951434,0.4902835037017426,0.15325021290372456,0.42737463699701245,0.557472548976682,0.005144221693651113,0.007734990835720234,0.002260809969667646,0.008494311594887269,0.8887996362827698,0.03903856353875574,0.8718558230827672,0.9055427554948777,0.03417285661111588,0.025200844308208053,0.024466785839296786,0.04590639180547392,1.35,0.5404676337745812,1.15,1.6
W1_web,attack_rate,0.35,20,0.9693098568098568,0.056594669201072964,0.9437146187146188,0.9916666666666666,0.34326620526390444,0.09100467160112785,0.3049140502935682,0.3828008135739747,0.5002933299897115,0.09857718846546346,0.4583215617946775,0.5428128319235325,0.004296889141590763,0.008154847180090595,0.0010526315789473684,0.00804609094997369,0.8893828523100364,0.028657226790790562,0.8769886304620191,0.9015661378293335,0.029289496928691917,0.014685801305940207,0.02316020659243788,0.0356145296783468,1.6,0.8207826816681233,1.25,1.95
W1_web,flapping_rate,0.0,20,0.905813681932103,0.12551414367526212,0.845830691786284,0.9539751806125162,0.5401987072258371,0.14498786761951413,0.47794686363050964,0.5981994774821282,0.665129784976345,0.135448341478205,0.6057552392264103,0.7192931184400256,0.01126924192413759,0.01409670334257888,0.005673329763413082,0.01779646571559455,0.8826683871495383,0.05831294644308233,0.8567528324974942,0.9065498298814824,0.08928116412370267,0.067776318565159,0.0628547936257301,0.12035901654010046,1.3,0.8013147091860318,1.0,1.7
W1_web,flapping_rate,0.01,20,0.9466991341991342,0.06638713353279922,0.9171897546897547,0.974025974025974,0.4742582960495847,0.14403996459466215,0.41953577243694523,0.5444838366073375,0.6192579765717885,0.10601522406140187,0.5756198935158057,0.6675951326217447,0.007271668614321743,0.010436863479705443,0.0033407667773075493,0.012172976701572939,0.9025582291378903,0.052833395216786296,0.8796766485129239,0.9251955314092433,0.048760952245049054,0.04443807483120033,0.03219847202806498,0.07005470834162741,1.5,0.7433919416750282,1.2,1.825
W1_web,flapping_rate,0.02,20,0.9475505050505051,0.0715581302597727,0.915517766955267,0.9762626262626263,0.45191063667665504,0.11902324725128412,0.401822706108304,0.5038847114492423,0.6012181287691292,0.10770064518019459,0.5541162703891465,0.6468333397511038,0.006789155104530259,0.009489642761743935,0.002939360551003832,0.011135429394124515,0.8961705830009115,0.03914742979296324,0.8786620307577709,0.9124405399066886,0.047908536911833485,0.03470366388722158,0.0344236204083947,0.06370762816792684,1.5,0.7779866052154991,1.2,1.85
W1_web,flapping_rate,0.05,20,0.9341416040100251,0.1001585525556419,0.8897487468671681,0.9732166353383459,0.3485790445109499,0.14792027798175764,0.28868701042950184,0.41398188852951434,0.4902835037017426,0.15325021290372456,0.42737463699701245,0.557472548976682,0.005144221693651113,0.007734990835720234,0.002260809969667646,0.008494311594887269,0.8887996362827698,0.03903856353875574,0.8718558230827672,0.9055427554948777,0.03417285661111588,0.025200844308208053,0.024466785839296786,0.04590639180547392,1.35,0.5404676337745812,1.15,1.6
W1_web,flapping_rate,0.1,20,0.9688988095238095,0.06473488852817852,0.9389880952380952,0.99375,0.332268129608485,0.1453999005074463,0.27249499209949724,0.39538568918116546,0.4756149219832807,0.15654213472738085,0.41008075250615567,0.541365910463491,0.0033306364617044226,0.007777844832342517,0.0004629629629629629,0.007146709816612728,0.8613766312972592,0.052241383409035086,0.8393748988954879,0.8847784734329336,0.028622980350858716,0.019722712475288645,0.020388576848824114,0.03725682846594076,1.75,1.292692009559488,1.25,2.35
W1_web,flapping_rate,0.2,20,0.9892857142857142,0.0479157423749955,0.9678571428571427,1.0,0.378484478450338,0.11279963216756099,0.3297633119266461,0.4267352187042293,0.5369840840729563,0.11869409150822924,0.48441804934015675,0.5864924555032806,0.0014285714285714286,0.006388765649999398,0.0,0.004285714285714286,0.8505160401725792,0.03190224456117846,0.8372296874481547,0.8643836207748824,0.049409955246621576,0.01833289151802001,0.04200290622761657,0.057623981965188475,1.075,0.24468024246479644,1.0,1.2
W1_web,min_requests,7,20,0.9341416040100251,0.1001585525556419,0.8897487468671681,0.9732166353383459,0.3485790445109499,0.14792027798175764,0.28868701042950184,0.41398188852951434,0.4902835037017426,0.15325021290372456,0.42737463699701245,0.557472548976682,0.005144221693651113,0.007734990835720234,0.002260809969667646,0.008494311594887269,0.8887996362827698,0.03903856353875574,0.8718558230827672,0.9055427554948777,0.03417285661111588,0.025200844308208053,0.024466785839296786,0.04590639180547392,1.35,0.5404676337745812,1.15,1.6
W1_web,min_requests,10,20,0.9205086580086579,0.12915781862157052,0.8617965367965368,0.9716450216450218,0.44000444000443995,0.17345265551778866,0.3661635309135309,0.5149609244921743,0.5706223851043141,0.1706453333741055,0.49656547591592687,0.6423348449473643,0.014394935652203095,0.02216085829464711,0.0057449494949494955,0.024571127334390416,0.8674001931172686,0.11445370251323402,0.8126249765950109,0.9107652327591613,0.03215719338288159,0.03527068251540757,0.020267344963470227,0.049657221311491015,1.375,1.0867019152608406,1.0,1.925
W1_web,min_requests,15,20,0.8013492063492065,0.26510463913849264,0.6814246031746032,0.9063511904761904,0.5115530303030302,0.23202719830999813,0.41179103535353534,0.6090738636363636,0.5910259185259185,0.2067426233507427,0.49696693931068925,0.6732291007603507,0.02708667378930089,0.03776707846467423,0.012385203934630277,0.044437771587607186,0.9065608450857432,0.06710538783295364,0.8774295130549427,0.9346212101373125,0.0438649545595941,0.05640644488800959,0.024271458920657442,0.07146648006634482,1.1842105263157894,0.4475403866254069,1.0,1.394736842105263
W1_web,min_requests,20,20,0.8658658008658009,0.17229478876446525,0.790301406926407,0.9366666666666668,0.68002886002886,0.2687557375545352,0.56800716991342,0.7944067009379508,0.7148029211071005,0.17545195895231117,0.6406387046046489,0.7904533073995147,0.034726405140198244,0.054037469910310866,0.014001892551892553,0.05896141553210516,0.8907583478048936,0.0904538162631092,0.8516850655830327,0.9274275665202721,0.08753234350864876,0.09283604390560797,0.052467139022843286,0.13083776493775015,1.925,2.4402059878538727,1.1,3.15
W1_web,monotone_rate,0.0,20,0.9123318348318348,0.11670115104987128,0.8597320596070597,0.958405094905095,0.3849047192742845,0.13127584958427824,0.32731658116440726,0.4413713268213268,0.5276322138119969,0.13546501051723678,0.4666512234857445,0.5839332172417719,0.008570022177695851,0.012340027729693127,0.0037990293106216736,0.014292910898626197,0.9040080128022195,0.03365223042697268,0.8891997956614217,0.9178440395307805,0.0377861087647451,0.026581360774752243,0.027195611995497013,0.04974123792646663,1.45,0.9445132413883327,1.1,1.9
W1_web,monotone_rate,0.05,20,0.9558531746031746,0.08250843616441171,0.9174603174603175,0.9875,0.34082048751929606,0.1325751049681792,0.285499144752451,0.39767005289310814,0.48636048430329754,0.13960542080060823,0.4252224806303616,0.5443844659111645,0.004823163018316246,0.010192383748145276,0.0009615384615384616,0.00967140571687973,0.8880991189059604,0.04490913785832354,0.868130116363132,0.9067512639622758,0.0259349211597772,0.017409339074954452,0.019052171861845185,0.03388549747888544,1.475,0.8187763655859305,1.15,1.85
W1_web,monotone_rate,0.15,20,0.9341416040100251,0.1001585525556419,0.8897487468671681,0.9732166353383459,0.3485790445109499,0.14792027798175764,0.28868701042950184,0.41398188852951434,0.4902835037017426,0.15325021290372456,0.42737463699701245,0.557472548976682,0.005144221693651113,0.007734990835720234,0.002260809969667646,0.008494311594887269,0.8887996362827698,0.03903856353875574,0.8718558230827672,0.9055427554948777,0.03417285661111588,0.025200844308208053,0.024466785839296786,0.04590639180547392,1.35,0.5404676337745812,1.15,1.6
W1_web,monotone_rate,0.3,20,0.9175500449842554,0.09455287768808275,0.875042735042735,0.9562523195006748,0.3389019879917496,0.13325556898193233,0.28491041240783527,0.3963981952907619,0.4816347493533078,0.14016923819223437,0.42268997634484756,0.541207439519439,0.006818588045710903,0.007113897549389775,0.0038674035733762932,0.009962260972096855,0.8521734860343024,0.05974160018924269,0.8260329374315029,0.8770086178762729,0.034255678227821995,0.026223875743329354,0.023766025721475417,0.04624085397434556,1.775,0.9244486265649892,1.4,2.2
W1_web,monotone_rate,0.5,20,0.9433287545787545,0.07678117261545885,0.9092164606227106,0.9744505494505494,0.35114835448619874,0.11263665415927021,0.3029550033300034,0.4006901609923783,0.4996209929606187,0.11960791944615762,0.44777611567902503,0.551645951144249,0.00575690474130804,0.008482627775540688,0.0023997069060267447,0.009599299191302728,0.8287200891722284,0.04421154158435213,0.8100462281735163,0.8473611339710779,0.044384716045193326,0.03611557209355468,0.030317516146775907,0.06075927145403022,1.55,1.0117728057851307,1.175,2.025
W1_web,theft_delay_s,0.0,20,0.9408896250808017,0.08857648124700797,0.9010544602456367,0.9744747899159665,0.332697213674072,0.1366482629481192,0.27575790381019166,0.3919801486336374,0.47376561999022504,0.1483345640777684,0.4109186052326168,0.5371650827117487,0.005195086545085911,0.007848590732114663,0.0022569285847895216,0.008612124253047308,0.8727659240514007,0.049561523914177896,0.8514554096862101,0.8931308423631444,0.02513422092457193,0.016960290877907177,0.018409825390797118,0.03277605527745576,1.475,0.8025452930323753,1.175,1.825624999999991
W1_web,theft_delay_s,1.0,20,0.9408896250808017,0.08857648124700797,0.9010544602456367,0.9744747899159665,0.332697213674072,0.1366482629481192,0.27575790381019166,0.3919801486336374,0.47376561999022504,0.1483345640777684,0.4109186052326168,0.5371650827117487,0.005195086545085911,0.007848590732114663,0.0022569285847895216,0.008612124253047308,0.8727659240514007,0.049561523914177896,0.8514554096862101,0.8931308423631444,0.02513422092457193,0.016960290877907177,0.018409825390797118,0.03277605527745576,1.425,0.7992595257322144,1.125,1.8
W1_web,theft_delay_s,60.0,20,0.9408896250808017,0.08857648124700797,0.9010544602456367,0.9744747899159665,0.332697213674072,0.1366482629481192,0.27575790381019166,0.3919801486336374,0.47376561999022504,0.1483345640777684,0.4109186052326168,0.5371650827117487,0.005195086545085911,0.007848590732114663,0.0022569285847895216,0.008612124253047308,0.8727659240514007,0.049561523914177896,0.8514554096862101,0.8931308423631444,0.02513422092457193,0.016960290877907177,0.018409825390797118,0.03277605527745576,1.425,0.7992595257322144,1.125,1.8
W1_web,theft_delay_s,600.0,20,0.9408896250808017,0.08857648124700797,0.9010544602456367,0.9744747899159665,0.332697213674072,0.1366482629481192,0.27575790381019166,0.3919801486336374,0.47376561999022504,0.1483345640777684,0.4109186052326168,0.5371650827117487,0.005195086545085911,0.007848590732114663,0.0022569285847895216,0.008612124253047308,0.8727659240514007,0.049561523914177896,0.8514554096862101,0.8931308423631444,0.02513422092457193,0.016960290877907177,0.018409825390797118,0.03277605527745576,1.425,0.7992595257322144,1.125,1.8
W1_web,theft_position,0.10-0.20,20,0.9481813581155686,0.08542976837593039,0.909055023923445,0.9809090909090908,0.3929989685823644,0.16348086381900037,0.32508369270988746,0.4655260816216448,0.5370842805567395,0.16331819934235786,0.4673954188113353,0.6084866390434351,0.004778095865517427,0.0072532924411665475,0.0019127180575200377,0.008036690361238127,0.8885777823749802,0.043169870764464026,0.8703621757505889,0.9073661465553743,0.029070593923553684,0.02446612718538639,0.019566706720461936,0.04005998131212364,1.225,0.6171880204861231,1.0,1.525
W1_web,theft_position,0.25-0.50,20,0.9341416040100251,0.1001585525556419,0.8897487468671681,0.9732166353383459,0.3485790445109499,0.14792027798175764,0.28868701042950184,0.41398188852951434,0.4902835037017426,0.15325021290372456,0.42737463699701245,0.557472548976682,0.005144221693651113,0.007734990835720234,0.002260809969667646,0.008494311594887269,0.8887996362827698,0.03903856353875574,0.8718558230827672,0.9055427554948777,0.03417285661111588,0.025200844308208053,0.024466785839296786,0.04590639180547392,1.35,0.5404676337745812,1.15,1.6
W1_web,theft_position,0.50-0.70,20,0.870436507936508,0.20380425274325387,0.7801587301587302,0.9482142857142858,0.36524431708642235,0.17226367062934184,0.29287943251923515,0.43965769482710276,0.4886051280833553,0.18434817043270701,0.40978946534314004,0.566814713612411,0.005577161338854079,0.008064095970263365,0.002512636644396183,0.009107185941858066,0.8736024288135992,0.059876306867297766,0.8485950048584343,0.8988953458499789,0.02845296226839302,0.02269966318151014,0.019841645012992352,0.038872962180645065,2.25,1.895285008424299,1.525,3.1
W1_web,theft_position,0.70-0.85,20,0.7848809523809523,0.32853989442226955,0.6340446428571428,0.9113095238095239,0.2950599400599401,0.14814704023404485,0.2278123647186147,0.3552719155844155,0.41055039731510323,0.18667756611339534,0.3257455738705739,0.48439225235548755,0.005816651884801377,0.008151282434380533,0.0025030525030525033,0.00951174243051716,0.862042592293333,0.0850481647086025,0.8258042756683808,0.8971923405185582,0.026644073310412512,0.023342368981211177,0.017139851858108374,0.03697278613194846,2.888888888888889,2.342419284537925,1.8888888888888888,3.9722222222222223
W2_apt,attack_fraction,0.05,20,0.9142597118525394,0.05755258620134107,0.889945390802732,0.9392501679773994,0.2449295447690934,0.05604294280404871,0.22053343177202267,0.26771756542715797,0.38175078568736126,0.07100267278846924,0.3505500806859472,0.41057843676256967,0.006216660504162392,0.004127828759611976,0.004422876762143621,0.007963369146967485,0.8580339539994293,0.017291889557363566,0.8506023559609573,0.865352329764291,0.014561464405752187,0.0036075805856095417,0.012988377342896616,0.016114182375514402,1.45,0.5104177855340404,1.25,1.65
W2_apt,attack_fraction,0.1,20,0.9150418398874012,0.05750086772774417,0.8904662508104878,0.9399409762805195,0.24630087168631754,0.05817050132380768,0.22074331199509697,0.27003743549461967,0.3832370239424921,0.07374007164233559,0.35090603853281216,0.4131212223402165,0.006217069164036504,0.004128241614560011,0.004424303480897935,0.007964096039386649,0.8551444506274555,0.015795775631619758,0.848226638589893,0.861693461582079,0.013426448989820488,0.00292089035880882,0.012147006330724689,0.014651212089925331,1.475,0.4993416718672275,1.275,1.7
W2_apt,attack_fraction,0.2,20,0.9111016690500332,0.05805156409914773,0.8868546175976292,0.9364118949686756,0.2338136529892228,0.0482535541958228,0.21205847130050132,0.2532222959995027,0.36838944193586987,0.06145878799226493,0.3404655133523296,0.39287576443932287,0.006133757842480705,0.0040984368346359485,0.004351710197604854,0.007853721365508744,0.8514307261433014,0.010434308860706664,0.84699843026758,0.8558603161752751,0.013875453675559929,0.003257604982438219,0.012511951208115504,0.01531294024324878,1.5,0.512989176042577,1.3,1.7
W2_apt,attack_fraction,0.4,20,0.9124475780939383,0.05728426775270147,0.8883737804009869,0.9374427513090177,0.23440284901513442,0.05173786529319295,0.21132501588947344,0.2554104867209037,0.36869104346875414,0.06573272503594448,0.3394195577007372,0.3952432641867739,0.006178680612405382,0.0040839146288428945,0.004408242949823322,0.007887919428361324,0.850015814971792,0.00983028516477315,0.8459072870006327,0.8542734729086434,0.012301308906125161,0.0026777165862234553,0.011212683790338067,0.013490968304526927,2.55,0.6863327411532597,2.25,2.8
W2_apt,attack_fraction,0.6,20,0.9082809469618016,0.06024201246113711,0.8831793404911124,0.9345127559625271,0.22170245558079893,0.050836510144954154,0.19930630426797738,0.24268211358919317,0.3522241952183204,0.06575801590392542,0.3232163549775252,0.37938054766796725,0.006141020047955777,0.004104807136591203,0.0043567497678453655,0.007862700185470351,0.8500147610651336,0.012587299458128315,0.8446933587277962,0.8554846117295873,0.010116196216512252,0.0020412962570346676,0.00924256970693106,0.010970366657287373,3.55,0.8413648060396307,3.15,3.875
W2_apt,attack_rate,0.02,20,0.5378459027794892,0.2807382951991123,0.4240299147273767,0.6633483203887616,0.21961613886997555,0.09185830920231933,0.18136472456436034,0.2601146462226758,0.2790915590671682,0.07697791908961779,0.2463572421398634,0.31258312003441224,0.006074473025657459,0.003939701184180424,0.004346012716434783,0.00770574892160872,0.8338717608660839,0.042598418851685145,0.8156611109070983,0.8525719889439798,0.014763365235032735,0.013271751610991459,0.009721960962170057,0.020982396429487696,2.325,0.9072079782439492,1.925,2.725
W2_apt,attack_rate,0.05,20,0.6887999306749306,0.20102027091981903,0.6051490896178395,0.7773423684673684,0.22461782243291725,0.04962593563183174,0.20351582454561465,0.24586032787484577,0.3307455438754061,0.05698919799411979,0.3054842125901163,0.3546032974893261,0.0061814691530177115,0.004026569508571842,0.004432364351778436,0.007857573935636422,0.8464345812537065,0.020441575124480416,0.8376264674857602,0.8551094377332102,0.013276530848014376,0.005366611630665256,0.011041466823460232,0.015587564549587292,2.2,0.8944271909999159,1.825,2.575
W2_apt,attack_rate,0.1,20,0.8254105684345407,0.11722722948132612,0.7757093924167447,0.8756894826242266,0.2256161639101928,0.06514111393510999,0.1973790836014401,0.25201948363791704,0.3457802636900537,0.08139341000860235,0.310302442089456,0.3785169914198767,0.006190706583609865,0.004123312713089131,0.004396856737174498,0.007913003100728788,0.8565512053253833,0.017714075042401092,0.8487751841081986,0.863812747407481,0.01124065533285959,0.0038040263917705672,0.009585785104824034,0.012837486569211435,2.4,0.9403246919632545,2.0,2.8
W2_apt,attack_rate,0.2,20,0.9124475780939383,0.05728426775270147,0.8883737804009869,0.9374427513090177,0.23440284901513442,0.05173786529319295,0.21132501588947344,0.2554104867209037,0.36869104346875414,0.06573272503594448,0.3394195577007372,0.3952432641867739,0.006178680612405382,0.0040839146288428945,0.004408242949823322,0.007887919428361324,0.850015814971792,0.00983028516477315,0.8459072870006327,0.8542734729086434,0.012301308906125161,0.0026777165862234553,0.011212683790338067,0.013490968304526927,2.55,0.6863327411532597,2.25,2.8
W2_apt,attack_rate,0.35,20,0.9564936415798198,0.030634610850463834,0.9433926593784707,0.9694484083648042,0.23452343561748412,0.047154440020160164,0.21314301673724814,0.25353996672282814,0.3737532365554502,0.06218130235724496,0.34556149650282764,0.3988762678167667,0.006149684357596445,0.004265196806788823,0.00433867193108965,0.00796299786122253,0.8493922623184739,0.012334181844379299,0.843920328663813,0.8546250308169292,0.011965925545952489,0.0016492380973439319,0.01127979748441508,0.012676559554573178,2.8,0.6155870112510924,2.5,3.0
W2_apt,flapping_rate,0.0,20,0.9495907420495149,0.05515665852837724,0.9258116426146887,0.9726710350307296,0.40103330747828814,0.0307534996398986,0.38791766667044975,0.4144863118767882,0.5627098127244113,0.030270851933455595,0.5494912086997127,0.575385946410077,0.005469292161859223,0.005875239472786069,0.002978348202921888,0.00801583259272868,0.8733935793974551,0.012146226219656414,0.8683216832895884,0.8787079186976372,0.02653876260680344,0.004990501232054242,0.024535455011299556,0.028832393978681845,1.925,0.7656266783010607,1.6,2.25
W2_apt,flapping_rate,0.01,20,0.9447519277915907,0.03417888325562159,0.9296917239161063,0.9589462226319383,0.35395672862612904,0.03361989296643759,0.33947270580025235,0.3678944386195372,0.5138385622222478,0.0353449886464952,0.49838440342197726,0.5284004713133466,0.005067201101786101,0.003496835140828541,0.0036348418273894367,0.006634221674881065,0.8703265194762755,0.013880982563604337,0.8642510579767897,0.8761259196014933,0.02336800015126299,0.006344094909071092,0.02051978487722017,0.025891925267320582,2.2,0.714511242591377,1.9,2.5
W2_apt,flapping_rate,0.02,20,0.9154641294437008,0.030759810327820474,0.9023860847199485,0.9287742930840723,0.3208366053718835,0.050359054369498855,0.2991522472083241,0.34165664633624193,0.472506958504021,0.05542667027589451,0.44860797158446536,0.495441853849937,0.007287172485418834,0.0031524544385823387,0.005913566375191672,0.008620969855487411,0.8626510855527787,0.011015172515915871,0.8579632277630953,0.8672590837834442,0.019473795130035734,0.006840749556254397,0.016541305519081576,0.022374294120703176,2.2,0.6958523739384593,1.9,2.5
W2_apt,flapping_rate,0.05,20,0.9124475780939383,0.05728426775270147,0.8883737804009869,0.9374427513090177,0.23440284901513442,0.05173786529319295,0.21132501588947344,0.2554104867209037,0.36869104346875414,0.06573272503594448,0.3394195577007372,0.3952432641867739,0.006178680612405382,0.0040839146288428945,0.004408242949823322,0.007887919428361324,0.850015814971792,0.00983028516477315,0.8459072870006327,0.8542734729086434,0.012301308906125161,0.0026777165862234553,0.011212683790338067,0.013490968304526927,2.55,0.6863327411532597,2.25,2.8
W2_apt,flapping_rate,0.1,20,1.0,0.0,1.0,1.0,0.16206526060400012,0.02112030588373349,0.15317424670850271,0.1714089449721824,0.27838861463705555,0.03114739409304169,0.2652607538393094,0.29210641710976315,0.0,0.0,0.0,0.0,0.8382733590111903,0.013182881865559362,0.8327927617465612,0.8439919371419943,0.011933324179129175,0.0030984568280358936,0.010690864084489835,0.013357763875621367,1.65,0.7626132357679225,1.325,1.975
W2_apt,flapping_rate,0.2,20,1.0,0.0,1.0,1.0,0.19159224991976662,0.026719163904420324,0.17995941391680376,0.2025246638504127,0.32076384517735856,0.03802017128976211,0.3041407931025423,0.3362069721309055,0.0,0.0,0.0,0.0,0.8017465003390948,0.020223185651988856,0.7933043642885251,0.8107336256890242,0.021752189072603397,0.004459460113360893,0.019710250266719957,0.02362362781031155,1.05,0.22360679774997902,1.0,1.15
W2_apt,min_requests,7,20,0.9124475780939383,0.05728426775270147,0.8883737804009869,0.9374427513090177,0.23440284901513442,0.05173786529319295,0.21132501588947344,0.2554104867209037,0.36869104346875414,0.06573272503594448,0.3394195577007372,0.3952432641867739,0.006178680612405382,0.0040839146288428945,0.004408242949823322,0.007887919428361324,0.850015814971792,0.00983028516477315,0.8459072870006327,0.8542734729086434,0.012301308906125161,0.0026777165862234553,0.011212683790338067,0.013490968304526927,2.55,0.6863327411532597,2.25,2.8
W2_apt,min_requests,10,20,0.9249613410563736,0.06264203350447263,0.8978332052760218,0.9515031442673163,0.21644062103612088,0.059637073867248064,0.1912413944199715,0.2417801698103539,0.34537480520093256,0.0772084246735494,0.3127007185284028,0.377954803987095,0.005320339152188261,0.004396131553338131,0.003439298607912572,0.00722793770470052,0.8535784280413825,0.016553684956965648,0.8463625029403932,0.8605919484383303,0.010150913931304965,0.0028353200765044565,0.008940076350843413,0.01135209765059689,2.6,1.0711528467275955,2.125,3.05
W2_apt,min_requests,15,20,0.9026895981777135,0.08093302146990833,0.8685849157562866,0.9380167891319207,0.22216106968212174,0.06739597692669616,0.19439416676577276,0.25171979529403127,0.3501968502692149,0.08256160705830651,0.3151200533729328,0.38566358535874357,0.00737243484416083,0.006312606335477817,0.004655508905722859,0.0100188447517229,0.8444202514626611,0.021611729411407914,0.8352393175888931,0.8536684570840305,0.009448211938271866,0.004720075607665167,0.007556998586162141,0.011540465943121676,2.8,1.3018205875255096,2.25,3.375
W2_apt,min_requests,20,20,0.9164571131482895,0.11313687504587744,0.8645895337301588,0.9598296051375095,0.2571649169979019,0.1300211125522043,0.20310861515792428,0.3148328656207281,0.38234133661064174,0.14721995580258604,0.3193390861024273,0.44662781608249974,0.008006623869343855,0.01013237402757791,0.0037804907163104503,0.012390102314053346,0.8454467808740294,0.039996485369791626,0.8285616537127727,0.8631232656385768,0.009381088730627183,0.0069125629332845405,0.0066227412202113384,0.012456298290450623,2.55,2.1268954394906947,1.75,3.55
W2_apt,monotone_rate,0.0,20,0.9371387303764351,0.06812396302132018,0.9073838993851836,0.9655148033616401,0.2103548236957215,0.05295305883684096,0.18804318355179578,0.23310194555322408,0.3387206401883411,0.06537838393261383,0.3109625310768612,0.36682995492170506,0.004439566092965956,0.004944665871377314,0.00240417229035495,0.006601999852159602,0.8775569954648003,0.008109134803051385,0.8742229128182191,0.8811691194877577,0.010912157404682321,0.0020751824200743985,0.010013945213230145,0.011783833125464827,2.2,0.8491481799891862,1.825,2.55
W2_apt,monotone_rate,0.05,20,0.9540099912097093,0.057687806022862914,0.9275005134602764,0.9775304353632479,0.2112116553692714,0.06734840155573793,0.18405879218369336,0.24117479401065428,0.3394760877281206,0.08484788161523461,0.3050007283853435,0.3768540383453538,0.0033313466995229988,0.0040853776107163415,0.0016391011915655605,0.005197131300961879,0.8722363257927335,0.01146069544522716,0.8671830153930419,0.8769795578758647,0.011984299078370775,0.004411806645352584,0.010337572394726734,0.014101722706005067,2.2,0.894427190999916,1.8,2.55
W2_apt,monotone_rate,0.15,20,0.9124475780939383,0.05728426775270147,0.8883737804009869,0.9374427513090177,0.23440284901513442,0.05173786529319295,0.21132501588947344,0.2554104867209037,0.36869104346875414,0.06573272503594448,0.3394195577007372,0.3952432641867739,0.006178680612405382,0.0040839146288428945,0.004408242949823322,0.007887919428361324,0.850015814971792,0.00983028516477315,0.8459072870006327,0.8542734729086434,0.012301308906125161,0.0026777165862234553,0.011212683790338067,0.013490968304526927,2.55,0.6863327411532597,2.25,2.8
W2_apt,monotone_rate,0.3,20,0.9388540023595946,0.05496447657428763,0.9153600696358414,0.9623185047586437,0.23244060458667798,0.050080471266199494,0.2105326712694948,0.25408216620905094,0.36873077805375204,0.06251673103301779,0.3413099600319471,0.39565403976581187,0.004317555026458454,0.0038436749028853243,0.0026785966978997654,0.005958197089417025,0.8364244919523003,0.013282651940468937,0.8307174428133955,0.8420167893359211,0.01465142587377076,0.001930312673558762,0.013804826952435997,0.015456166537073483,2.225,0.7340407273943894,1.9,2.55
W2_apt,monotone_rate,0.5,20,0.9260275740511569,0.05863707031119413,0.9011918170149984,0.951320006011277,0.22564407715605758,0.04504258085851545,0.20573268778962303,0.24476773381521993,0.3593125444730031,0.05585904963091737,0.3347597581165848,0.3828974294646956,0.00516336280573784,0.004225366406450019,0.003345962705646213,0.006978047668369452,0.8066331272412581,0.012573852865299237,0.8011271122641447,0.8118536712329143,0.017773906108276373,0.004420370498296927,0.015920384351547936,0.01974428649206888,2.225,0.89552983434977,1.825,2.6
W2_apt,theft_delay_s,0.0,20,0.9132746291833582,0.05698232311296265,0.8893784851724212,0.9380891602209728,0.2306398408595836,0.06180092712170799,0.2032856681317424,0.2565320580816802,0.36254204079266683,0.07967871473412588,0.3270052851450187,0.3957781486793998,0.006139910085168969,0.0041041105347900475,0.004355820282875955,0.007864334107552466,0.8521212621861679,0.007863371248828114,0.8487266873326287,0.855404127540836,0.011443523125400552,0.0036141726787920067,0.009960247847364757,0.013021335575240394,2.7,0.6569466853317862,2.4,2.95
W2_apt,theft_delay_s,1.0,20,0.9133656655979241,0.05686924754677551,0.8895513934203174,0.9381110452684674,0.2309817461781108,0.061586578080978054,0.2036684591909932,0.2567943834185138,0.36301861063290397,0.07933267229587429,0.3277955601397923,0.3961146012297551,0.006139910085168969,0.0041041105347900475,0.004355820282875955,0.007864334107552466,0.8521269793078782,0.00787543051800175,0.8487214907574622,0.8554144507885543,0.01159699088362778,0.0036365468957690822,0.010098893917360536,0.013176519606155335,2.725,0.6381511122808321,2.425,2.975
W2_apt,theft_delay_s,60.0,20,0.9133656655979241,0.05686924754677551,0.8895513934203174,0.9381110452684674,0.2309817461781108,0.061586578080978054,0.2036684591909932,0.2567943834185138,0.36301861063290397,0.07933267229587429,0.3277955601397923,0.3961146012297551,0.006139910085168969,0.0041041105347900475,0.004355820282875955,0.007864334107552466,0.8521323578481832,0.007866611137617567,0.8487312931461013,0.8554183403453312,0.011541320571532445,0.003424182284223132,0.010127380568036354,0.013018314417689756,2.725,0.6381511122808321,2.425,2.975
W2_apt,theft_delay_s,600.0,20,0.9133656655979241,0.05686924754677551,0.8895513934203174,0.9381110452684674,0.2309817461781108,0.061586578080978054,0.2036684591909932,0.2567943834185138,0.36301861063290397,0.07933267229587429,0.3277955601397923,0.3961146012297551,0.006139910085168969,0.0041041105347900475,0.004355820282875955,0.007864334107552466,0.8521323578481832,0.007866611137617567,0.8487312931461013,0.8554183403453312,0.011541320571532445,0.003424182284223132,0.010127380568036354,0.013018314417689756,2.725,0.6381511122808321,2.425,2.975
W2_apt,theft_position,0.10-0.20,20,0.9177402191880673,0.05584719868553586,0.8940157942689839,0.9419302463555183,0.24965986976650484,0.05674600040497339,0.2247875449288492,0.2730222691450893,0.38811034519964577,0.07137899927917737,0.35641593413570555,0.41715797741566013,0.006179230548758698,0.004130681240461105,0.0043836796545691495,0.007911451786329364,0.8505557028829432,0.01098353301652248,0.8458663235254483,0.8553304990660059,0.012299574735888833,0.0027195647574322357,0.011135286519692136,0.01345014086841551,1.575,0.4940434670840422,1.35,1.775
W2_apt,theft_position,0.25-0.50,20,0.9124475780939383,0.05728426775270147,0.8883737804009869,0.9374427513090177,0.23440284901513442,0.05173786529319295,0.21132501588947344,0.2554104867209037,0.36869104346875414,0.06573272503594448,0.3394195577007372,0.3952432641867739,0.006178680612405382,0.0040839146288428945,0.004408242949823322,0.007887919428361324,0.850015814971792,0.00983028516477315,0.8459072870006327,0.8542734729086434,0.012301308906125161,0.0026777165862234553,0.011212683790338067,0.013490968304526927,2.55,0.6863327411532597,2.25,2.8
W2_apt,theft_position,0.50-0.70,20,0.8687512680043328,0.08732945582394824,0.8317498591785251,0.9066182262751759,0.21708118953447317,0.05456724453874038,0.19255040749732483,0.23864558533648547,0.3417595719284447,0.07227876172879923,0.309211587786339,0.3704901975608739,0.005982565255683104,0.003966689753190747,0.00424953117757769,0.007647989383009188,0.8573658144548005,0.011895929216577906,0.8522450803563045,0.8625774224097038,0.013038810808463053,0.003006544402867663,0.011682591770799144,0.014261439531060006,2.95,0.7591546545162482,2.6,3.25
W2_apt,theft_position,0.70-0.85,20,0.6386570148852758,0.22948209850261472,0.5431193394769481,0.7387982404169903,0.1703585410613439,0.06378756002879553,0.14329768996887168,0.19718983376595217,0.25423684552399073,0.07676929753965875,0.221288512762087,0.2863735807383709,0.0060838813321513925,0.0039625695149613956,0.004354863615500953,0.0077260666820026785,0.8511669719268342,0.025855061972465874,0.8398201564780334,0.861665402778675,0.01189231966277279,0.004068234753355186,0.010172364284518185,0.013627821838065388,2.975,0.9524898120742622,2.55,3.35
