workload,requests,live_sessions,throughput_req_per_s,throughput_req_per_s_min,throughput_req_per_s_max,us_per_request_uninstrumented,latency_us_median,latency_us_p95,latency_us_p99,latency_us_max,state_bytes_per_session
W1_web,95,6,47872.134039945464,39905.922845786845,56461.078973627475,20.888978944735992,17.901999854075257,40.064100448944366,69.29565961399935,81.39700003084727,4927.333333333333
W1_web,164,12,57499.19185413784,44958.42030874977,59017.792766220955,17.391548781011895,15.604499822075013,29.57319989036476,48.629769898980186,61.48000011307886,4636.333333333333
W1_web,674,31,59916.05884696511,58738.64084932901,60548.80575005119,16.69001632023486,15.287499991245568,23.93955028310304,48.225469927274304,66.79400030407123,5225.580645161291
W1_web,1147,63,57234.34655447271,48768.058052756394,58730.08655731014,17.47202615562757,15.845999769226182,24.706300246180042,48.43717988478599,76.42099990334827,4927.126984126984
W1_web,1993,127,57694.589622568456,57001.30791236098,58310.74389225596,17.33264776718039,15.825999980734196,23.14540015504462,47.00396006228401,76.76299992454005,4712.055118110236
W2_apt,1109,78,54178.41631474953,48957.870583246564,54336.346688088386,18.457534716232747,16.973000128928106,26.871199952438474,54.35051982203745,87.83100020082202,3485.5
W2_apt,2123,156,51389.36211673539,48283.865644746475,54512.31391582459,19.459280263654826,17.092999769374728,52.43659988991556,84.5202796517702,268.7620008146041,3438.730769230769
W2_apt,5268,390,53466.234885036836,48321.11150755451,54731.684513953325,18.70339293855648,17.094999748223927,26.28075021675613,50.53150053754506,149.27999927749624,3414.5692307692307
W2_apt,11201,781,52654.54397769817,42938.72610819577,53534.29716261655,18.991713239859223,16.87199983280152,28.796000151487533,52.211000365787186,426.7670001354418,3421.3226632522405
W2_apt,22007,1563,53208.30573449569,52293.387121373096,53677.61559700854,18.794058299655386,16.926000171224587,23.1945005907619,47.088860392250325,131.2869999310351,3366.255918106206
