workload,prevalence,tpr,fpr,precision,alerts_per_million_sessions,true_alerts_per_million,false_alerts_per_million,missed_hijacks_per_million
W1_web,1e-05,0.3579193199704147,0.0084888056771347,0.0004214633499962879,8492.299982277633,3.5791931997041475,8488.720789077928,6.420806800295853
W1_web,0.0001,0.3579193199704147,0.0084888056771347,0.004199083424068889,8523.748728564025,35.791931997041466,8487.956796566985,64.20806800295854
W1_web,0.001,0.3579193199704147,0.0084888056771347,0.04049669099334018,8838.236191427979,357.9193199704147,8480.316871457564,642.0806800295853
W1_web,0.01,0.3579193199704147,0.0084888056771347,0.29868648078512766,11983.1108200675,3579.193199704147,8403.917620363352,6420.8068002958535
W1_web,0.05,0.3579193199704147,0.0084888056771347,0.6893581491095436,25960.3313917987,17895.965998520736,8064.365393277964,32104.034001479264
W1_web,0.2,0.3579193199704147,0.0084888056771347,0.9133518026549714,78374.9085357907,71583.86399408295,6791.04454170776,128416.13600591705
W2_apt,1e-05,0.2290866702004262,0.005628296229052,0.0004068651390380033,5630.530812791714,2.2908667020042626,5628.23994608971,7.70913329799574
W2_apt,0.0001,0.2290866702004262,0.005628296229052,0.004054170614710059,5650.642066449138,22.90866702004262,5627.733399429095,77.0913329799574
W2_apt,0.001,0.2290866702004262,0.005628296229052,0.03914837270894204,5851.754603023374,229.0866702004262,5622.6679328229475,770.9133297995738
W2_apt,0.01,0.2290866702004262,0.005628296229052,0.29135211412414147,7862.879968765741,2290.8667020042617,5572.01326676148,7709.133297995738
W2_apt,0.05,0.2290866702004262,0.005628296229052,0.6817562634229931,16801.214927620713,11454.33351002131,5346.8814175994,38545.6664899787
W2_apt,0.2,0.2290866702004262,0.005628296229052,0.9105198812385183,50319.97102332685,45817.33404008524,4502.6369832416,154182.6659599148
