workload,idle_seconds,min_requests,sessions,requests,median_length
W1_web,900.0,5,701,6459,6.0
W1_web,900.0,7,254,3874,9.0
W1_web,900.0,10,108,2772,22.0
W1_web,900.0,15,76,2408,30.5
W1_web,1800.0,5,701,6459,6.0
W1_web,1800.0,7,254,3874,9.0
W1_web,1800.0,10,108,2772,22.0
W1_web,1800.0,15,76,2408,30.5
W1_web,3600.0,5,667,7197,6.0
W1_web,3600.0,7,273,4896,9.0
W1_web,3600.0,10,134,3853,21.5
W1_web,3600.0,15,92,3380,32.0
W2_apt,900.0,5,3563,45686,10.0
W2_apt,900.0,7,3126,43307,12.0
W2_apt,900.0,10,2351,36945,14.0
W2_apt,900.0,15,1096,22640,17.0
W2_apt,1800.0,5,3563,45686,10.0
W2_apt,1800.0,7,3126,43307,12.0
W2_apt,1800.0,10,2351,36945,14.0
W2_apt,1800.0,15,1096,22640,17.0
W2_apt,3600.0,5,2812,47841,14.0
W2_apt,3600.0,7,2705,47270,14.0
W2_apt,3600.0,10,2302,43888,15.0
W2_apt,3600.0,15,1310,32530,18.0
