workload,alpha,seed,recall,precision,f1,fpr,roc_auc
W1_web,0.001,0,0.5294117647058824,0.8181818181818182,0.6428571428571428,0.01818181818181818,0.9441176470588235
W1_web,0.001,1,0.5,0.9090909090909091,0.6451612903225806,0.009345794392523364,0.9686915887850467
W1_web,0.001,2,0.4482758620689655,0.9285714285714286,0.6046511627906977,0.01020408163265306,0.967100633356791
W1_web,0.001,3,0.5217391304347826,0.9230769230769231,0.6666666666666667,0.009615384615384616,0.9707357859531772
W1_web,0.001,4,0.391304347826087,1.0,0.5625,0.0,0.9703177257525084
W1_web,0.001,5,0.6538461538461539,0.9444444444444444,0.7727272727272727,0.009900990099009901,0.9794364051789795
W1_web,0.001,6,0.5882352941176471,0.9090909090909091,0.7142857142857143,0.00909090909090909,0.9679144385026738
W1_web,0.001,7,0.375,0.8571428571428571,0.5217391304347825,0.009009009009009009,0.9507319819819819
W1_web,0.001,8,0.5217391304347826,1.0,0.6857142857142856,0.0,0.9544314381270903
W1_web,0.001,9,0.391304347826087,0.9,0.5454545454545454,0.009615384615384616,0.9715719063545151
W1_web,0.001,10,0.631578947368421,0.7058823529411765,0.6666666666666667,0.046296296296296294,0.959307992202729
W1_web,0.001,11,0.47058823529411764,1.0,0.6399999999999999,0.0,0.9601604278074867
W1_web,0.001,12,0.5925925925925926,0.8888888888888888,0.711111111111111,0.02,0.9590740740740741
W1_web,0.001,13,0.47619047619047616,0.9090909090909091,0.6249999999999999,0.009433962264150943,0.9786612758310872
W1_web,0.001,14,0.3333333333333333,0.7272727272727273,0.4571428571428572,0.02912621359223301,0.9514563106796117
W1_web,0.002,0,0.5294117647058824,0.8181818181818182,0.6428571428571428,0.01818181818181818,0.9441176470588235
W1_web,0.002,1,0.5,0.9090909090909091,0.6451612903225806,0.009345794392523364,0.9686915887850467
W1_web,0.002,2,0.4482758620689655,0.9285714285714286,0.6046511627906977,0.01020408163265306,0.967100633356791
W1_web,0.002,3,0.5217391304347826,0.9230769230769231,0.6666666666666667,0.009615384615384616,0.9707357859531772
W1_web,0.002,4,0.391304347826087,1.0,0.5625,0.0,0.9703177257525084
W1_web,0.002,5,0.6538461538461539,0.9444444444444444,0.7727272727272727,0.009900990099009901,0.9794364051789795
W1_web,0.002,6,0.5882352941176471,0.9090909090909091,0.7142857142857143,0.00909090909090909,0.9679144385026738
W1_web,0.002,7,0.375,0.8571428571428571,0.5217391304347825,0.009009009009009009,0.9507319819819819
W1_web,0.002,8,0.5217391304347826,1.0,0.6857142857142856,0.0,0.9544314381270903
W1_web,0.002,9,0.391304347826087,0.9,0.5454545454545454,0.009615384615384616,0.9715719063545151
W1_web,0.002,10,0.631578947368421,0.7058823529411765,0.6666666666666667,0.046296296296296294,0.959307992202729
W1_web,0.002,11,0.47058823529411764,1.0,0.6399999999999999,0.0,0.9601604278074867
W1_web,0.002,12,0.5925925925925926,0.8888888888888888,0.711111111111111,0.02,0.9590740740740741
W1_web,0.002,13,0.47619047619047616,0.9090909090909091,0.6249999999999999,0.009433962264150943,0.9786612758310872
W1_web,0.002,14,0.3333333333333333,0.7272727272727273,0.4571428571428572,0.02912621359223301,0.9514563106796117
W1_web,0.005,0,0.5294117647058824,0.8181818181818182,0.6428571428571428,0.01818181818181818,0.9441176470588235
W1_web,0.005,1,0.5,0.9090909090909091,0.6451612903225806,0.009345794392523364,0.9686915887850467
W1_web,0.005,2,0.4482758620689655,0.9285714285714286,0.6046511627906977,0.01020408163265306,0.967100633356791
W1_web,0.005,3,0.5217391304347826,0.9230769230769231,0.6666666666666667,0.009615384615384616,0.9707357859531772
W1_web,0.005,4,0.391304347826087,1.0,0.5625,0.0,0.9703177257525084
W1_web,0.005,5,0.6538461538461539,0.9444444444444444,0.7727272727272727,0.009900990099009901,0.9794364051789795
W1_web,0.005,6,0.5882352941176471,0.9090909090909091,0.7142857142857143,0.00909090909090909,0.9679144385026738
W1_web,0.005,7,0.375,0.8571428571428571,0.5217391304347825,0.009009009009009009,0.9507319819819819
W1_web,0.005,8,0.5217391304347826,1.0,0.6857142857142856,0.0,0.9544314381270903
W1_web,0.005,9,0.391304347826087,0.9,0.5454545454545454,0.009615384615384616,0.9715719063545151
W1_web,0.005,10,0.631578947368421,0.7058823529411765,0.6666666666666667,0.046296296296296294,0.959307992202729
W1_web,0.005,11,0.47058823529411764,1.0,0.6399999999999999,0.0,0.9601604278074867
W1_web,0.005,12,0.5925925925925926,0.8888888888888888,0.711111111111111,0.02,0.9590740740740741
W1_web,0.005,13,0.47619047619047616,0.9090909090909091,0.6249999999999999,0.009433962264150943,0.9786612758310872
W1_web,0.005,14,0.3333333333333333,0.7272727272727273,0.4571428571428572,0.02912621359223301,0.9514563106796117
W1_web,0.01,0,0.5294117647058824,0.8181818181818182,0.6428571428571428,0.01818181818181818,0.9441176470588235
W1_web,0.01,1,0.6,0.8571428571428571,0.7058823529411764,0.018691588785046728,0.9686915887850467
W1_web,0.01,2,0.5172413793103449,0.8823529411764706,0.6521739130434783,0.02040816326530612,0.967100633356791
W1_web,0.01,3,0.5217391304347826,0.9230769230769231,0.6666666666666667,0.009615384615384616,0.9707357859531772
W1_web,0.01,4,0.6521739130434783,1.0,0.7894736842105263,0.0,0.9703177257525084
W1_web,0.01,5,0.6538461538461539,0.9444444444444444,0.7727272727272727,0.009900990099009901,0.9794364051789795
W1_web,0.01,6,0.5882352941176471,0.9090909090909091,0.7142857142857143,0.00909090909090909,0.9679144385026738
W1_web,0.01,7,0.375,0.8571428571428571,0.5217391304347825,0.009009009009009009,0.9507319819819819
W1_web,0.01,8,0.5217391304347826,1.0,0.6857142857142856,0.0,0.9544314381270903
W1_web,0.01,9,0.6086956521739131,0.875,0.717948717948718,0.019230769230769232,0.9715719063545151
W1_web,0.01,10,0.6842105263157895,0.7222222222222222,0.7027027027027027,0.046296296296296294,0.959307992202729
W1_web,0.01,11,0.5882352941176471,0.7692307692307693,0.6666666666666667,0.02727272727272727,0.9601604278074867
W1_web,0.01,12,0.5925925925925926,0.8888888888888888,0.711111111111111,0.02,0.9590740740740741
W1_web,0.01,13,0.7142857142857143,0.7894736842105263,0.7500000000000001,0.03773584905660377,0.9786612758310872
W1_web,0.01,14,0.3333333333333333,0.7272727272727273,0.4571428571428572,0.02912621359223301,0.9514563106796117
W1_web,0.02,0,0.6470588235294118,0.8461538461538461,0.7333333333333334,0.01818181818181818,0.9441176470588235
W1_web,0.02,1,0.6,0.8571428571428571,0.7058823529411764,0.018691588785046728,0.9686915887850467
W1_web,0.02,2,0.5862068965517241,0.85,0.6938775510204082,0.030612244897959183,0.967100633356791
W1_web,0.02,3,0.7391304347826086,0.7727272727272727,0.7555555555555555,0.04807692307692308,0.9707357859531772
W1_web,0.02,4,0.6521739130434783,0.8333333333333334,0.7317073170731708,0.028846153846153848,0.9703177257525084
W1_web,0.02,5,0.7307692307692307,0.9047619047619048,0.8085106382978723,0.019801980198019802,0.9794364051789795
W1_web,0.02,6,0.5882352941176471,0.9090909090909091,0.7142857142857143,0.00909090909090909,0.9679144385026738
W1_web,0.02,7,0.5,0.8,0.6153846153846154,0.018018018018018018,0.9507319819819819
W1_web,0.02,8,0.5217391304347826,0.9230769230769231,0.6666666666666667,0.009615384615384616,0.9544314381270903
W1_web,0.02,9,0.6956521739130435,0.8421052631578947,0.761904761904762,0.028846153846153848,0.9715719063545151
W1_web,0.02,10,0.8421052631578947,0.64,0.7272727272727272,0.08333333333333333,0.959307992202729
W1_web,0.02,11,0.5882352941176471,0.7692307692307693,0.6666666666666667,0.02727272727272727,0.9601604278074867
W1_web,0.02,12,0.5925925925925926,0.8888888888888888,0.711111111111111,0.02,0.9590740740740741
W1_web,0.02,13,0.7142857142857143,0.7894736842105263,0.7500000000000001,0.03773584905660377,0.9786612758310872
W1_web,0.02,14,0.3333333333333333,0.7272727272727273,0.4571428571428572,0.02912621359223301,0.9514563106796117
W1_web,0.05,0,0.7058823529411765,0.75,0.7272727272727272,0.03636363636363636,0.9441176470588235
W1_web,0.05,1,0.65,0.6842105263157895,0.6666666666666667,0.056074766355140186,0.9686915887850467
W1_web,0.05,2,0.7931034482758621,0.8846153846153846,0.8363636363636363,0.030612244897959183,0.967100633356791
W1_web,0.05,3,0.9565217391304348,0.7096774193548387,0.8148148148148149,0.08653846153846154,0.9707357859531772
W1_web,0.05,4,0.9130434782608695,0.6363636363636364,0.75,0.11538461538461539,0.9703177257525084
W1_web,0.05,5,0.9230769230769231,0.8275862068965517,0.8727272727272727,0.04950495049504951,0.9794364051789795
W1_web,0.05,6,0.8235294117647058,0.7777777777777778,0.7999999999999999,0.03636363636363636,0.9679144385026738
W1_web,0.05,7,0.625,0.6666666666666666,0.6451612903225806,0.04504504504504504,0.9507319819819819
W1_web,0.05,8,0.8260869565217391,0.7037037037037037,0.76,0.07692307692307693,0.9544314381270903
W1_web,0.05,9,0.9130434782608695,0.6774193548387096,0.7777777777777777,0.09615384615384616,0.9715719063545151
W1_web,0.05,10,0.9473684210526315,0.6428571428571429,0.7659574468085106,0.09259259259259259,0.959307992202729
W1_web,0.05,11,0.7647058823529411,0.6842105263157895,0.7222222222222222,0.05454545454545454,0.9601604278074867
W1_web,0.05,12,0.6296296296296297,0.7391304347826086,0.68,0.06,0.9590740740740741
W1_web,0.05,13,1.0,0.7777777777777778,0.8750000000000001,0.05660377358490566,0.9786612758310872
W1_web,0.05,14,0.625,0.75,0.6818181818181818,0.04854368932038835,0.9514563106796117
W1_web,0.1,0,0.7647058823529411,0.40625,0.5306122448979592,0.17272727272727273,0.9441176470588235
W1_web,0.1,1,0.95,0.59375,0.7307692307692308,0.12149532710280374,0.9686915887850467
W1_web,0.1,2,0.8620689655172413,0.78125,0.8196721311475409,0.07142857142857142,0.967100633356791
W1_web,0.1,3,0.9565217391304348,0.5945945945945946,0.7333333333333334,0.14423076923076922,0.9707357859531772
W1_web,0.1,4,0.9565217391304348,0.6285714285714286,0.7586206896551724,0.125,0.9703177257525084
W1_web,0.1,5,0.9615384615384616,0.5813953488372093,0.7246376811594203,0.1782178217821782,0.9794364051789795
W1_web,0.1,6,0.8235294117647058,0.7,0.7567567567567567,0.05454545454545454,0.9679144385026738
W1_web,0.1,7,0.8125,0.5909090909090909,0.6842105263157896,0.08108108108108109,0.9507319819819819
W1_web,0.1,8,0.8260869565217391,0.5588235294117647,0.6666666666666667,0.14423076923076922,0.9544314381270903
W1_web,0.1,9,0.9130434782608695,0.6176470588235294,0.7368421052631579,0.125,0.9715719063545151
W1_web,0.1,10,0.9473684210526315,0.4186046511627907,0.5806451612903226,0.23148148148148148,0.959307992202729
W1_web,0.1,11,0.8235294117647058,0.5833333333333334,0.6829268292682927,0.09090909090909091,0.9601604278074867
W1_web,0.1,12,0.8888888888888888,0.6857142857142857,0.7741935483870968,0.11,0.9590740740740741
W1_web,0.1,13,1.0,0.6363636363636364,0.7777777777777778,0.11320754716981132,0.9786612758310872
W1_web,0.1,14,0.75,0.72,0.7346938775510204,0.06796116504854369,0.9514563106796117
W2_apt,0.001,0,0.330188679245283,0.9545454545454546,0.4906542056074766,0.004016064257028112,0.9618587557778283
W2_apt,0.001,1,0.33783783783783783,0.9090909090909091,0.49261083743842365,0.007892659826361484,0.9531000021331513
W2_apt,0.001,2,0.35570469798657717,0.8983050847457628,0.5096153846153846,0.009486166007905139,0.9657174310953126
W2_apt,0.001,3,0.3924914675767918,0.8778625954198473,0.5424528301886792,0.012598425196850394,0.9587930988148665
W2_apt,0.001,4,0.31788079470198677,0.8648648648648649,0.46489104116222757,0.011895321173671689,0.9533824201332907
W2_apt,0.001,5,0.3137254901960784,0.9320388349514563,0.46943765281173594,0.005568814638027049,0.9633828339078936
W2_apt,0.001,6,0.329153605015674,0.860655737704918,0.47619047619047616,0.013665594855305467,0.951821407331996
W2_apt,0.001,7,0.38064516129032255,0.9147286821705426,0.5375854214123006,0.008778930566640064,0.9651249903457508
W2_apt,0.001,8,0.3380281690140845,0.897196261682243,0.4910485933503836,0.008600469116497263,0.9626468742085036
W2_apt,0.001,9,0.30357142857142855,0.9532710280373832,0.4604966139954853,0.004074979625101874,0.962256714014049
W2_apt,0.001,10,0.34385964912280703,0.9333333333333333,0.5025641025641027,0.005477308294209703,0.9709167284408203
W2_apt,0.001,11,0.3388704318936877,0.8947368421052632,0.491566265060241,0.009508716323296355,0.9642093707714907
W2_apt,0.001,12,0.3,0.8773584905660378,0.44711538461538464,0.010375099760574621,0.9574569420487604
W2_apt,0.001,13,0.3333333333333333,0.8818181818181818,0.4837905236907731,0.010220125786163521,0.9576727938792712
W2_apt,0.001,14,0.3623693379790941,0.8888888888888888,0.5148514851485149,0.01018808777429467,0.957228326761548
W2_apt,0.002,0,0.330188679245283,0.9545454545454546,0.4906542056074766,0.004016064257028112,0.9618587557778283
W2_apt,0.002,1,0.33783783783783783,0.9090909090909091,0.49261083743842365,0.007892659826361484,0.9531000021331513
W2_apt,0.002,2,0.35570469798657717,0.8983050847457628,0.5096153846153846,0.009486166007905139,0.9657174310953126
W2_apt,0.002,3,0.3924914675767918,0.8778625954198473,0.5424528301886792,0.012598425196850394,0.9587930988148665
W2_apt,0.002,4,0.31788079470198677,0.8648648648648649,0.46489104116222757,0.011895321173671689,0.9533824201332907
W2_apt,0.002,5,0.3137254901960784,0.9320388349514563,0.46943765281173594,0.005568814638027049,0.9633828339078936
W2_apt,0.002,6,0.329153605015674,0.860655737704918,0.47619047619047616,0.013665594855305467,0.951821407331996
W2_apt,0.002,7,0.38064516129032255,0.9147286821705426,0.5375854214123006,0.008778930566640064,0.9651249903457508
W2_apt,0.002,8,0.3380281690140845,0.897196261682243,0.4910485933503836,0.008600469116497263,0.9626468742085036
W2_apt,0.002,9,0.30357142857142855,0.9532710280373832,0.4604966139954853,0.004074979625101874,0.962256714014049
W2_apt,0.002,10,0.34385964912280703,0.9333333333333333,0.5025641025641027,0.005477308294209703,0.9709167284408203
W2_apt,0.002,11,0.3388704318936877,0.8947368421052632,0.491566265060241,0.009508716323296355,0.9642093707714907
W2_apt,0.002,12,0.3,0.8773584905660378,0.44711538461538464,0.010375099760574621,0.9574569420487604
W2_apt,0.002,13,0.3333333333333333,0.8818181818181818,0.4837905236907731,0.010220125786163521,0.9576727938792712
W2_apt,0.002,14,0.3623693379790941,0.8888888888888888,0.5148514851485149,0.01018808777429467,0.957228326761548
W2_apt,0.005,0,0.330188679245283,0.9545454545454546,0.4906542056074766,0.004016064257028112,0.9618587557778283
W2_apt,0.005,1,0.33783783783783783,0.9090909090909091,0.49261083743842365,0.007892659826361484,0.9531000021331513
W2_apt,0.005,2,0.35570469798657717,0.8983050847457628,0.5096153846153846,0.009486166007905139,0.9657174310953126
W2_apt,0.005,3,0.3924914675767918,0.8778625954198473,0.5424528301886792,0.012598425196850394,0.9587930988148665
W2_apt,0.005,4,0.31788079470198677,0.8648648648648649,0.46489104116222757,0.011895321173671689,0.9533824201332907
W2_apt,0.005,5,0.3137254901960784,0.9320388349514563,0.46943765281173594,0.005568814638027049,0.9633828339078936
W2_apt,0.005,6,0.329153605015674,0.860655737704918,0.47619047619047616,0.013665594855305467,0.951821407331996
W2_apt,0.005,7,0.38064516129032255,0.9147286821705426,0.5375854214123006,0.008778930566640064,0.9651249903457508
W2_apt,0.005,8,0.4753521126760563,0.8181818181818182,0.6013363028953229,0.023455824863174355,0.9626468742085036
W2_apt,0.005,9,0.30357142857142855,0.9532710280373832,0.4604966139954853,0.004074979625101874,0.962256714014049
W2_apt,0.005,10,0.34385964912280703,0.9333333333333333,0.5025641025641027,0.005477308294209703,0.9709167284408203
W2_apt,0.005,11,0.3388704318936877,0.8947368421052632,0.491566265060241,0.009508716323296355,0.9642093707714907
W2_apt,0.005,12,0.3,0.8773584905660378,0.44711538461538464,0.010375099760574621,0.9574569420487604
W2_apt,0.005,13,0.3333333333333333,0.8818181818181818,0.4837905236907731,0.010220125786163521,0.9576727938792712
W2_apt,0.005,14,0.3623693379790941,0.8888888888888888,0.5148514851485149,0.01018808777429467,0.957228326761548
W2_apt,0.01,0,0.330188679245283,0.9545454545454546,0.4906542056074766,0.004016064257028112,0.9618587557778283
W2_apt,0.01,1,0.44594594594594594,0.8461538461538461,0.584070796460177,0.018942383583267563,0.9531000021331513
W2_apt,0.01,2,0.4966442953020134,0.8554913294797688,0.6284501061571126,0.019762845849802372,0.9657174310953126
W2_apt,0.01,3,0.3924914675767918,0.8778625954198473,0.5424528301886792,0.012598425196850394,0.9587930988148665
W2_apt,0.01,4,0.44039735099337746,0.7823529411764706,0.5635593220338982,0.029341792228390166,0.9533824201332907
W2_apt,0.01,5,0.4411764705882353,0.8385093167701864,0.5781584582441113,0.020684168655529037,0.9633828339078936
W2_apt,0.01,6,0.329153605015674,0.860655737704918,0.47619047619047616,0.013665594855305467,0.951821407331996
W2_apt,0.01,7,0.5032258064516129,0.861878453038674,0.6354378818737271,0.019952114924181964,0.9651249903457508
W2_apt,0.01,8,0.4753521126760563,0.8181818181818182,0.6013363028953229,0.023455824863174355,0.9626468742085036
W2_apt,0.01,9,0.45535714285714285,0.8742857142857143,0.5988258317025441,0.017929910350448247,0.962256714014049
W2_apt,0.01,10,0.49122807017543857,0.8860759493670886,0.6320541760722347,0.014084507042253521,0.9709167284408203
W2_apt,0.01,11,0.46179401993355484,0.8224852071005917,0.5914893617021277,0.02377179080824089,0.9642093707714907
W2_apt,0.01,12,0.43870967741935485,0.8717948717948718,0.5836909871244635,0.01596169193934557,0.9574569420487604
W2_apt,0.01,13,0.47766323024054985,0.8273809523809523,0.6056644880174291,0.02279874213836478,0.9576727938792712
W2_apt,0.01,14,0.3623693379790941,0.8888888888888888,0.5148514851485149,0.01018808777429467,0.957228326761548
W2_apt,0.02,0,0.46226415094339623,0.8963414634146342,0.6099585062240663,0.013654618473895583,0.9618587557778283
W2_apt,0.02,1,0.5506756756756757,0.7309417040358744,0.6281310211946051,0.0473559589581689,0.9531000021331513
W2_apt,0.02,2,0.4966442953020134,0.8554913294797688,0.6284501061571126,0.019762845849802372,0.9657174310953126
W2_apt,0.02,3,0.5051194539249146,0.8131868131868132,0.623157894736842,0.026771653543307086,0.9587930988148665
W2_apt,0.02,4,0.44039735099337746,0.7823529411764706,0.5635593220338982,0.029341792228390166,0.9533824201332907
W2_apt,0.02,5,0.4411764705882353,0.8385093167701864,0.5781584582441113,0.020684168655529037,0.9633828339078936
W2_apt,0.02,6,0.445141065830721,0.7888888888888889,0.5691382765531062,0.03054662379421222,0.951821407331996
W2_apt,0.02,7,0.5032258064516129,0.861878453038674,0.6354378818737271,0.019952114924181964,0.9651249903457508
W2_apt,0.02,8,0.5633802816901409,0.7373271889400922,0.6387225548902196,0.044566067240031274,0.9626468742085036
W2_apt,0.02,9,0.5773809523809523,0.7918367346938775,0.6678141135972461,0.04156479217603912,0.962256714014049
W2_apt,0.02,10,0.49122807017543857,0.8860759493670886,0.6320541760722347,0.014084507042253521,0.9709167284408203
W2_apt,0.02,11,0.5913621262458472,0.7739130434782608,0.6704331450094161,0.04120443740095087,0.9642093707714907
W2_apt,0.02,12,0.43870967741935485,0.8717948717948718,0.5836909871244635,0.01596169193934557,0.9574569420487604
W2_apt,0.02,13,0.47766323024054985,0.8273809523809523,0.6056644880174291,0.02279874213836478,0.9576727938792712
W2_apt,0.02,14,0.4912891986062718,0.8294117647058824,0.6170678336980306,0.022727272727272728,0.957228326761548
W2_apt,0.05,0,0.559748427672956,0.7807017543859649,0.652014652014652,0.040160642570281124,0.9618587557778283
W2_apt,0.05,1,0.7668918918918919,0.7138364779874213,0.739413680781759,0.0718232044198895,0.9531000021331513
W2_apt,0.05,2,0.7953020134228188,0.7745098039215687,0.7847682119205298,0.05454545454545454,0.9657174310953126
W2_apt,0.05,3,0.8498293515358362,0.7073863636363636,0.7720930232558139,0.08110236220472442,0.9587930988148665
W2_apt,0.05,4,0.7781456953642384,0.7253086419753086,0.7507987220447284,0.07057890563045202,0.9533824201332907
W2_apt,0.05,5,0.8104575163398693,0.7630769230769231,0.7860538827258321,0.061256961018297536,0.9633828339078936
W2_apt,0.05,6,0.7492163009404389,0.7286585365853658,0.7387944358578054,0.07154340836012862,0.951821407331996
W2_apt,0.05,7,0.8354838709677419,0.7617647058823529,0.7969230769230768,0.06464485235434957,0.9651249903457508
W2_apt,0.05,8,0.8802816901408451,0.6868131868131868,0.7716049382716048,0.08913213448006255,0.9626468742085036
W2_apt,0.05,9,0.8571428571428571,0.7346938775510204,0.7912087912087913,0.08475957620211899,0.962256714014049
W2_apt,0.05,10,0.8280701754385965,0.7946127946127947,0.8109965635738832,0.04773082942097027,0.9709167284408203
W2_apt,0.05,11,0.813953488372093,0.7704402515723271,0.7915993537964459,0.05784469096671949,0.9642093707714907
W2_apt,0.05,12,0.7645161290322581,0.7337461300309598,0.7488151658767772,0.06863527533918595,0.9574569420487604
W2_apt,0.05,13,0.7903780068728522,0.7210031347962382,0.7540983606557378,0.0699685534591195,0.9576727938792712
W2_apt,0.05,14,0.7874564459930313,0.7129337539432177,0.7483443708609271,0.0713166144200627,0.957228326761548
W2_apt,0.1,0,0.8679245283018868,0.700507614213198,0.7752808988764046,0.09477911646586346,0.9618587557778283
W2_apt,0.1,1,1.0,0.5873015873015873,0.74,0.16416732438831885,0.9531000021331513
W2_apt,0.1,2,1.0,0.6353944562899787,0.7770534550195567,0.13517786561264822,0.9657174310953126
W2_apt,0.1,3,0.9078498293515358,0.6616915422885572,0.7654676258992805,0.10708661417322834,0.9587930988148665
W2_apt,0.1,4,0.8708609271523179,0.6624685138539043,0.7525035765379112,0.10626486915146709,0.9533824201332907
W2_apt,0.1,5,1.0,0.6059405940594059,0.75462392108508,0.1583134447096261,0.9633828339078936
W2_apt,0.1,6,1.0,0.6304347826086957,0.7733333333333333,0.15032154340836013,0.951821407331996
W2_apt,0.1,7,1.0,0.6339468302658486,0.7759699624530663,0.14285714285714285,0.9651249903457508
W2_apt,0.1,8,1.0,0.6214442013129103,0.7665317139001351,0.1352619233776388,0.9626468742085036
W2_apt,0.1,9,1.0,0.6363636363636364,0.7777777777777778,0.15647921760391198,0.962256714014049
W2_apt,0.1,10,1.0,0.6263736263736264,0.7702702702702703,0.13302034428794993,0.9709167284408203
W2_apt,0.1,11,1.0,0.6363636363636364,0.7777777777777778,0.13629160063391443,0.9642093707714907
W2_apt,0.1,12,1.0,0.6378600823045267,0.7788944723618091,0.14046288906624102,0.9574569420487604
W2_apt,0.1,13,0.8556701030927835,0.664,0.7477477477477477,0.09905660377358491,0.9576727938792712
W2_apt,0.1,14,0.8501742160278746,0.6437994722955145,0.7327327327327328,0.10579937304075235,0.957228326761548
