workload,benign_class,sessions,false_alarms,fpr
W1_web,M1_handover:host,87,0,0.0
W1_web,M1_handover:scope,24,0,0.0
W1_web,M1_handover:subnet,48,0,0.0
W1_web,M2_agent_update,151,0,0.0
W1_web,M3_combined:host,81,0,0.0
W1_web,M3_combined:scope,33,10,0.30303030303030304
W1_web,M3_combined:subnet,49,0,0.0
W1_web,M4_flapping:host,71,8,0.11267605633802817
W1_web,M4_flapping:scope,38,34,0.8947368421052632
W1_web,M4_flapping:subnet,36,7,0.19444444444444445
W1_web,benign,2550,0,0.0
W2_apt,M1_handover:host,956,0,0.0
W2_apt,M1_handover:scope,369,0,0.0
W2_apt,M1_handover:subnet,600,0,0.0
W2_apt,M2_agent_update,1898,0,0.0
W2_apt,M3_combined:host,944,0,0.0
W2_apt,M3_combined:scope,387,0,0.0
W2_apt,M3_combined:subnet,535,0,0.0
W2_apt,M4_flapping:host,978,0,0.0
W2_apt,M4_flapping:scope,367,320,0.8719346049046321
W2_apt,M4_flapping:subnet,547,352,0.643510054844607
W2_apt,benign,30222,0,0.0
