workload,seed,alpha,threshold,n_calibration_sessions,n_evaluation_sessions,attack_prevalence,precision,recall,f1,fpr,specificity,balanced_accuracy,roc_auc,pr_auc,attack_request_detection_rate,latency_requests_median,latency_requests_mean,n_attack_sessions
W1_web,0,0.01,0.6274784790770388,127,127,0.13385826771653545,0.8181818181818182,0.5294117647058824,0.6428571428571428,0.01818181818181818,0.9818181818181818,0.7556149732620321,0.9441176470588235,0.7902153259039918,0.0379746835443038,3.0,2.2222222222222223,17
W1_web,1,0.01,0.4496005320469829,127,127,0.15748031496062992,0.8571428571428571,0.6,0.7058823529411764,0.018691588785046728,0.9813084112149533,0.7906542056074766,0.9686915887850467,0.8618968036794121,0.11,1.0,1.1666666666666667,20
W1_web,2,0.01,0.46629746550064255,127,127,0.2283464566929134,0.8823529411764706,0.5172413793103449,0.6521739130434783,0.02040816326530612,0.9795918367346939,0.7484166080225194,0.967100633356791,0.8898868796448034,0.06451612903225806,1.0,1.9333333333333333,29
W1_web,3,0.01,0.4475851195275143,127,127,0.18110236220472442,0.9230769230769231,0.5217391304347826,0.6666666666666667,0.009615384615384616,0.9903846153846154,0.7560618729096991,0.9707357859531772,0.8828496499064361,0.09090909090909091,1.0,1.0,23
W1_web,4,0.01,0.47882692038665925,127,127,0.18110236220472442,1.0,0.6521739130434783,0.7894736842105263,0.0,1.0,0.8260869565217391,0.9703177257525084,0.9008527179037481,0.0875,1.0,1.0666666666666667,23
W1_web,5,0.01,0.6161002791835023,127,127,0.2047244094488189,0.9444444444444444,0.6538461538461539,0.7727272727272727,0.009900990099009901,0.9900990099009901,0.8219725818735719,0.9794364051789795,0.9388057883890487,0.08860759493670886,1.0,1.7647058823529411,26
W1_web,6,0.01,0.4607248098592661,127,127,0.13385826771653545,0.9090909090909091,0.5882352941176471,0.7142857142857143,0.00909090909090909,0.990909090909091,0.789572192513369,0.9679144385026738,0.8478597745570662,0.072,1.0,1.2,17
W1_web,7,0.01,0.5816115456710351,127,127,0.12598425196850394,0.8571428571428571,0.375,0.5217391304347825,0.009009009009009009,0.990990990990991,0.6829954954954955,0.9507319819819819,0.7730237029409821,0.027522935779816515,2.0,2.3333333333333335,16
W1_web,8,0.01,0.46821131068070243,127,127,0.18110236220472442,1.0,0.5217391304347826,0.6857142857142856,0.0,1.0,0.7608695652173914,0.9544314381270903,0.8387628814501589,0.08264462809917356,1.0,1.25,23
W1_web,9,0.01,0.4531263590845073,127,127,0.18110236220472442,0.875,0.6086956521739131,0.717948717948718,0.019230769230769232,0.9807692307692307,0.794732441471572,0.9715719063545151,0.8955734925246303,0.112,1.0,1.0,23
W1_web,10,0.01,0.46001609372392993,127,127,0.14960629921259844,0.7222222222222222,0.6842105263157895,0.7027027027027027,0.046296296296296294,0.9537037037037037,0.8189571150097466,0.959307992202729,0.8096670305592644,0.08035714285714286,1.0,2.076923076923077,19
W1_web,11,0.01,0.3536970977836939,127,127,0.13385826771653545,0.7692307692307693,0.5882352941176471,0.6666666666666667,0.02727272727272727,0.9727272727272728,0.7804812834224599,0.9601604278074867,0.8184255565481168,0.07476635514018691,1.0,1.2,17
W1_web,12,0.01,0.645702245714881,127,127,0.2125984251968504,0.8888888888888888,0.5925925925925926,0.711111111111111,0.02,0.98,0.7862962962962963,0.9590740740740741,0.8780345052416971,0.047337278106508875,1.0,1.8125,27
W1_web,13,0.01,0.36910661192265676,127,127,0.16535433070866143,0.7894736842105263,0.7142857142857143,0.7500000000000001,0.03773584905660377,0.9622641509433962,0.8382749326145553,0.9786612758310872,0.8893447379645293,0.06896551724137931,1.0,1.4666666666666666,21
W1_web,14,0.01,0.6077683069917662,127,127,0.1889763779527559,0.7272727272727273,0.3333333333333333,0.4571428571428572,0.02912621359223301,0.970873786407767,0.6521035598705501,0.9514563106796117,0.8102888978180378,0.023809523809523808,1.0,1.5,24
W1_web,15,0.01,0.6268727576909245,127,127,0.1889763779527559,0.9166666666666666,0.4583333333333333,0.611111111111111,0.009708737864077669,0.9902912621359223,0.7243122977346278,0.9781553398058253,0.9172536398332968,0.04054054054054054,1.0,2.4545454545454546,24
W1_web,16,0.01,0.6239974887545672,127,127,0.15748031496062992,0.8181818181818182,0.45,0.5806451612903226,0.018691588785046728,0.9813084112149533,0.7156542056074766,0.9593457943925233,0.8323916160700219,0.031007751937984496,1.0,2.4444444444444446,20
W1_web,17,0.01,0.6138860513242508,127,127,0.1732283464566929,0.9090909090909091,0.45454545454545453,0.6060606060606061,0.009523809523809525,0.9904761904761905,0.7225108225108225,0.9331168831168831,0.7981241555637859,0.04032258064516129,1.0,1.4,22
W1_web,18,0.01,0.6095775554521488,127,127,0.2125984251968504,0.9333333333333333,0.5185185185185185,0.6666666666666667,0.01,0.99,0.7542592592592592,0.9787037037037037,0.9336659053237103,0.06285714285714286,1.0,1.8571428571428572,27
W1_web,19,0.01,0.4095772158303955,127,127,0.14173228346456693,0.8,0.8888888888888888,0.8421052631578948,0.03669724770642202,0.963302752293578,0.9260958205912334,0.9872579001019368,0.9497533104150752,0.09565217391304348,1.0,1.4375,18
W1_web,20,0.01,0.4673617206178772,127,127,0.15748031496062992,0.9090909090909091,0.5,0.6451612903225806,0.009345794392523364,0.9906542056074766,0.7453271028037383,0.947196261682243,0.791728868841872,0.07216494845360824,1.0,1.4,20
W1_web,21,0.01,0.5902950668656822,127,127,0.14173228346456693,1.0,0.3888888888888889,0.56,0.0,1.0,0.6944444444444444,0.9801223241590215,0.9059469845285784,0.06722689075630252,1.0,1.8571428571428572,18
W1_web,22,0.01,0.4698744066188015,127,127,0.15748031496062992,0.8333333333333334,0.75,0.7894736842105262,0.028037383177570093,0.9719626168224299,0.860981308411215,0.9619158878504673,0.8608059587471352,0.07913669064748201,1.0,1.5333333333333334,20
W1_web,23,0.01,0.46892585001512316,127,127,0.13385826771653545,0.8888888888888888,0.47058823529411764,0.6153846153846153,0.00909090909090909,0.990909090909091,0.7307486631016042,0.9663101604278075,0.8306289323769339,0.07,1.0,1.25,17
W1_web,24,0.01,0.44708996071594104,127,127,0.14960629921259844,0.6875,0.5789473684210527,0.6285714285714286,0.046296296296296294,0.9537037037037037,0.7663255360623782,0.9398148148148148,0.7698304333044786,0.10891089108910891,1.0,1.8181818181818181,19
W1_web,25,0.01,0.3563931025098929,127,127,0.1968503937007874,0.8421052631578947,0.64,0.7272727272727272,0.029411764705882353,0.9705882352941176,0.8052941176470588,0.9713725490196078,0.8965299507869842,0.08053691275167785,1.0,1.3125,25
W1_web,26,0.01,0.44662209063510616,127,127,0.18110236220472442,0.9411764705882353,0.6956521739130435,0.7999999999999999,0.009615384615384616,0.9903846153846154,0.8430183946488294,0.9623745819397993,0.8921953457936301,0.20567375886524822,1.0,1.0,23
W1_web,27,0.01,0.634801182555623,127,127,0.13385826771653545,0.875,0.4117647058823529,0.56,0.00909090909090909,0.990909090909091,0.701336898395722,0.9794117647058823,0.8839914005286889,0.08163265306122448,1.0,1.2857142857142858,17
W1_web,28,0.01,0.37337245927243895,127,127,0.1968503937007874,0.7931034482758621,0.92,0.851851851851852,0.058823529411764705,0.9411764705882353,0.9305882352941177,0.9894117647058823,0.9524444123725991,0.09326424870466321,1.0,1.565217391304348,25
W1_web,29,0.01,0.6317804981284525,127,127,0.1732283464566929,1.0,0.4090909090909091,0.5806451612903226,0.0,1.0,0.7045454545454546,0.9655844155844155,0.8840637403137405,0.025974025974025976,3.0,2.888888888888889,22
W2_apt,0,0.01,0.6059527010846677,1563,1563,0.2034548944337812,0.9545454545454546,0.330188679245283,0.4906542056074766,0.004016064257028112,0.9959839357429718,0.6630863074941274,0.9618587557778283,0.8473984613424754,0.016477857878475798,3.0,3.0761904761904764,318
W2_apt,1,0.01,0.4410006067156409,1563,1563,0.18937939859245043,0.8461538461538461,0.44594594594594594,0.584070796460177,0.018942383583267563,0.9810576164167324,0.7135017811813391,0.9531000021331513,0.807881603471755,0.033188248095756254,2.0,2.4242424242424243,296
W2_apt,2,0.01,0.4411468475655872,1563,1563,0.19065898912348048,0.8554913294797688,0.4966442953020134,0.6284501061571126,0.019762845849802372,0.9802371541501976,0.7384407247261056,0.9657174310953126,0.8505321052354015,0.04282765737874097,1.0,2.5374149659863945,298
W2_apt,3,0.01,0.616552271122714,1563,1563,0.18746001279590532,0.8778625954198473,0.3924914675767918,0.5424528301886792,0.012598425196850394,0.9874015748031496,0.6899465211899707,0.9587930988148665,0.8240183694403866,0.022828507795100223,2.0,2.5652173913043477,293
W2_apt,4,0.01,0.4320017454203883,1563,1563,0.19321817018554063,0.7823529411764706,0.44039735099337746,0.5635593220338982,0.029341792228390166,0.9706582077716098,0.7055277793824937,0.9533824201332907,0.803712031545999,0.03507853403141361,1.0,2.462121212121212,302
W2_apt,5,0.01,0.42956887330054633,1563,1563,0.19577735124760076,0.8385093167701864,0.4411764705882353,0.5781584582441113,0.020684168655529037,0.979315831344471,0.7102461509663531,0.9633828339078936,0.8466902286178047,0.035246727089627394,1.0,2.529850746268657,306
W2_apt,6,0.01,0.616329406313759,1563,1563,0.20409468969929623,0.860655737704918,0.329153605015674,0.47619047619047616,0.013665594855305467,0.9863344051446945,0.6577440050801843,0.951821407331996,0.80372679618584,0.012307692307692308,3.0,2.8666666666666667,319
W2_apt,7,0.01,0.4358290491622372,1563,1563,0.19833653230966092,0.861878453038674,0.5032258064516129,0.6354378818737271,0.019952114924181964,0.9800478850758181,0.7416368457637155,0.9651249903457508,0.8532779848823562,0.039174166225516144,1.0,2.238709677419355,310
W2_apt,8,0.01,0.44630866310521944,1563,1563,0.18170185540626999,0.8181818181818182,0.4753521126760563,0.6013363028953229,0.023455824863174355,0.9765441751368257,0.725948143906441,0.9626468742085036,0.8247331928623389,0.03119777158774373,2.0,2.470149253731343,284
W2_apt,9,0.01,0.450445931199968,1563,1563,0.21497120921305182,0.8742857142857143,0.45535714285714285,0.5988258317025441,0.017929910350448247,0.9820700896495518,0.7187136162533473,0.962256714014049,0.8606904639501696,0.042584434654919234,1.0,2.215686274509804,336
W2_apt,10,0.01,0.43648387745397577,1563,1563,0.18234165067178504,0.8860759493670886,0.49122807017543857,0.6320541760722347,0.014084507042253521,0.9859154929577465,0.7385717815665925,0.9709167284408203,0.865559724912991,0.03885135135135135,1.0,2.2302158273381294,285
W2_apt,11,0.01,0.4360456293539816,1563,1563,0.19257837492002558,0.8224852071005917,0.46179401993355484,0.5914893617021277,0.02377179080824089,0.9762282091917591,0.719011114562657,0.9642093707714907,0.8339230532185756,0.03289817232375979,2.0,2.572463768115942,301
W2_apt,12,0.01,0.43510771554137145,1563,1563,0.19833653230966092,0.8717948717948718,0.43870967741935485,0.5836909871244635,0.01596169193934557,0.9840383080606544,0.7113739927400047,0.9574569420487604,0.8231556815452213,0.03878406708595388,1.0,2.3529411764705883,310
W2_apt,13,0.01,0.4392718239151048,1563,1563,0.18618042226487524,0.8273809523809523,0.47766323024054985,0.6056644880174291,0.02279874213836478,0.9772012578616353,0.7274322440510925,0.9576727938792712,0.8137953696150317,0.037187681580476466,3.0,2.7482014388489207,291
W2_apt,14,0.01,0.6121198026735094,1563,1563,0.1836212412028151,0.8888888888888888,0.3623693379790941,0.5148514851485149,0.01018808777429467,0.9898119122257053,0.6760906251023997,0.957228326761548,0.8154828187036832,0.0193621867881549,3.0,2.7211538461538463,287
W2_apt,15,0.01,0.44277426411751586,1563,1563,0.18618042226487524,0.8242424242424242,0.46735395189003437,0.5964912280701753,0.02279874213836478,0.9772012578616353,0.7222776048758348,0.9571986643324905,0.8283615907125044,0.040156162855549356,1.0,2.301470588235294,291
W2_apt,16,0.01,0.44557382410884544,1563,1563,0.19001919385796545,0.8121546961325967,0.494949494949495,0.6150627615062761,0.026856240126382307,0.9731437598736177,0.7340466274115564,0.9608379742660943,0.8321845516527132,0.03410936654033568,3.0,2.696551724137931,297
W2_apt,17,0.01,0.4330984356152747,1563,1563,0.20089571337172105,0.8355263157894737,0.40445859872611467,0.5450643776824035,0.020016012810248198,0.9799839871897518,0.6922212929579332,0.9649821768242619,0.8352037517536874,0.028219599794766546,2.0,2.5714285714285716,314
W2_apt,18,0.01,0.613116011535732,1563,1563,0.20025591810620602,0.8888888888888888,0.30670926517571884,0.4560570071258907,0.0096,0.9904,0.6485546325878594,0.9608984025559105,0.8333964910398824,0.018575851393188854,2.0,2.6041666666666665,313
W2_apt,19,0.01,0.43761773151609495,1563,1563,0.18426103646833014,0.8100558659217877,0.5034722222222222,0.6209850107066381,0.02666666666666667,0.9733333333333334,0.7384027777777777,0.9562023420479303,0.816680599706729,0.032668881506090805,2.0,2.638888888888889,288
W2_apt,20,0.01,0.4343907831392899,1563,1563,0.18426103646833014,0.8323353293413174,0.4826388888888889,0.610989010989011,0.02196078431372549,0.9780392156862745,0.7303390522875817,0.9603567538126362,0.835441679497432,0.037960339943342775,2.0,2.7050359712230216,288
W2_apt,21,0.01,0.6115110560998775,1563,1563,0.18937939859245043,0.941747572815534,0.3277027027027027,0.4862155388471178,0.004735595895816891,0.9952644041041832,0.6614835534034429,0.9652936282770537,0.8494455117659542,0.018162393162393164,3.0,2.783505154639175,296
W2_apt,22,0.01,0.4356060977922297,1563,1563,0.20025591810620602,0.8448275862068966,0.4696485623003195,0.6036960985626284,0.0216,0.9784,0.7240242811501598,0.9576715654952077,0.8325742795961215,0.054497354497354496,1.0,2.2448979591836733,313
W2_apt,23,0.01,0.44162489724616816,1563,1563,0.19321817018554063,0.8461538461538461,0.4735099337748344,0.6072186836518046,0.020618556701030927,0.979381443298969,0.7264456885369017,0.9622093786598463,0.844098024474875,0.05070883315158124,1.0,2.1888111888111887,302
W2_apt,24,0.01,0.6136322556202305,1563,1563,0.19065898912348048,0.8532110091743119,0.31208053691275167,0.457002457002457,0.012648221343873518,0.9873517786561264,0.649716157784439,0.9560681221317346,0.8029577838242934,0.022002200220022004,2.0,2.3870967741935485,298
W2_apt,25,0.01,0.42769876284178143,1563,1563,0.19897632757517594,0.8647058823529412,0.47266881028938906,0.6112266112266113,0.018370607028753993,0.981629392971246,0.7271491016303175,0.9588144499347667,0.8356444955633513,0.036591478696741855,1.0,2.1724137931034484,311
W2_apt,26,0.01,0.4422673830740351,1563,1563,0.19065898912348048,0.861271676300578,0.5,0.6326963906581741,0.018972332015810278,0.9810276679841897,0.7405138339920949,0.9575868106215348,0.8354193107295523,0.045075125208681135,1.0,2.389261744966443,298
W2_apt,27,0.01,0.6228028252793902,1563,1563,0.20793346129238643,0.8983050847457628,0.3261538461538461,0.47855530474040636,0.009693053311793215,0.9903069466882067,0.6582303964210264,0.9560780415061514,0.8262251024194058,0.02315270935960591,2.0,2.4622641509433962,325
W2_apt,28,0.01,0.6123412935733505,1563,1563,0.19577735124760076,0.8921568627450981,0.2973856209150327,0.44607843137254904,0.008750994431185362,0.9912490055688147,0.6443173132419237,0.959736586228233,0.8171402014532343,0.020902090209020903,2.0,2.6,306
W2_apt,29,0.01,0.44531039406261286,1563,1563,0.19897632757517594,0.8333333333333334,0.45016077170418006,0.5845511482254697,0.022364217252396165,0.9776357827476039,0.7138982772258919,0.9534031722876838,0.8113365337742199,0.03204476093591048,1.0,2.323741007194245,311
