workload,seed,factor,value,n_attack_sessions,precision,recall,f1,fpr,roc_auc,attack_request_detection_rate,latency_requests_median,level,mode
W1_web,0,scenario,L0_takeover,21,0.9,0.8571428571428571,0.8780487804878048,0.018867924528301886,0.9973045822102425,0.12949640287769784,1.0,L0,takeover
W1_web,1,scenario,L0_takeover,23,0.92,1.0,0.9583333333333334,0.019230769230769232,0.9991638795986622,0.19166666666666668,1.0,L0,takeover
W1_web,2,scenario,L0_takeover,32,0.9333333333333333,0.875,0.9032258064516129,0.021052631578947368,0.9963815789473685,0.1339712918660287,1.0,L0,takeover
W1_web,3,scenario,L0_takeover,29,0.9655172413793104,0.9655172413793104,0.9655172413793104,0.01020408163265306,0.9975369458128078,0.19310344827586207,1.0,L0,takeover
W1_web,4,scenario,L0_takeover,24,1.0,0.9583333333333334,0.9787234042553191,0.0,0.9993932038834952,0.1464968152866242,1.0,L0,takeover
W1_web,5,scenario,L0_takeover,28,0.9629629629629629,0.9285714285714286,0.9454545454545454,0.010101010101010102,0.9989177489177489,0.13829787234042554,1.0,L0,takeover
W1_web,6,scenario,L0_takeover,20,0.95,0.95,0.9500000000000001,0.009345794392523364,0.9976635514018691,0.16964285714285715,1.0,L0,takeover
W1_web,7,scenario,L0_takeover,17,0.9166666666666666,0.6470588235294118,0.7586206896551724,0.00909090909090909,0.9911764705882353,0.10091743119266056,1.0,L0,takeover
W1_web,8,scenario,L0_takeover,25,1.0,1.0,1.0,0.0,1.0,0.2,1.0,L0,takeover
W1_web,9,scenario,L0_takeover,26,0.9230769230769231,0.9230769230769231,0.9230769230769231,0.019801980198019802,0.9946686976389947,0.16216216216216217,1.0,L0,takeover
W1_web,10,scenario,L0_takeover,24,0.8275862068965517,1.0,0.9056603773584906,0.04854368932038835,0.9979773462783171,0.1568627450980392,1.0,L0,takeover
W1_web,11,scenario,L0_takeover,19,0.85,0.8947368421052632,0.8717948717948718,0.027777777777777776,0.9956140350877193,0.14166666666666666,1.0,L0,takeover
W1_web,12,scenario,L0_takeover,31,0.92,0.7419354838709677,0.8214285714285714,0.020833333333333332,0.9858870967741935,0.13068181818181818,1.0,L0,takeover
W1_web,13,scenario,L0_takeover,25,0.84,0.84,0.8399999999999999,0.0392156862745098,0.9909803921568627,0.12804878048780488,1.0,L0,takeover
W1_web,14,scenario,L0_takeover,26,0.8888888888888888,0.9230769230769231,0.9056603773584906,0.0297029702970297,0.9977151561309977,0.1276595744680851,1.0,L0,takeover
W1_web,15,scenario,L0_takeover,28,0.9615384615384616,0.8928571428571429,0.9259259259259259,0.010101010101010102,0.9983766233766234,0.176056338028169,1.0,L0,takeover
W1_web,16,scenario,L0_takeover,23,0.9130434782608695,0.9130434782608695,0.9130434782608695,0.019230769230769232,0.9974916387959866,0.12804878048780488,1.0,L0,takeover
W1_web,17,scenario,L0_takeover,24,0.9565217391304348,0.9166666666666666,0.9361702127659574,0.009708737864077669,0.9987864077669902,0.18181818181818182,1.0,L0,takeover
W1_web,18,scenario,L0_takeover,29,0.9629629629629629,0.896551724137931,0.9285714285714286,0.01020408163265306,0.9977128782547502,0.15476190476190477,1.0,L0,takeover
W1_web,19,scenario,L0_takeover,24,0.8571428571428571,1.0,0.923076923076923,0.038834951456310676,1.0,0.17266187050359713,1.0,L0,takeover
W1_web,0,scenario,L0_concurrent,12,0.8571428571428571,1.0,0.923076923076923,0.017391304347826087,1.0,0.1791044776119403,1.0,L0,concurrent
W1_web,1,scenario,L0_concurrent,16,0.8888888888888888,1.0,0.9411764705882353,0.018018018018018018,0.9991554054054054,0.19736842105263158,1.0,L0,concurrent
W1_web,2,scenario,L0_concurrent,26,0.9285714285714286,1.0,0.962962962962963,0.019801980198019802,0.9998095963442498,0.16339869281045752,1.0,L0,concurrent
W1_web,3,scenario,L0_concurrent,20,0.9523809523809523,1.0,0.975609756097561,0.009345794392523364,1.0,0.2,1.0,L0,concurrent
W1_web,4,scenario,L0_concurrent,16,1.0,1.0,1.0,0.0,1.0,0.13333333333333333,1.0,L0,concurrent
W1_web,5,scenario,L0_concurrent,23,0.9583333333333334,1.0,0.9787234042553191,0.009615384615384616,0.9995819397993311,0.15,1.0,L0,concurrent
W1_web,6,scenario,L0_concurrent,19,0.95,1.0,0.9743589743589743,0.009259259259259259,1.0,0.168141592920354,1.0,L0,concurrent
W1_web,7,scenario,L0_concurrent,15,0.9375,1.0,0.967741935483871,0.008928571428571428,0.999702380952381,0.18181818181818182,1.0,L0,concurrent
W1_web,8,scenario,L0_concurrent,19,1.0,1.0,1.0,0.0,1.0,0.20388349514563106,1.0,L0,concurrent
W1_web,9,scenario,L0_concurrent,19,0.9047619047619048,1.0,0.9500000000000001,0.018518518518518517,0.9987816764132553,0.23157894736842105,1.0,L0,concurrent
W1_web,10,scenario,L0_concurrent,21,0.8076923076923077,1.0,0.8936170212765957,0.04716981132075472,1.0,0.17355371900826447,1.0,L0,concurrent
W1_web,11,scenario,L0_concurrent,15,0.7894736842105263,1.0,0.8823529411764706,0.03571428571428571,1.0,0.26436781609195403,1.0,L0,concurrent
W1_web,12,scenario,L0_concurrent,23,0.92,1.0,0.9583333333333334,0.019230769230769232,0.9995819397993311,0.16,1.0,L0,concurrent
W1_web,13,scenario,L0_concurrent,20,0.8333333333333334,1.0,0.9090909090909091,0.037383177570093455,1.0,0.1724137931034483,1.0,L0,concurrent
W1_web,14,scenario,L0_concurrent,19,0.8636363636363636,1.0,0.9268292682926829,0.027777777777777776,0.9992690058479532,0.14912280701754385,1.0,L0,concurrent
W1_web,15,scenario,L0_concurrent,24,0.96,1.0,0.9795918367346939,0.009708737864077669,1.0,0.17557251908396945,1.0,L0,concurrent
W1_web,16,scenario,L0_concurrent,19,0.9047619047619048,1.0,0.9500000000000001,0.018518518518518517,0.9995126705653021,0.19166666666666668,1.0,L0,concurrent
W1_web,17,scenario,L0_concurrent,21,0.9545454545454546,1.0,0.9767441860465117,0.009433962264150943,0.9997753818508536,0.16666666666666666,1.0,L0,concurrent
W1_web,18,scenario,L0_concurrent,25,0.96,0.96,0.96,0.00980392156862745,0.9990196078431373,0.1592356687898089,1.0,L0,concurrent
W1_web,19,scenario,L0_concurrent,18,0.8181818181818182,1.0,0.9,0.03669724770642202,0.9997451580020388,0.17346938775510204,1.0,L0,concurrent
W1_web,0,scenario,L1_takeover,21,0.0,0.0,0.0,0.018867924528301886,0.9597933513027853,0.0,,L1,takeover
W1_web,1,scenario,L1_takeover,23,0.6,0.13043478260869565,0.21428571428571427,0.019230769230769232,0.949623745819398,0.016666666666666666,1.0,L1,takeover
W1_web,2,scenario,L1_takeover,32,0.0,0.0,0.0,0.021052631578947368,0.9685855263157894,0.0,,L1,takeover
W1_web,3,scenario,L1_takeover,29,0.0,0.0,0.0,0.01020408163265306,0.9285714285714286,0.0,,L1,takeover
W1_web,4,scenario,L1_takeover,24,0.0,0.0,0.0,0.0,0.929004854368932,0.0,,L1,takeover
W1_web,5,scenario,L1_takeover,28,0.0,0.0,0.0,0.010101010101010102,0.9507575757575758,0.0,,L1,takeover
W1_web,6,scenario,L1_takeover,20,0.6666666666666666,0.1,0.1739130434782609,0.009345794392523364,0.9654205607476636,0.017857142857142856,1.0,L1,takeover
W1_web,7,scenario,L1_takeover,17,0.0,0.0,0.0,0.00909090909090909,0.9649732620320856,0.0,,L1,takeover
W1_web,8,scenario,L1_takeover,25,0.0,0.0,0.0,0.0,0.9454901960784313,0.0,,L1,takeover
W1_web,9,scenario,L1_takeover,26,0.5,0.07692307692307693,0.13333333333333336,0.019801980198019802,0.9619192688499619,0.013513513513513514,1.0,L1,takeover
W1_web,10,scenario,L1_takeover,24,0.0,0.0,0.0,0.04854368932038835,0.9077669902912622,0.0,,L1,takeover
W1_web,11,scenario,L1_takeover,19,0.25,0.05263157894736842,0.08695652173913043,0.027777777777777776,0.9597953216374269,0.0,,L1,takeover
W1_web,12,scenario,L1_takeover,31,0.0,0.0,0.0,0.020833333333333332,0.9378360215053764,0.0,,L1,takeover
W1_web,13,scenario,L1_takeover,25,0.3333333333333333,0.08,0.12903225806451613,0.0392156862745098,0.9537254901960784,0.012195121951219513,1.0,L1,takeover
W1_web,14,scenario,L1_takeover,26,0.0,0.0,0.0,0.0297029702970297,0.9464965727341965,0.0,,L1,takeover
W1_web,15,scenario,L1_takeover,28,0.0,0.0,0.0,0.010101010101010102,0.9567099567099567,0.0,,L1,takeover
W1_web,16,scenario,L1_takeover,23,0.0,0.0,0.0,0.019230769230769232,0.9623745819397993,0.0,,L1,takeover
W1_web,17,scenario,L1_takeover,24,0.0,0.0,0.0,0.009708737864077669,0.9563106796116505,0.0,,L1,takeover
W1_web,18,scenario,L1_takeover,29,0.0,0.0,0.0,0.01020408163265306,0.9751935256861365,0.0,,L1,takeover
W1_web,19,scenario,L1_takeover,24,0.3333333333333333,0.08333333333333333,0.13333333333333333,0.038834951456310676,0.9631877022653722,0.014388489208633094,1.0,L1,takeover
W1_web,0,scenario,L1_concurrent,12,0.8571428571428571,1.0,0.923076923076923,0.017391304347826087,0.9927536231884058,0.029850746268656716,3.0,L1,concurrent
W1_web,1,scenario,L1_concurrent,16,0.8888888888888888,1.0,0.9411764705882353,0.018018018018018018,0.995777027027027,0.013157894736842105,3.0,L1,concurrent
W1_web,2,scenario,L1_concurrent,26,0.9285714285714286,1.0,0.962962962962963,0.019801980198019802,0.995049504950495,0.0,3.0,L1,concurrent
W1_web,3,scenario,L1_concurrent,20,0.9473684210526315,0.9,0.9230769230769231,0.009345794392523364,0.9934579439252337,0.0,3.0,L1,concurrent
W1_web,4,scenario,L1_concurrent,16,1.0,1.0,1.0,0.0,1.0,0.0,3.0,L1,concurrent
W1_web,5,scenario,L1_concurrent,23,0.9565217391304348,0.9565217391304348,0.9565217391304348,0.009615384615384616,0.9935200668896321,0.014285714285714285,3.0,L1,concurrent
W1_web,6,scenario,L1_concurrent,19,0.9473684210526315,0.9473684210526315,0.9473684210526315,0.009259259259259259,0.9941520467836257,0.017699115044247787,3.0,L1,concurrent
W1_web,7,scenario,L1_concurrent,15,0.9333333333333333,0.9333333333333333,0.9333333333333333,0.008928571428571428,0.993452380952381,0.0,3.0,L1,concurrent
W1_web,8,scenario,L1_concurrent,19,1.0,1.0,1.0,0.0,1.0,0.02912621359223301,3.0,L1,concurrent
W1_web,9,scenario,L1_concurrent,19,0.9,0.9473684210526315,0.9230769230769231,0.018518518518518517,0.993421052631579,0.042105263157894736,2.5,L1,concurrent
W1_web,10,scenario,L1_concurrent,21,0.8076923076923077,1.0,0.8936170212765957,0.04716981132075472,0.9752920035938903,0.0,3.0,L1,concurrent
W1_web,11,scenario,L1_concurrent,15,0.7894736842105263,1.0,0.8823529411764706,0.03571428571428571,1.0,0.05747126436781609,3.0,L1,concurrent
W1_web,12,scenario,L1_concurrent,23,0.9130434782608695,0.9130434782608695,0.9130434782608695,0.019230769230769232,0.9862040133779264,0.0,3.0,L1,concurrent
W1_web,13,scenario,L1_concurrent,20,0.8181818181818182,0.9,0.8571428571428572,0.037383177570093455,0.991588785046729,0.017241379310344827,3.0,L1,concurrent
W1_web,14,scenario,L1_concurrent,19,0.8636363636363636,1.0,0.9268292682926829,0.027777777777777776,0.9868421052631579,0.0,3.0,L1,concurrent
W1_web,15,scenario,L1_concurrent,24,0.9545454545454546,0.875,0.9130434782608695,0.009708737864077669,0.9931229773462783,0.0,3.0,L1,concurrent
W1_web,16,scenario,L1_concurrent,19,0.8947368421052632,0.8947368421052632,0.8947368421052632,0.018518518518518517,0.9883040935672515,0.016666666666666666,3.0,L1,concurrent
W1_web,17,scenario,L1_concurrent,21,0.9545454545454546,1.0,0.9767441860465117,0.009433962264150943,0.9952830188679245,0.0,3.0,L1,concurrent
W1_web,18,scenario,L1_concurrent,25,0.9565217391304348,0.88,0.9166666666666666,0.00980392156862745,0.9931372549019608,0.006369426751592357,3.0,L1,concurrent
W1_web,19,scenario,L1_concurrent,18,0.8095238095238095,0.9444444444444444,0.8717948717948718,0.03669724770642202,0.994138634046891,0.02040816326530612,3.0,L1,concurrent
W1_web,0,scenario,L2_takeover,21,0.3333333333333333,0.047619047619047616,0.08333333333333333,0.018867924528301886,0.9804582210242587,0.009900990099009901,1.0,L2,takeover
W1_web,1,scenario,L2_takeover,23,0.9130434782608695,0.9130434782608695,0.9130434782608695,0.019230769230769232,0.9862040133779264,0.17796610169491525,1.0,L2,takeover
W1_web,2,scenario,L2_takeover,32,0.9354838709677419,0.90625,0.9206349206349206,0.021052631578947368,0.984703947368421,0.12554112554112554,1.0,L2,takeover
W1_web,3,scenario,L2_takeover,29,0.96,0.8275862068965517,0.888888888888889,0.01020408163265306,0.9806474313863477,0.16666666666666666,1.0,L2,takeover
W1_web,4,scenario,L2_takeover,24,1.0,1.0,1.0,0.0,1.0,0.1610738255033557,1.0,L2,takeover
W1_web,5,scenario,L2_takeover,28,0.0,0.0,0.0,0.010101010101010102,0.9884559884559885,0.0,,L2,takeover
W1_web,6,scenario,L2_takeover,20,0.9444444444444444,0.85,0.8947368421052632,0.009345794392523364,0.9848130841121495,0.15315315315315314,1.0,L2,takeover
W1_web,7,scenario,L2_takeover,17,0.0,0.0,0.0,0.00909090909090909,0.9810160427807486,0.0,,L2,takeover
W1_web,8,scenario,L2_takeover,25,1.0,0.8,0.888888888888889,0.0,0.9829411764705882,0.11428571428571428,1.0,L2,takeover
W1_web,9,scenario,L2_takeover,26,0.9285714285714286,1.0,0.962962962962963,0.019801980198019802,0.9900990099009901,0.19696969696969696,1.0,L2,takeover
W1_web,10,scenario,L2_takeover,24,0.8148148148148148,0.9166666666666666,0.8627450980392156,0.04854368932038835,0.9433656957928802,0.11578947368421053,1.0,L2,takeover
W1_web,11,scenario,L2_takeover,19,0.85,0.8947368421052632,0.8717948717948718,0.027777777777777776,0.9917153996101364,0.14782608695652175,1.0,L2,takeover
W1_web,12,scenario,L2_takeover,31,0.0,0.0,0.0,0.020833333333333332,0.9741263440860215,0.0,,L2,takeover
W1_web,13,scenario,L2_takeover,25,0.8571428571428571,0.96,0.9056603773584904,0.0392156862745098,0.9880392156862745,0.16,1.0,L2,takeover
W1_web,14,scenario,L2_takeover,26,0.0,0.0,0.0,0.0297029702970297,0.9657273419649657,0.0,,L2,takeover
W1_web,15,scenario,L2_takeover,28,0.5,0.03571428571428571,0.06666666666666667,0.010101010101010102,0.9848484848484849,0.006329113924050633,1.0,L2,takeover
W1_web,16,scenario,L2_takeover,23,0.0,0.0,0.0,0.019230769230769232,0.9742892976588629,0.0,,L2,takeover
W1_web,17,scenario,L2_takeover,24,0.0,0.0,0.0,0.009708737864077669,0.9702669902912622,0.0,,L2,takeover
W1_web,18,scenario,L2_takeover,29,0.0,0.0,0.0,0.01020408163265306,0.9746657283603096,0.0,,L2,takeover
W1_web,19,scenario,L2_takeover,24,0.8461538461538461,0.9166666666666666,0.8799999999999999,0.038834951456310676,0.9862459546925566,0.1437908496732026,1.0,L2,takeover
W1_web,0,scenario,L2_concurrent,17,0.875,0.8235294117647058,0.8484848484848485,0.01818181818181818,0.9962566844919786,0.18888888888888888,3.0,L2,concurrent
W1_web,1,scenario,L2_concurrent,17,0.8947368421052632,1.0,0.9444444444444444,0.01818181818181818,0.9957219251336898,0.16049382716049382,1.0,L2,concurrent
W1_web,2,scenario,L2_concurrent,24,0.92,0.9583333333333334,0.9387755102040817,0.019417475728155338,0.9981796116504854,0.15714285714285714,1.0,L2,concurrent
W1_web,3,scenario,L2_concurrent,20,0.9523809523809523,1.0,0.975609756097561,0.009345794392523364,0.999766355140187,0.1978021978021978,1.0,L2,concurrent
W1_web,4,scenario,L2_concurrent,18,1.0,1.0,1.0,0.0,1.0,0.1262135922330097,1.0,L2,concurrent
W1_web,5,scenario,L2_concurrent,22,0.9545454545454546,0.9545454545454546,0.9545454545454546,0.009523809523809525,0.9995670995670995,0.007633587786259542,3.0,L2,concurrent
W1_web,6,scenario,L2_concurrent,16,0.9375,0.9375,0.9375,0.009009009009009009,0.9988738738738738,0.14893617021276595,1.0,L2,concurrent
W1_web,7,scenario,L2_concurrent,14,0.9285714285714286,0.9285714285714286,0.9285714285714286,0.008849557522123894,0.9993678887484198,0.0,3.0,L2,concurrent
W1_web,8,scenario,L2_concurrent,21,1.0,1.0,1.0,0.0,1.0,0.20618556701030927,1.0,L2,concurrent
W1_web,9,scenario,L2_concurrent,18,0.9,1.0,0.9473684210526316,0.01834862385321101,0.9989806320081549,0.21739130434782608,1.0,L2,concurrent
W1_web,10,scenario,L2_concurrent,17,0.7619047619047619,0.9411764705882353,0.8421052631578947,0.045454545454545456,0.9863636363636363,0.12037037037037036,1.0,L2,concurrent
W1_web,11,scenario,L2_concurrent,15,0.8333333333333334,1.0,0.9090909090909091,0.026785714285714284,1.0,0.25,1.0,L2,concurrent
W1_web,12,scenario,L2_concurrent,28,0.9166666666666666,0.7857142857142857,0.8461538461538461,0.020202020202020204,0.9942279942279942,0.007575757575757576,3.0,L2,concurrent
W1_web,13,scenario,L2_concurrent,21,0.8333333333333334,0.9523809523809523,0.888888888888889,0.03773584905660377,0.9937106918238994,0.14516129032258066,1.0,L2,concurrent
W1_web,14,scenario,L2_concurrent,16,0.8235294117647058,0.875,0.8484848484848485,0.02702702702702703,0.9963400900900901,0.0,3.0,L2,concurrent
W1_web,15,scenario,L2_concurrent,22,0.9444444444444444,0.7727272727272727,0.85,0.009523809523809525,0.9965367965367965,0.007042253521126761,3.0,L2,concurrent
W1_web,16,scenario,L2_concurrent,16,0.8823529411764706,0.9375,0.9090909090909091,0.018018018018018018,0.9988738738738738,0.03773584905660377,3.0,L2,concurrent
W1_web,17,scenario,L2_concurrent,20,0.9444444444444444,0.85,0.8947368421052632,0.009345794392523364,0.9967289719626168,0.0,3.0,L2,concurrent
W1_web,18,scenario,L2_concurrent,23,0.95,0.8260869565217391,0.8837209302325583,0.009615384615384616,0.9943561872909699,0.0,3.0,L2,concurrent
W1_web,19,scenario,L2_concurrent,16,0.8,1.0,0.888888888888889,0.036036036036036036,0.9977477477477478,0.16129032258064516,1.0,L2,concurrent
W1_web,0,scenario,L3_takeover,21,0.0,0.0,0.0,0.018867924528301886,0.8014375561545373,0.0,,L3,takeover
W1_web,1,scenario,L3_takeover,23,0.3333333333333333,0.043478260869565216,0.07692307692307691,0.019230769230769232,0.8198160535117057,0.0,,L3,takeover
W1_web,2,scenario,L3_takeover,32,0.0,0.0,0.0,0.021052631578947368,0.8694078947368421,0.0,,L3,takeover
W1_web,3,scenario,L3_takeover,29,0.0,0.0,0.0,0.01020408163265306,0.8214285714285714,0.0,,L3,takeover
W1_web,4,scenario,L3_takeover,24,0.0,0.0,0.0,0.0,0.8586165048543689,0.0,,L3,takeover
W1_web,5,scenario,L3_takeover,28,0.0,0.0,0.0,0.010101010101010102,0.8082611832611832,0.0,,L3,takeover
W1_web,6,scenario,L3_takeover,20,0.0,0.0,0.0,0.009345794392523364,0.8733644859813084,0.0,,L3,takeover
W1_web,7,scenario,L3_takeover,17,0.0,0.0,0.0,0.00909090909090909,0.8296791443850268,0.0,,L3,takeover
W1_web,8,scenario,L3_takeover,25,0.0,0.0,0.0,0.0,0.821764705882353,0.0,,L3,takeover
W1_web,9,scenario,L3_takeover,26,0.0,0.0,0.0,0.019801980198019802,0.8385376999238385,0.0,,L3,takeover
W1_web,10,scenario,L3_takeover,24,0.0,0.0,0.0,0.04854368932038835,0.7572815533980582,0.0,,L3,takeover
W1_web,11,scenario,L3_takeover,19,0.25,0.05263157894736842,0.08695652173913043,0.027777777777777776,0.85453216374269,0.0,,L3,takeover
W1_web,12,scenario,L3_takeover,31,0.0,0.0,0.0,0.020833333333333332,0.805611559139785,0.0,,L3,takeover
W1_web,13,scenario,L3_takeover,25,0.0,0.0,0.0,0.0392156862745098,0.8272549019607843,0.0,,L3,takeover
W1_web,14,scenario,L3_takeover,26,0.0,0.0,0.0,0.0297029702970297,0.8688118811881188,0.0,,L3,takeover
W1_web,15,scenario,L3_takeover,28,0.0,0.0,0.0,0.010101010101010102,0.8773448773448773,0.0,,L3,takeover
W1_web,16,scenario,L3_takeover,23,0.0,0.0,0.0,0.019230769230769232,0.8641304347826086,0.0,,L3,takeover
W1_web,17,scenario,L3_takeover,24,0.0,0.0,0.0,0.009708737864077669,0.7912621359223301,0.0,,L3,takeover
W1_web,18,scenario,L3_takeover,29,0.0,0.0,0.0,0.01020408163265306,0.8768472906403941,0.0,,L3,takeover
W1_web,19,scenario,L3_takeover,24,0.0,0.0,0.0,0.038834951456310676,0.8398058252427184,0.0,,L3,takeover
W1_web,0,scenario,L3_concurrent,18,0.3333333333333333,0.05555555555555555,0.09523809523809525,0.01834862385321101,0.9663608562691132,0.0,7.0,L3,concurrent
W1_web,1,scenario,L3_concurrent,14,0.6,0.21428571428571427,0.3157894736842105,0.017699115044247787,0.963653603034134,0.0,3.0,L3,concurrent
W1_web,2,scenario,L3_concurrent,27,0.5,0.07407407407407407,0.12903225806451613,0.02,0.9705555555555555,0.0,5.0,L3,concurrent
W1_web,3,scenario,L3_concurrent,19,0.0,0.0,0.0,0.009259259259259259,0.9629629629629629,0.0,,L3,concurrent
W1_web,4,scenario,L3_concurrent,19,1.0,0.15789473684210525,0.2727272727272727,0.0,0.9615009746588694,0.0,3.0,L3,concurrent
W1_web,5,scenario,L3_concurrent,23,0.0,0.0,0.0,0.009615384615384616,0.967391304347826,0.0,,L3,concurrent
W1_web,6,scenario,L3_concurrent,15,0.6666666666666666,0.13333333333333333,0.2222222222222222,0.008928571428571428,0.9785714285714285,0.0,1.0,L3,concurrent
W1_web,7,scenario,L3_concurrent,12,0.0,0.0,0.0,0.008695652173913044,0.9565217391304348,0.0,,L3,concurrent
W1_web,8,scenario,L3_concurrent,14,1.0,0.14285714285714285,0.25,0.0,0.97724399494311,0.030612244897959183,5.0,L3,concurrent
W1_web,9,scenario,L3_concurrent,17,0.5,0.11764705882352941,0.19047619047619047,0.01818181818181818,0.9705882352941176,0.03409090909090909,2.5,L3,concurrent
W1_web,10,scenario,L3_concurrent,21,0.0,0.0,0.0,0.04716981132075472,0.9258760107816711,0.0,,L3,concurrent
W1_web,11,scenario,L3_concurrent,13,0.7333333333333333,0.8461538461538461,0.7857142857142856,0.03508771929824561,0.9699730094466936,0.010638297872340425,2.0,L3,concurrent
W1_web,12,scenario,L3_concurrent,28,0.0,0.0,0.0,0.020202020202020204,0.9282106782106783,0.0,,L3,concurrent
W1_web,13,scenario,L3_concurrent,23,0.84,0.9130434782608695,0.8749999999999999,0.038461538461538464,0.9661371237458194,0.0,3.0,L3,concurrent
W1_web,14,scenario,L3_concurrent,21,0.0,0.0,0.0,0.02830188679245283,0.9582210242587601,0.0,,L3,concurrent
W1_web,15,scenario,L3_concurrent,23,0.5,0.043478260869565216,0.08,0.009615384615384616,0.9621655518394648,0.0,4.0,L3,concurrent
W1_web,16,scenario,L3_concurrent,20,0.0,0.0,0.0,0.018691588785046728,0.9759345794392523,0.0,,L3,concurrent
W1_web,17,scenario,L3_concurrent,19,0.0,0.0,0.0,0.009259259259259259,0.9351851851851852,0.0,,L3,concurrent
W1_web,18,scenario,L3_concurrent,23,0.0,0.0,0.0,0.009615384615384616,0.9546404682274248,0.0,,L3,concurrent
W1_web,19,scenario,L3_concurrent,19,0.3333333333333333,0.10526315789473684,0.16,0.037037037037037035,0.9483430799220273,0.0,3.0,L3,concurrent
W1_web,0,scenario,L4_takeover,21,0.3333333333333333,0.047619047619047616,0.08333333333333333,0.018867924528301886,0.4391284815813118,0.007194244604316547,1.0,L4,takeover
W1_web,1,scenario,L4_takeover,23,0.6,0.13043478260869565,0.21428571428571427,0.019230769230769232,0.49289297658862874,0.016666666666666666,1.0,L4,takeover
W1_web,2,scenario,L4_takeover,32,0.5,0.0625,0.1111111111111111,0.021052631578947368,0.48157894736842105,0.009569377990430622,1.0,L4,takeover
W1_web,3,scenario,L4_takeover,29,0.0,0.0,0.0,0.01020408163265306,0.4275158339197748,0.0,,L4,takeover
W1_web,4,scenario,L4_takeover,24,1.0,0.08333333333333333,0.15384615384615385,0.0,0.5086974110032363,0.012738853503184714,1.0,L4,takeover
W1_web,5,scenario,L4_takeover,28,0.0,0.0,0.0,0.010101010101010102,0.41035353535353536,0.0,,L4,takeover
W1_web,6,scenario,L4_takeover,20,0.6666666666666666,0.1,0.1739130434782609,0.009345794392523364,0.47757009345794393,0.017857142857142856,1.0,L4,takeover
W1_web,7,scenario,L4_takeover,17,0.0,0.0,0.0,0.00909090909090909,0.43368983957219254,0.0,,L4,takeover
W1_web,8,scenario,L4_takeover,25,1.0,0.04,0.07692307692307693,0.0,0.44941176470588234,0.008,1.0,L4,takeover
W1_web,9,scenario,L4_takeover,26,0.3333333333333333,0.038461538461538464,0.06896551724137931,0.019801980198019802,0.4504950495049505,0.006756756756756757,1.0,L4,takeover
W1_web,10,scenario,L4_takeover,24,0.0,0.0,0.0,0.04854368932038835,0.3921925566343042,0.0,,L4,takeover
W1_web,11,scenario,L4_takeover,19,0.25,0.05263157894736842,0.08695652173913043,0.027777777777777776,0.4422514619883041,0.0,,L4,takeover
W1_web,12,scenario,L4_takeover,31,0.0,0.0,0.0,0.020833333333333332,0.44489247311827956,0.0,,L4,takeover
W1_web,13,scenario,L4_takeover,25,0.42857142857142855,0.12,0.1875,0.0392156862745098,0.4666666666666667,0.018292682926829267,1.0,L4,takeover
W1_web,14,scenario,L4_takeover,26,0.0,0.0,0.0,0.0297029702970297,0.4666793602437167,0.0,,L4,takeover
W1_web,15,scenario,L4_takeover,28,0.5,0.03571428571428571,0.06666666666666667,0.010101010101010102,0.5266955266955267,0.007042253521126761,1.0,L4,takeover
W1_web,16,scenario,L4_takeover,23,0.0,0.0,0.0,0.019230769230769232,0.44732441471571904,0.0,,L4,takeover
W1_web,17,scenario,L4_takeover,24,0.0,0.0,0.0,0.009708737864077669,0.40635113268608414,0.0,,L4,takeover
W1_web,18,scenario,L4_takeover,29,0.0,0.0,0.0,0.01020408163265306,0.5075650950035187,0.0,,L4,takeover
W1_web,19,scenario,L4_takeover,24,0.3333333333333333,0.08333333333333333,0.13333333333333333,0.038834951456310676,0.4696601941747573,0.014388489208633094,1.0,L4,takeover
W1_web,0,scenario,L4_concurrent,12,0.3333333333333333,0.08333333333333333,0.13333333333333333,0.017391304347826087,0.48985507246376814,0.04477611940298507,1.0,L4,concurrent
W1_web,1,scenario,L4_concurrent,16,0.5,0.125,0.2,0.018018018018018018,0.5678490990990991,0.02631578947368421,1.0,L4,concurrent
W1_web,2,scenario,L4_concurrent,26,0.5,0.07692307692307693,0.13333333333333336,0.019801980198019802,0.5158035034272658,0.032679738562091505,1.0,L4,concurrent
W1_web,3,scenario,L4_concurrent,20,0.5,0.05,0.09090909090909091,0.009345794392523364,0.5128504672897196,0.01,1.0,L4,concurrent
W1_web,4,scenario,L4_concurrent,16,1.0,0.125,0.2222222222222222,0.0,0.5548986486486487,0.02857142857142857,1.0,L4,concurrent
W1_web,5,scenario,L4_concurrent,23,0.0,0.0,0.0,0.009615384615384616,0.4874581939799331,0.0,,L4,concurrent
W1_web,6,scenario,L4_concurrent,19,0.6666666666666666,0.10526315789473684,0.18181818181818182,0.009259259259259259,0.5097465886939572,0.07079646017699115,1.0,L4,concurrent
W1_web,7,scenario,L4_concurrent,15,0.0,0.0,0.0,0.008928571428571428,0.42529761904761904,0.0,,L4,concurrent
W1_web,8,scenario,L4_concurrent,19,1.0,0.10526315789473684,0.1904761904761905,0.0,0.5004873294346979,0.08737864077669903,6.0,L4,concurrent
W1_web,9,scenario,L4_concurrent,19,0.3333333333333333,0.05263157894736842,0.09090909090909091,0.018518518518518517,0.4590643274853801,0.021052631578947368,5.0,L4,concurrent
W1_web,10,scenario,L4_concurrent,21,0.0,0.0,0.0,0.04716981132075472,0.41801437556154536,0.0,,L4,concurrent
W1_web,11,scenario,L4_concurrent,15,0.3333333333333333,0.13333333333333333,0.19047619047619044,0.03571428571428571,0.5491071428571429,0.04597701149425287,5.0,L4,concurrent
W1_web,12,scenario,L4_concurrent,23,0.0,0.0,0.0,0.019230769230769232,0.47261705685618727,0.0,,L4,concurrent
W1_web,13,scenario,L4_concurrent,20,0.3333333333333333,0.1,0.15384615384615383,0.037383177570093455,0.5271028037383177,0.04310344827586207,1.0,L4,concurrent
W1_web,14,scenario,L4_concurrent,19,0.0,0.0,0.0,0.027777777777777776,0.48635477582846004,0.0,,L4,concurrent
W1_web,15,scenario,L4_concurrent,24,0.5,0.041666666666666664,0.07692307692307693,0.009708737864077669,0.6258090614886731,0.007633587786259542,1.0,L4,concurrent
W1_web,16,scenario,L4_concurrent,19,0.0,0.0,0.0,0.018518518518518517,0.506578947368421,0.0,,L4,concurrent
W1_web,17,scenario,L4_concurrent,21,0.0,0.0,0.0,0.009433962264150943,0.38207547169811323,0.0,,L4,concurrent
W1_web,18,scenario,L4_concurrent,25,0.0,0.0,0.0,0.00980392156862745,0.573921568627451,0.0,,L4,concurrent
W1_web,19,scenario,L4_concurrent,18,0.3333333333333333,0.1111111111111111,0.16666666666666666,0.03669724770642202,0.5295616717635067,0.02040816326530612,1.0,L4,concurrent
W2_apt,0,scenario,L0_takeover,330,0.9647887323943662,0.41515151515151516,0.5805084745762712,0.0040551500405515,0.9715623387156234,0.06035242290748899,1.0,L0,takeover
W2_apt,1,scenario,L0_takeover,300,0.8451612903225807,0.43666666666666665,0.5758241758241759,0.019002375296912115,0.9664133016627079,0.06434184675834971,1.0,L0,takeover
W2_apt,2,scenario,L0_takeover,306,0.8344370860927153,0.4117647058823529,0.5514223194748359,0.01988862370723946,0.9720454344559356,0.05728689275893675,1.0,L0,takeover
W2_apt,3,scenario,L0_takeover,304,0.8947368421052632,0.4473684210526316,0.5964912280701755,0.012708498808578236,0.96249895489319,0.06396989651928504,1.0,L0,takeover
W2_apt,4,scenario,L0_takeover,313,0.7810650887573964,0.4217252396166134,0.5477178423236514,0.0296,0.9646568690095847,0.061618062088428974,1.0,L0,takeover
W2_apt,5,scenario,L0_takeover,314,0.8364779874213837,0.42356687898089174,0.5623678646934461,0.020816653322658127,0.9819167435859516,0.059062218214607755,1.0,L0,takeover
W2_apt,6,scenario,L0_takeover,326,0.8888888888888888,0.4171779141104294,0.5678496868475991,0.0137429264349232,0.9635001562259772,0.060444444444444446,1.0,L0,takeover
W2_apt,7,scenario,L0_takeover,321,0.8427672955974843,0.4174454828660436,0.5583333333333332,0.020128824476650563,0.9688761970693435,0.06049661399548533,1.0,L0,takeover
W2_apt,8,scenario,L0_takeover,293,0.8141025641025641,0.4334470989761092,0.5657015590200445,0.02283464566929134,0.9708889844400849,0.061734443900048994,1.0,L0,takeover
W2_apt,9,scenario,L0_takeover,344,0.8598726114649682,0.39244186046511625,0.5389221556886227,0.01804757998359311,0.9699036095159967,0.05754475703324808,1.0,L0,takeover
W2_apt,10,scenario,L0_takeover,293,0.8695652173913043,0.40955631399317405,0.5568445475638051,0.014173228346456693,0.9761884926500228,0.056989771066731615,1.0,L0,takeover
W2_apt,11,scenario,L0_takeover,311,0.803921568627451,0.3954983922829582,0.5301724137931034,0.023961661341853034,0.969807793061648,0.055530268548020026,1.0,L0,takeover
W2_apt,12,scenario,L0_takeover,319,0.8648648648648649,0.4012539184952978,0.5481798715203426,0.01607717041800643,0.9659859488554465,0.057518115942028984,1.0,L0,takeover
W2_apt,13,scenario,L0_takeover,303,0.8104575163398693,0.40924092409240925,0.5438596491228069,0.023015873015873017,0.96507019749594,0.05913209346685742,1.0,L0,takeover
W2_apt,14,scenario,L0_takeover,296,0.9044117647058824,0.4155405405405405,0.5694444444444444,0.010260457774269928,0.9672347959640777,0.059564164648910414,1.0,L0,takeover
W2_apt,15,scenario,L0_takeover,296,0.8027210884353742,0.39864864864864863,0.5327313769751693,0.022888713496448304,0.9653016275944453,0.058208955223880594,1.0,L0,takeover
W2_apt,16,scenario,L0_takeover,310,0.8,0.43870967741935485,0.5666666666666668,0.02713487629688747,0.9678500630744278,0.06368821292775666,1.0,L0,takeover
W2_apt,17,scenario,L0_takeover,322,0.8466257668711656,0.42857142857142855,0.5690721649484535,0.020145044319097503,0.9758559766968133,0.06459217350306459,1.0,L0,takeover
W2_apt,18,scenario,L0_takeover,327,0.9308176100628931,0.4525993883792049,0.609053497942387,0.00889967637540453,0.9730473659729026,0.06531332744924978,1.0,L0,takeover
W2_apt,19,scenario,L0_takeover,295,0.7848101265822784,0.42033898305084744,0.5474613686534215,0.026813880126182965,0.963666256750254,0.05823863636363636,1.0,L0,takeover
W2_apt,0,scenario,L0_concurrent,310,0.9837133550488599,0.9741935483870968,0.9789303079416531,0.0039904229848363925,0.9975697036789125,0.08754623921085081,2.0,L0,concurrent
W2_apt,1,scenario,L0_concurrent,286,0.9215686274509803,0.986013986013986,0.9527027027027026,0.018794048551292093,0.9967280174797795,0.08074123097286565,2.0,L0,concurrent
W2_apt,2,scenario,L0_concurrent,287,0.9180327868852459,0.975609756097561,0.9459459459459459,0.019592476489028215,0.9963108800367001,0.09669369931378664,1.0,L0,concurrent
W2_apt,3,scenario,L0_concurrent,284,0.9453924914675768,0.9753521126760564,0.9601386481802426,0.012509773260359656,0.9947141803125241,0.08310991957104558,2.0,L0,concurrent
W2_apt,4,scenario,L0_concurrent,302,0.8875739644970414,0.9933774834437086,0.9375,0.03013481363996828,0.9961661878778012,0.08927464352138871,2.0,L0,concurrent
W2_apt,5,scenario,L0_concurrent,294,0.9158576051779935,0.9625850340136054,0.9386401326699834,0.02048857368006304,0.9973678990902902,0.0865561694290976,1.0,L0,concurrent
W2_apt,6,scenario,L0_concurrent,307,0.9472049689440993,0.993485342019544,0.9697933227344991,0.013535031847133758,0.9958453494885786,0.08969696969696969,1.0,L0,concurrent
W2_apt,7,scenario,L0_concurrent,299,0.9208860759493671,0.9732441471571907,0.9463414634146341,0.01977848101265823,0.9961157444646712,0.07918968692449356,1.0,L0,concurrent
W2_apt,8,scenario,L0_concurrent,279,0.9042904290429042,0.982078853046595,0.9415807560137457,0.022585669781931463,0.9967521410466843,0.08773087071240106,1.0,L0,concurrent
W2_apt,9,scenario,L0_concurrent,326,0.9358600583090378,0.9846625766871165,0.9596412556053812,0.01778496362166532,0.9981699242675978,0.08551881413911061,2.0,L0,concurrent
W2_apt,10,scenario,L0_concurrent,279,0.9387755102040817,0.989247311827957,0.9633507853403142,0.014018691588785047,0.9979315311693967,0.0854368932038835,2.0,L0,concurrent
W2_apt,11,scenario,L0_concurrent,297,0.904320987654321,0.9865319865319865,0.9436392914653785,0.02448657187993681,0.9965638480646379,0.08641202254226675,1.0,L0,concurrent
W2_apt,12,scenario,L0_concurrent,301,0.9365079365079365,0.9800664451827242,0.9577922077922079,0.01584786053882726,0.9959788028283956,0.10061349693251534,2.0,L0,concurrent
W2_apt,13,scenario,L0_concurrent,283,0.9055374592833876,0.9823321554770318,0.9423728813559322,0.02265625,0.9962621466431095,0.09126466753585398,1.0,L0,concurrent
W2_apt,14,scenario,L0_concurrent,279,0.9550173010380623,0.989247311827957,0.9718309859154929,0.010124610591900311,0.9964939313748479,0.07981220657276995,1.5,L0,concurrent
W2_apt,15,scenario,L0_concurrent,283,0.9055374592833876,0.9823321554770318,0.9423728813559322,0.02265625,0.9970282133392226,0.083994708994709,1.0,L0,concurrent
W2_apt,16,scenario,L0_concurrent,292,0.89375,0.9794520547945206,0.9346405228758171,0.02675059008654603,0.9960593535453693,0.08711885500933417,1.0,L0,concurrent
W2_apt,17,scenario,L0_concurrent,302,0.9213836477987422,0.9701986754966887,0.9451612903225806,0.019825535289452814,0.9967740834300539,0.09107922645040549,2.0,L0,concurrent
W2_apt,18,scenario,L0_concurrent,311,0.9651898734177216,0.9807073954983923,0.9728867623604466,0.00878594249201278,0.9965714021552654,0.07905604719764012,1.0,L0,concurrent
W2_apt,19,scenario,L0_concurrent,278,0.8877887788778878,0.9676258992805755,0.9259896729776248,0.026459143968871595,0.9962797077513087,0.08637236084452975,1.0,L0,concurrent
W2_apt,0,scenario,L1_takeover,330,0.0,0.0,0.0,0.0040551500405515,0.9514512521811792,0.0,,L1,takeover
W2_apt,1,scenario,L1_takeover,300,0.0,0.0,0.0,0.019002375296912115,0.9403985220374769,0.0,,L1,takeover
W2_apt,2,scenario,L1_takeover,306,0.038461538461538464,0.0032679738562091504,0.006024096385542169,0.01988862370723946,0.9525467837625636,0.0,,L1,takeover
W2_apt,3,scenario,L1_takeover,304,0.0,0.0,0.0,0.012708498808578236,0.9319400317712471,0.0,,L1,takeover
W2_apt,4,scenario,L1_takeover,313,0.05128205128205128,0.006389776357827476,0.011363636363636364,0.0296,0.9392856230031948,0.0,,L1,takeover
W2_apt,5,scenario,L1_takeover,314,0.07142857142857142,0.006369426751592357,0.011695906432748539,0.020816653322658127,0.9688897614907213,0.0,,L1,takeover
W2_apt,6,scenario,L1_takeover,326,0.0,0.0,0.0,0.0137429264349232,0.9372579117298431,0.0,,L1,takeover
W2_apt,7,scenario,L1_takeover,321,0.07407407407407407,0.006230529595015576,0.011494252873563218,0.020128824476650563,0.9467683517189138,0.0,,L1,takeover
W2_apt,8,scenario,L1_takeover,293,0.03333333333333333,0.0034129692832764505,0.006191950464396284,0.02283464566929134,0.9487718685334982,0.0,,L1,takeover
W2_apt,9,scenario,L1_takeover,344,0.0,0.0,0.0,0.01804757998359311,0.9505408550661045,0.0,,L1,takeover
W2_apt,10,scenario,L1_takeover,293,0.14285714285714285,0.010238907849829351,0.019108280254777073,0.014173228346456693,0.9602093466985568,0.0,,L1,takeover
W2_apt,11,scenario,L1_takeover,311,0.03225806451612903,0.003215434083601286,0.005847953216374269,0.023961661341853034,0.9502801947751764,0.0,,L1,takeover
W2_apt,12,scenario,L1_takeover,319,0.047619047619047616,0.003134796238244514,0.0058823529411764705,0.01607717041800643,0.943186858047153,0.0,,L1,takeover
W2_apt,13,scenario,L1_takeover,303,0.0,0.0,0.0,0.023015873015873017,0.9408730158730159,0.0,,L1,takeover
W2_apt,14,scenario,L1_takeover,296,0.0,0.0,0.0,0.010260457774269928,0.9439501162567461,0.0,,L1,takeover
W2_apt,15,scenario,L1_takeover,296,0.06451612903225806,0.006756756756756757,0.012232415902140673,0.022888713496448304,0.9428702084088825,0.0,,L1,takeover
W2_apt,16,scenario,L1_takeover,310,0.05555555555555555,0.0064516129032258064,0.011560693641618497,0.02713487629688747,0.9431841000952552,0.0,,L1,takeover
W2_apt,17,scenario,L1_takeover,322,0.10714285714285714,0.009316770186335404,0.01714285714285714,0.020145044319097503,0.9580757854064794,0.0,,L1,takeover
W2_apt,18,scenario,L1_takeover,327,0.08333333333333333,0.0030581039755351682,0.005899705014749262,0.00889967637540453,0.9510196154112606,0.0,,L1,takeover
W2_apt,19,scenario,L1_takeover,295,0.02857142857142857,0.003389830508474576,0.006060606060606061,0.026813880126182965,0.9374431909319361,0.0,,L1,takeover
W2_apt,0,scenario,L1_concurrent,310,0.9832775919732442,0.9483870967741935,0.9655172413793103,0.0039904229848363925,0.9955127049918905,0.005548705302096177,3.0,L1,concurrent
W2_apt,1,scenario,L1_concurrent,286,0.920265780730897,0.9685314685314685,0.9437819420783646,0.018794048551292093,0.9942979886206198,0.005294506949040371,3.0,L1,concurrent
W2_apt,2,scenario,L1_concurrent,287,0.9161073825503355,0.9512195121951219,0.9333333333333332,0.019592476489028215,0.9931951984096643,0.010605115408608859,3.0,L1,concurrent
W2_apt,3,scenario,L1_concurrent,284,0.9444444444444444,0.9577464788732394,0.951048951048951,0.012509773260359656,0.9911022035260822,0.004021447721179625,3.0,L1,concurrent
W2_apt,4,scenario,L1_concurrent,302,0.8858858858858859,0.9768211920529801,0.9291338582677166,0.03013481363996828,0.9928339224099448,0.007439553626782393,3.0,L1,concurrent
W2_apt,5,scenario,L1_concurrent,294,0.9153094462540716,0.95578231292517,0.935108153078203,0.02048857368006304,0.995970098047099,0.008594229588704727,3.0,L1,concurrent
W2_apt,6,scenario,L1_concurrent,307,0.9462025316455697,0.9739413680781759,0.9598715890850722,0.013535031847133758,0.9917801717877964,0.006060606060606061,4.0,L1,concurrent
W2_apt,7,scenario,L1_concurrent,299,0.9196141479099679,0.9565217391304348,0.937704918032787,0.01977848101265823,0.9934988992845349,0.0024554941682013503,3.0,L1,concurrent
W2_apt,8,scenario,L1_concurrent,279,0.903010033444816,0.967741935483871,0.9342560553633218,0.022585669781931463,0.9942091247110844,0.005277044854881266,3.0,L1,concurrent
W2_apt,9,scenario,L1_concurrent,326,0.9349112426035503,0.9693251533742331,0.9518072289156626,0.01778496362166532,0.996576667278345,0.003990877993158495,3.0,L1,concurrent
W2_apt,10,scenario,L1_concurrent,279,0.9377162629757786,0.9713261648745519,0.954225352112676,0.014018691588785047,0.9962720106298641,0.009061488673139158,4.0,L1,concurrent
W2_apt,11,scenario,L1_concurrent,297,0.9015873015873016,0.9562289562289562,0.9281045751633986,0.02448657187993681,0.993272642166797,0.007514088916718848,4.0,L1,concurrent
W2_apt,12,scenario,L1_concurrent,301,0.9354838709677419,0.9634551495016611,0.9492635024549918,0.01584786053882726,0.9929671828190237,0.010429447852760737,4.0,L1,concurrent
W2_apt,13,scenario,L1_concurrent,283,0.9046052631578947,0.9717314487632509,0.9369676320272572,0.02265625,0.9934201082155477,0.003259452411994785,3.0,L1,concurrent
W2_apt,14,scenario,L1_concurrent,279,0.9540636042402827,0.967741935483871,0.9608540925266903,0.010124610591900311,0.993292131444076,0.002012072434607646,3.0,L1,concurrent
W2_apt,15,scenario,L1_concurrent,283,0.9046052631578947,0.9717314487632509,0.9369676320272572,0.02265625,0.9949494810070671,0.003968253968253968,3.0,L1,concurrent
W2_apt,16,scenario,L1_concurrent,292,0.8920634920634921,0.9623287671232876,0.9258649093904447,0.02675059008654603,0.9929593783343932,0.006222775357809583,3.0,L1,concurrent
W2_apt,17,scenario,L1_concurrent,302,0.9203821656050956,0.956953642384106,0.9383116883116883,0.019825535289452814,0.9947928428504655,0.009357454772301934,3.0,L1,concurrent
W2_apt,18,scenario,L1_concurrent,311,0.9650793650793651,0.977491961414791,0.9712460063897763,0.00878594249201278,0.9945733129244013,0.0017699115044247787,3.0,L1,concurrent
W2_apt,19,scenario,L1_concurrent,278,0.8874172185430463,0.9640287769784173,0.9241379310344828,0.026459143968871595,0.9947316854687456,0.007037747920665387,3.0,L1,concurrent
W2_apt,0,scenario,L2_takeover,330,0.16666666666666666,0.0030303030303030303,0.005952380952380953,0.0040551500405515,0.9593071837597386,0.00044943820224719103,1.0,L2,takeover
W2_apt,1,scenario,L2_takeover,300,0.8421052631578947,0.4266666666666667,0.5663716814159292,0.019002375296912115,0.9437582475587226,0.063968015992004,1.0,L2,takeover
W2_apt,2,scenario,L2_takeover,306,0.8322147651006712,0.40522875816993464,0.5450549450549451,0.01988862370723946,0.9535425148579718,0.055251141552511415,1.0,L2,takeover
W2_apt,3,scenario,L2_takeover,304,0.0,0.0,0.0,0.012708498808578236,0.9406601417164834,0.0,,L2,takeover
W2_apt,4,scenario,L2_takeover,313,0.76875,0.3929712460063898,0.5200845665961945,0.0296,0.9416869009584664,0.058095238095238096,1.0,L2,takeover
W2_apt,5,scenario,L2_takeover,314,0.8424242424242424,0.4426751592356688,0.580375782881002,0.020816653322658127,0.9558615044902163,0.06336088154269973,1.0,L2,takeover
W2_apt,6,scenario,L2_takeover,326,0.05555555555555555,0.003067484662576687,0.005813953488372093,0.0137429264349232,0.9412850702520942,0.00044603033006244426,1.0,L2,takeover
W2_apt,7,scenario,L2_takeover,321,0.8475609756097561,0.43302180685358255,0.5731958762886598,0.020128824476650563,0.9517936601100626,0.0606330806954971,1.0,L2,takeover
W2_apt,8,scenario,L2_takeover,293,0.7972027972027972,0.3890784982935154,0.5229357798165137,0.02283464566929134,0.9515949584800194,0.056051587301587304,1.0,L2,takeover
W2_apt,9,scenario,L2_takeover,344,0.8552631578947368,0.37790697674418605,0.5241935483870966,0.01804757998359311,0.9545960757006314,0.055865921787709494,1.0,L2,takeover
W2_apt,10,scenario,L2_takeover,293,0.8783783783783784,0.44368600682593856,0.5895691609977324,0.014173228346456693,0.9622665340893821,0.06174039863879436,1.0,L2,takeover
W2_apt,11,scenario,L2_takeover,311,0.8181818181818182,0.4340836012861736,0.5672268907563025,0.023961661341853034,0.9552831225665944,0.060758337140246685,1.0,L2,takeover
W2_apt,12,scenario,L2_takeover,319,0.8757763975155279,0.44200626959247646,0.5874999999999999,0.01607717041800643,0.9500965134211614,0.06416131989000917,1.0,L2,takeover
W2_apt,13,scenario,L2_takeover,303,0.8129032258064516,0.4158415841584158,0.5502183406113537,0.023015873015873017,0.9466878830740217,0.0594059405940594,1.0,L2,takeover
W2_apt,14,scenario,L2_takeover,296,0.13333333333333333,0.006756756756756757,0.012861736334405145,0.010260457774269928,0.946436570745963,0.0009852216748768472,1.0,L2,takeover
W2_apt,15,scenario,L2_takeover,296,0.8066666666666666,0.40878378378378377,0.5426008968609866,0.022888713496448304,0.9448860363915612,0.058823529411764705,1.0,L2,takeover
W2_apt,16,scenario,L2_takeover,310,0.7976190476190477,0.432258064516129,0.5606694560669456,0.02713487629688747,0.9469350977010015,0.06211764705882353,1.0,L2,takeover
W2_apt,17,scenario,L2_takeover,322,0.8355263157894737,0.3944099378881988,0.5358649789029536,0.020145044319097503,0.961537980290389,0.05830223880597015,1.0,L2,takeover
W2_apt,18,scenario,L2_takeover,327,0.3888888888888889,0.021406727828746176,0.04057971014492753,0.00889967637540453,0.9566063458131686,0.003028991778450887,1.0,L2,takeover
W2_apt,19,scenario,L2_takeover,295,0.7964071856287425,0.45084745762711864,0.5757575757575758,0.026813880126182965,0.946644923274341,0.06343104276790004,1.0,L2,takeover
W2_apt,0,scenario,L2_concurrent,312,0.9621212121212122,0.40705128205128205,0.572072072072072,0.003996802557953637,0.9928147225809096,0.00599880023995201,4.0,L2,concurrent
W2_apt,1,scenario,L2_concurrent,286,0.9207920792079208,0.9755244755244755,0.9473684210526316,0.018794048551292093,0.9900868512849719,0.08106312292358804,2.0,L2,concurrent
W2_apt,2,scenario,L2_concurrent,287,0.9180327868852459,0.975609756097561,0.9459459459459459,0.019592476489028215,0.9899061199523773,0.09222082810539524,2.0,L2,concurrent
W2_apt,3,scenario,L2_concurrent,284,0.8778625954198473,0.40492957746478875,0.5542168674698795,0.012509773260359656,0.9860696626986312,0.0006548788474132286,3.0,L2,concurrent
W2_apt,4,scenario,L2_concurrent,299,0.8865671641791045,0.9933110367892977,0.9369085173501579,0.030063291139240507,0.9869925066677956,0.08746898263027296,2.0,L2,concurrent
W2_apt,5,scenario,L2_concurrent,292,0.9158576051779935,0.9691780821917808,0.9417637271214643,0.020456333595594022,0.9909344923100137,0.0790108564535585,2.0,L2,concurrent
W2_apt,6,scenario,L2_concurrent,308,0.875,0.38636363636363635,0.5360360360360361,0.013545816733067729,0.9843315051482382,0.0018148820326678765,3.0,L2,concurrent
W2_apt,7,scenario,L2_concurrent,303,0.922360248447205,0.9801980198019802,0.9504,0.01984126984126984,0.9906870448949657,0.08389057750759879,1.0,L2,concurrent
W2_apt,8,scenario,L2_concurrent,281,0.9019607843137255,0.9822064056939501,0.940374787052811,0.0234009360374415,0.9895750634295835,0.08976063829787234,1.5,L2,concurrent
W2_apt,9,scenario,L2_concurrent,323,0.9352941176470588,0.9845201238390093,0.9592760180995475,0.017741935483870968,0.9924410766004195,0.0811764705882353,2.0,L2,concurrent
W2_apt,10,scenario,L2_concurrent,279,0.936026936026936,0.996415770609319,0.9652777777777778,0.014797507788161994,0.9941086322982615,0.09407216494845361,2.0,L2,concurrent
W2_apt,11,scenario,L2_concurrent,290,0.8996865203761756,0.9896551724137931,0.9425287356321839,0.02513747054202671,0.9895860985453856,0.0914249684741488,1.0,L2,concurrent
W2_apt,12,scenario,L2_concurrent,302,0.9365079365079365,0.9768211920529801,0.9562398703403565,0.01586042823156225,0.9909577177789098,0.08756038647342995,1.0,L2,concurrent
W2_apt,13,scenario,L2_concurrent,285,0.9061488673139159,0.9824561403508771,0.9427609427609428,0.02269170579029734,0.9892677703648793,0.08213820078226858,2.0,L2,concurrent
W2_apt,14,scenario,L2_concurrent,278,0.9097222222222222,0.4712230215827338,0.6208530805687204,0.010116731517509728,0.9908028441060381,0.005416384563303994,3.0,L2,concurrent
W2_apt,15,scenario,L2_concurrent,285,0.907051282051282,0.9929824561403509,0.9480737018425461,0.02269170579029734,0.9912761167394228,0.0869281045751634,1.0,L2,concurrent
W2_apt,16,scenario,L2_concurrent,293,0.8950617283950617,0.9897610921501706,0.940032414910859,0.026771653543307086,0.9891886807664401,0.09961928934010152,1.0,L2,concurrent
W2_apt,17,scenario,L2_concurrent,300,0.917981072555205,0.97,0.9432739059967585,0.02058590657165479,0.9904922143045658,0.09164086687306501,2.0,L2,concurrent
W2_apt,18,scenario,L2_concurrent,308,0.9166666666666666,0.42857142857142855,0.5840707964601769,0.009561752988047808,0.9909440161432194,0.006626506024096385,3.0,L2,concurrent
W2_apt,19,scenario,L2_concurrent,278,0.8881578947368421,0.9712230215827338,0.9278350515463917,0.026459143968871595,0.9885787867760266,0.08274984086569065,1.0,L2,concurrent
W2_apt,0,scenario,L3_takeover,330,0.16666666666666666,0.0030303030303030303,0.005952380952380953,0.0040551500405515,0.8830765071640984,0.0,,L3,takeover
W2_apt,1,scenario,L3_takeover,300,0.0,0.0,0.0,0.019002375296912115,0.8636896278701505,0.0,,L3,takeover
W2_apt,2,scenario,L3_takeover,306,0.16666666666666666,0.016339869281045753,0.029761904761904767,0.01988862370723946,0.8907984567467931,0.0,,L3,takeover
W2_apt,3,scenario,L3_takeover,304,0.0,0.0,0.0,0.012708498808578236,0.8700305171188496,0.0,,L3,takeover
W2_apt,4,scenario,L3_takeover,313,0.075,0.009584664536741214,0.0169971671388102,0.0296,0.8718338658146965,0.0,,L3,takeover
W2_apt,5,scenario,L3_takeover,314,0.07142857142857142,0.006369426751592357,0.011695906432748539,0.020816653322658127,0.8795698979565818,0.0,,L3,takeover
W2_apt,6,scenario,L3_takeover,326,0.0,0.0,0.0,0.0137429264349232,0.8729027282511121,0.0,,L3,takeover
W2_apt,7,scenario,L3_takeover,321,0.13793103448275862,0.012461059190031152,0.022857142857142857,0.020128824476650563,0.8853246447043007,0.0,,L3,takeover
W2_apt,8,scenario,L3_takeover,293,0.06451612903225806,0.006825938566552901,0.012345679012345678,0.02283464566929134,0.890027142511623,0.0,,L3,takeover
W2_apt,9,scenario,L3_takeover,344,0.0,0.0,0.0,0.01804757998359311,0.8802344659175458,0.0,,L3,takeover
W2_apt,10,scenario,L3_takeover,293,0.1,0.006825938566552901,0.012779552715654952,0.014173228346456693,0.8958359087366639,0.0,,L3,takeover
W2_apt,11,scenario,L3_takeover,311,0.03225806451612903,0.003215434083601286,0.005847953216374269,0.023961661341853034,0.8906790935146852,0.0,,L3,takeover
W2_apt,12,scenario,L3_takeover,319,0.047619047619047616,0.003134796238244514,0.0058823529411764705,0.01607717041800643,0.8841019967946456,0.0,,L3,takeover
W2_apt,13,scenario,L3_takeover,303,0.0,0.0,0.0,0.023015873015873017,0.8796492744512546,0.0,,L3,takeover
W2_apt,14,scenario,L3_takeover,296,0.0,0.0,0.0,0.010260457774269928,0.8696364576889439,0.0,,L3,takeover
W2_apt,15,scenario,L3_takeover,296,0.06451612903225806,0.006756756756756757,0.012232415902140673,0.022888713496448304,0.8668446959192816,0.0,,L3,takeover
W2_apt,16,scenario,L3_takeover,310,0.05555555555555555,0.0064516129032258064,0.011560693641618497,0.02713487629688747,0.879200885616456,0.0,,L3,takeover
W2_apt,17,scenario,L3_takeover,322,0.038461538461538464,0.003105590062111801,0.005747126436781609,0.020145044319097503,0.9012317255669391,0.0,,L3,takeover
W2_apt,18,scenario,L3_takeover,327,0.0,0.0,0.0,0.00889967637540453,0.8923181219876686,0.0,,L3,takeover
W2_apt,19,scenario,L3_takeover,295,0.02857142857142857,0.003389830508474576,0.006060606060606061,0.026813880126182965,0.862877613217131,0.0,,L3,takeover
W2_apt,0,scenario,L3_concurrent,316,0.4444444444444444,0.012658227848101266,0.024615384615384612,0.00400962309542903,0.9728005440906277,0.0006027727546714888,4.0,L3,concurrent
W2_apt,1,scenario,L3_concurrent,288,0.38461538461538464,0.052083333333333336,0.09174311926605505,0.018823529411764704,0.965427559912854,0.0026578073089701,3.0,L3,concurrent
W2_apt,2,scenario,L3_concurrent,290,0.3902439024390244,0.05517241379310345,0.09667673716012083,0.019638648860958365,0.9687569412465802,0.01021021021021021,5.0,L3,concurrent
W2_apt,3,scenario,L3_concurrent,285,0.1111111111111111,0.007017543859649123,0.013201320132013201,0.012519561815336464,0.9559426735853719,0.0006618133686300463,3.5,L3,concurrent
W2_apt,4,scenario,L3_concurrent,293,0.3148148148148148,0.05802047781569966,0.09798270893371759,0.029133858267716535,0.9598304264867915,0.0018951358180669614,5.0,L3,concurrent
W2_apt,5,scenario,L3_concurrent,290,0.3157894736842105,0.041379310344827586,0.07317073170731707,0.0204241948153967,0.9495083565836877,0.0030978934324659233,4.0,L3,concurrent
W2_apt,6,scenario,L3_concurrent,309,0.19047619047619047,0.012944983818770227,0.024242424242424242,0.013556618819776715,0.9568771516906417,0.001201923076923077,5.5,L3,concurrent
W2_apt,7,scenario,L3_concurrent,301,0.3055555555555556,0.036544850498338874,0.06528189910979229,0.019809825673534072,0.9656362047269798,0.0006020469596628537,4.5,L3,concurrent
W2_apt,8,scenario,L3_concurrent,281,0.16666666666666666,0.021352313167259787,0.037854889589905356,0.0234009360374415,0.9645002526079691,0.0,5.0,L3,concurrent
W2_apt,9,scenario,L3_concurrent,320,0.28125,0.028125,0.05113636363636363,0.01850362027353178,0.9678813857602574,0.0076201641266119575,4.0,L3,concurrent
W2_apt,10,scenario,L3_concurrent,277,0.36363636363636365,0.04332129963898917,0.07741935483870968,0.016329704510108865,0.9742323607188775,0.004507405022537025,4.5,L3,concurrent
W2_apt,11,scenario,L3_concurrent,293,0.24390243902439024,0.034129692832764506,0.05988023952095809,0.024409448818897637,0.9663338797667357,0.003109452736318408,4.5,L3,concurrent
W2_apt,12,scenario,L3_concurrent,300,0.3225806451612903,0.03333333333333333,0.060422960725075525,0.0166270783847981,0.9669121140142518,0.0,4.0,L3,concurrent
W2_apt,13,scenario,L3_concurrent,279,0.32558139534883723,0.05017921146953405,0.08695652173913043,0.022585669781931463,0.9642930917049096,0.0013333333333333333,4.0,L3,concurrent
W2_apt,14,scenario,L3_concurrent,272,0.3157894736842105,0.022058823529411766,0.04123711340206186,0.010069713400464756,0.9684894290791453,0.0013449899125756557,4.0,L3,concurrent
W2_apt,15,scenario,L3_concurrent,281,0.275,0.03914590747330961,0.06853582554517135,0.02262090483619345,0.9661657996568973,0.0013218770654329147,3.0,L3,concurrent
W2_apt,16,scenario,L3_concurrent,291,0.30612244897959184,0.05154639175257732,0.08823529411764705,0.026729559748427674,0.9643052043484839,0.004342431761786601,3.0,L3,concurrent
W2_apt,17,scenario,L3_concurrent,300,0.3902439024390244,0.05333333333333334,0.09384164222873902,0.01979414093428345,0.9708814990762734,0.008029647930821495,4.5,L3,concurrent
W2_apt,18,scenario,L3_concurrent,309,0.5416666666666666,0.042071197411003236,0.07807807807807808,0.008771929824561403,0.9704247379260154,0.003569303985722784,4.0,L3,concurrent
W2_apt,19,scenario,L3_concurrent,283,0.19047619047619047,0.028268551236749116,0.049230769230769224,0.0265625,0.9585564818904594,0.0024875621890547263,3.0,L3,concurrent
W2_apt,0,scenario,L4_takeover,330,0.375,0.00909090909090909,0.01775147928994083,0.0040551500405515,0.46858241785249083,0.0013227513227513227,1.0,L4,takeover
W2_apt,1,scenario,L4_takeover,300,0.3333333333333333,0.04,0.07142857142857142,0.019002375296912115,0.45527579836368437,0.005893909626719057,1.0,L4,takeover
W2_apt,2,scenario,L4_takeover,306,0.34210526315789475,0.042483660130718956,0.0755813953488372,0.01988862370723946,0.4802868641490009,0.005507113354749885,1.0,L4,takeover
W2_apt,3,scenario,L4_takeover,304,0.058823529411764705,0.003289473684210526,0.006230529595015576,0.012708498808578236,0.44543105430374985,0.00047080979284369113,1.0,L4,takeover
W2_apt,4,scenario,L4_takeover,313,0.22916666666666666,0.03514376996805112,0.060941828254847646,0.0296,0.45866837060702875,0.0042333019755409216,1.0,L4,takeover
W2_apt,5,scenario,L4_takeover,314,0.2972972972972973,0.03503184713375796,0.06267806267806268,0.020816653322658127,0.45281448088407034,0.004508566275924256,1.0,L4,takeover
W2_apt,6,scenario,L4_takeover,326,0.10526315789473684,0.006134969325153374,0.011594202898550725,0.0137429264349232,0.4467145429026291,0.0008888888888888889,1.0,L4,takeover
W2_apt,7,scenario,L4_takeover,321,0.34210526315789475,0.040498442367601244,0.0724233983286908,0.020128824476650563,0.47033851540827026,0.005863779882724403,1.0,L4,takeover
W2_apt,8,scenario,L4_takeover,293,0.19444444444444445,0.023890784982935155,0.04255319148936171,0.02283464566929134,0.4564886727043079,0.002939735423811857,1.0,L4,takeover
W2_apt,9,scenario,L4_takeover,344,0.12,0.00872093023255814,0.016260162601626015,0.01804757998359311,0.44693753934792146,0.0012787723785166241,1.0,L4,takeover
W2_apt,10,scenario,L4_takeover,293,0.45454545454545453,0.051194539249146756,0.0920245398773006,0.014173228346456693,0.4657426567412862,0.006819288845591817,1.0,L4,takeover
W2_apt,11,scenario,L4_takeover,311,0.14285714285714285,0.01607717041800643,0.028901734104046242,0.023961661341853034,0.45446770697430733,0.002275830678197542,1.0,L4,takeover
W2_apt,12,scenario,L4_takeover,319,0.2857142857142857,0.025078369905956112,0.04610951008645532,0.01607717041800643,0.46708211956576523,0.003170289855072464,1.0,L4,takeover
W2_apt,13,scenario,L4_takeover,303,0.275,0.036303630363036306,0.0641399416909621,0.023015873015873017,0.46196762533396196,0.005245588936576061,1.0,L4,takeover
W2_apt,14,scenario,L4_takeover,296,0.23529411764705882,0.013513513513513514,0.025559105431309907,0.010260457774269928,0.46031271998122825,0.001937046004842615,1.0,L4,takeover
W2_apt,15,scenario,L4_takeover,296,0.2926829268292683,0.04054054054054054,0.0712166172106825,0.022888713496448304,0.45513982806800485,0.005472636815920398,1.0,L4,takeover
W2_apt,16,scenario,L4_takeover,310,0.24444444444444444,0.035483870967741936,0.06197183098591549,0.02713487629688747,0.46143835440105035,0.004752851711026616,1.0,L4,takeover
W2_apt,17,scenario,L4_takeover,322,0.3055555555555556,0.034161490683229816,0.061452513966480445,0.020145044319097503,0.4690642188978033,0.004243281471004243,1.0,L4,takeover
W2_apt,18,scenario,L4_takeover,327,0.47619047619047616,0.03058103975535168,0.0574712643678161,0.00889967637540453,0.4714626446166484,0.003968253968253968,1.0,L4,takeover
W2_apt,19,scenario,L4_takeover,295,0.1282051282051282,0.01694915254237288,0.02994011976047904,0.026813880126182965,0.4452614553814896,0.001893939393939394,1.0,L4,takeover
W2_apt,0,scenario,L4_concurrent,310,0.5,0.016129032258064516,0.03125,0.0039904229848363925,0.5122261411322503,0.0036991368680641184,1.0,L4,concurrent
W2_apt,1,scenario,L4_concurrent,286,0.38461538461538464,0.05244755244755245,0.0923076923076923,0.018794048551292093,0.4987678726911303,0.011250827266710787,1.0,L4,concurrent
W2_apt,2,scenario,L4_concurrent,287,0.3902439024390244,0.05574912891986063,0.0975609756097561,0.019592476489028215,0.5301451072056623,0.016219588271990017,1.0,L4,concurrent
W2_apt,3,scenario,L4_concurrent,284,0.2,0.014084507042253521,0.02631578947368421,0.012509773260359656,0.48826107544406394,0.0013404825737265416,4.5,L4,concurrent
W2_apt,4,scenario,L4_concurrent,302,0.3090909090909091,0.056291390728476824,0.09523809523809525,0.03013481363996828,0.49187809527810894,0.014879107253564786,1.0,L4,concurrent
W2_apt,5,scenario,L4_concurrent,294,0.36585365853658536,0.05102040816326531,0.08955223880597014,0.02048857368006304,0.503227137978911,0.01289134438305709,1.0,L4,concurrent
W2_apt,6,scenario,L4_concurrent,307,0.19047619047619047,0.013029315960912053,0.024390243902439025,0.013535031847133758,0.48570769103093425,0.0030303030303030303,4.5,L4,concurrent
W2_apt,7,scenario,L4_concurrent,299,0.3055555555555556,0.03678929765886288,0.06567164179104479,0.01977848101265823,0.49615014182295414,0.010435850214855739,1.0,L4,concurrent
W2_apt,8,scenario,L4_concurrent,279,0.23684210526315788,0.03225806451612903,0.05678233438485804,0.022585669781931463,0.4945203720452439,0.009234828496042216,1.0,L4,concurrent
W2_apt,9,scenario,L4_concurrent,326,0.26666666666666666,0.024539877300613498,0.0449438202247191,0.01778496362166532,0.483513199855181,0.005701254275940707,1.0,L4,concurrent
W2_apt,10,scenario,L4_concurrent,279,0.4,0.043010752688172046,0.07766990291262137,0.014018691588785047,0.4871620942618832,0.01423948220064725,1.0,L4,concurrent
W2_apt,11,scenario,L4_concurrent,297,0.225,0.030303030303030304,0.053412462908011875,0.02448657187993681,0.49072345359865105,0.0068879148403256105,4.0,L4,concurrent
W2_apt,12,scenario,L4_concurrent,301,0.4594594594594595,0.05647840531561462,0.10059171597633136,0.01584786053882726,0.5093099599328177,0.010410287813839559,1.0,L4,concurrent
W2_apt,13,scenario,L4_concurrent,283,0.30952380952380953,0.045936395759717315,0.08,0.02265625,0.49242905256183744,0.011734028683181226,1.0,L4,concurrent
W2_apt,14,scenario,L4_concurrent,279,0.2777777777777778,0.017921146953405017,0.03367003367003367,0.010124610591900311,0.49006102122623074,0.00335345405767941,1.0,L4,concurrent
W2_apt,15,scenario,L4_concurrent,283,0.30952380952380953,0.045936395759717315,0.08,0.02265625,0.4814294390459364,0.007936507936507936,1.0,L4,concurrent
W2_apt,16,scenario,L4_concurrent,292,0.3333333333333333,0.05821917808219178,0.09912536443148688,0.02675059008654603,0.5092204390890572,0.019912881144990666,1.0,L4,concurrent
W2_apt,17,scenario,L4_concurrent,302,0.40476190476190477,0.056291390728476824,0.09883720930232559,0.019825535289452814,0.5094755555088729,0.01561524047470331,2.0,L4,concurrent
W2_apt,18,scenario,L4_concurrent,311,0.5217391304347826,0.03858520900321544,0.07185628742514971,0.00878594249201278,0.504044974985361,0.012979351032448377,1.0,L4,concurrent
W2_apt,19,scenario,L4_concurrent,278,0.19047619047619047,0.02877697841726619,0.05000000000000001,0.026459143968871595,0.4826498334406405,0.007060333761232349,1.0,L4,concurrent
