workload,detector,level,mode,n_runs,recall_mean,recall_sd,recall_ci_lo,recall_ci_hi,precision_mean,precision_sd,precision_ci_lo,precision_ci_hi,f1_mean,f1_sd,f1_ci_lo,f1_ci_hi,fpr_mean,fpr_sd,fpr_ci_lo,fpr_ci_hi
W1_web,SICA (proposed),L0,concurrent,20,0.998,0.008944271909999166,0.994,1.0,0.9094602115720536,0.06276845750839884,0.8823377670027339,0.9353070996255206,0.9505104961387522,0.0344738929504053,0.9354446725807822,0.9647863867426376,0.01811585201567993,0.012880343224735465,0.01284728645385021,0.02376325095471629
W1_web,SICA (proposed),L0,takeover,20,0.9061784434004515,0.08792255126037322,0.8665950334570268,0.9401650404627068,0.922462086112011,0.05016156834052717,0.9006467424178629,0.9429839857848853,0.9116166445317774,0.05661749932170651,0.886123450743548,0.9344718070049253,0.01859240540204968,0.012946026404666244,0.013255810149945278,0.024328394094819367
W1_web,SICA (proposed),L1,concurrent,20,0.9545908339689803,0.04723307909831453,0.9345002542588354,0.9741743135011439,0.9060548020502253,0.0637093970067251,0.8786334982396194,0.9323179572779113,0.9278282653661014,0.038769532235621317,0.9114486158482669,0.9445223483239122,0.01811585201567993,0.012880343224735465,0.01284728645385021,0.02376325095471629
W1_web,SICA (proposed),L1,takeover,20,0.026166138590623715,0.043134784869824194,0.009153318077803204,0.045627288329519435,0.13416666666666668,0.22701179864744075,0.04583333333333333,0.23833333333333329,0.04354271021171442,0.07182254360829188,0.015362318840579708,0.07598577439390905,0.01859240540204968,0.012946026404666244,0.013255810149945278,0.024328394094819367
W1_web,SICA (proposed),L2,concurrent,20,0.9271532783073704,0.07725403304892196,0.892261425568251,0.9581229500199288,0.9026372007335629,0.06476756005607635,0.8742573542395428,0.9292105142256265,0.911823059474723,0.050578382155715175,0.8904011318082418,0.9335561890394408,0.017530105250207543,0.012153000347206618,0.012523468268837656,0.022905952357934536
W1_web,SICA (proposed),L2,takeover,20,0.5034141596964675,0.46112406812954015,0.3140469580470573,0.6935762659025281,0.5441494036844668,0.4389480070217056,0.3536270376849269,0.7240829723273974,0.5069678164467186,0.45649426819228556,0.3207957023524405,0.6918210425129175,0.01859240540204968,0.012946026404666244,0.013255810149945278,0.024328394094819367
W1_web,SICA (proposed),L3,concurrent,20,0.1401793179475236,0.2616787773200404,0.04556649660881388,0.26626517910455855,0.35033333333333333,0.3674503586634137,0.19833333333333333,0.5119999999999999,0.16880998990633964,0.250580626325557,0.07438763324489131,0.285746530411439,0.01820850274717647,0.013016894338328382,0.012828980292869089,0.023960956812227357
W1_web,SICA (proposed),L3,takeover,20,0.004805491990846682,0.014865338003580513,0.0,0.012242562929061784,0.029166666666666664,0.09078523593805043,0.0,0.07499999999999998,0.008193979933110367,0.025273004417442364,0.0,0.02073578595317726,0.01859240540204968,0.012946026404666244,0.013255810149945278,0.024328394094819367
W1_web,SICA (proposed),L4,concurrent,20,0.05547627080521818,0.05223912003689443,0.03331140350877193,0.07792016700404857,0.31666666666666665,0.32399191384032733,0.18333333333333332,0.45833333333333337,0.09154567654567655,0.08486483539671515,0.05523559773559773,0.12779727217227216,0.01811585201567993,0.012880343224735465,0.01284728645385021,0.02376325095471629
W1_web,SICA (proposed),L4,takeover,20,0.03970139500088013,0.04417478028200005,0.021609284629843836,0.059327769151138715,0.2972619047619047,0.33377099356106094,0.15916666666666668,0.4492857142857143,0.067841723597908,0.07351555458792396,0.037404277514402146,0.10041441467338676,0.01859240540204968,0.012946026404666244,0.013255810149945278,0.024328394094819367
W1_web,pin_ip,L0,concurrent,20,1.0,0.0,1.0,1.0,0.5439591567013187,0.08269434914726385,0.508463121661154,0.5788294639181685,0.701059031087001,0.0703197078639889,0.6703995404796793,0.7303078647301373,0.15242564545281218,0.034424263617844675,0.13816163114547708,0.16790481210585265
W1_web,pin_ip,L0,takeover,20,1.0,0.0,1.0,1.0,0.612251137198238,0.06677738973882982,0.5831850080471,0.6401727648033075,0.757466577091409,0.051686442797390424,0.7348054841933723,0.7789292721537728,0.1547876763243473,0.03382669235652985,0.1407964484426835,0.17001450197306645
W1_web,pin_ip,L1,concurrent,20,1.0,0.0,1.0,1.0,0.5439591567013187,0.08269434914726385,0.508463121661154,0.5788294639181685,0.701059031087001,0.0703197078639889,0.6703995404796793,0.7303078647301373,0.15242564545281218,0.034424263617844675,0.13816163114547708,0.16790481210585265
W1_web,pin_ip,L1,takeover,20,1.0,0.0,1.0,1.0,0.612251137198238,0.06677738973882982,0.5831850080471,0.6401727648033075,0.757466577091409,0.051686442797390424,0.7348054841933723,0.7789292721537728,0.1547876763243473,0.03382669235652985,0.1407964484426835,0.17001450197306645
W1_web,pin_ip,L2,concurrent,20,1.0,0.0,1.0,1.0,0.5398789100070739,0.06930094187020273,0.5104760642479612,0.5691704928953812,0.6986967020109066,0.05854987788215,0.6735299435138976,0.7232401892831605,0.15114627406436792,0.03389456641731425,0.1369387783542469,0.1664536421370949
W1_web,pin_ip,L2,takeover,20,1.0,0.0,1.0,1.0,0.612251137198238,0.06677738973882982,0.5831850080471,0.6401727648033075,0.757466577091409,0.051686442797390424,0.7348054841933723,0.7789292721537728,0.1547876763243473,0.03382669235652985,0.1407964484426835,0.17001450197306645
W1_web,pin_ip,L3,concurrent,20,1.0,0.0,1.0,1.0,0.5376637610798536,0.07955556094945211,0.5035733779116327,0.5719098465503861,0.6960220298783864,0.06726138628750189,0.6669236577732406,0.7247343961769648,0.1540143090972036,0.03373146025746876,0.13999124927752607,0.16928372012787227
W1_web,pin_ip,L3,takeover,20,1.0,0.0,1.0,1.0,0.612251137198238,0.06677738973882982,0.5831850080471,0.6401727648033075,0.757466577091409,0.051686442797390424,0.7348054841933723,0.7789292721537728,0.1547876763243473,0.03382669235652985,0.1407964484426835,0.17001450197306645
W1_web,pin_ip,L4,concurrent,20,0.15841040659061253,0.07887788413777702,0.12437005091987215,0.19160944962741297,0.16458506404629705,0.09662010529408678,0.12458207558452379,0.20768030573993687,0.15899041878650547,0.08359098536094706,0.123602012946013,0.19532656081901414,0.15242564545281218,0.034424263617844675,0.13816163114547708,0.16790481210585265
W1_web,pin_ip,L4,takeover,20,0.07068467353398153,0.045451850349604125,0.05209227952029182,0.09075711090059715,0.10465708921281676,0.0721693419343311,0.07479564496820688,0.1371769271835835,0.08336545325512687,0.05426700830942408,0.0608177621462319,0.10770763100130576,0.1547876763243473,0.03382669235652985,0.1407964484426835,0.17001450197306645
W1_web,pin_ip_and_useragent,L0,concurrent,20,0.9746958655697213,0.035507025903401664,0.9585704325351421,0.9889445080091532,0.7779970247935808,0.07691013096518472,0.7446764564253003,0.8101658360827237,0.8632706768367312,0.05166333663843091,0.8403057228582959,0.8842896930159974,0.05025247124470349,0.018074993427706753,0.0425653790567466,0.05806004311353607
W1_web,pin_ip_and_useragent,L0,takeover,20,0.9876930178268252,0.023684318734691744,0.9768673599320883,0.9968245967741935,0.825318109322704,0.05431562745269058,0.8023535925251212,0.8484431951835179,0.8983491112084316,0.03553349583224706,0.8832676092222252,0.9136628057470602,0.05102792690784731,0.017637069585010788,0.04361808681947526,0.058721194158656585
W1_web,pin_ip_and_useragent,L1,concurrent,20,0.10194581946784462,0.06309498175390989,0.07520159659181398,0.12937279054136178,0.259484126984127,0.14313383466341045,0.19793551587301586,0.3216279761904762,0.1421109795236119,0.08385235639742027,0.10661695677853125,0.17878368100560268,0.05025247124470349,0.018074993427706753,0.0425653790567466,0.05806004311353607
W1_web,pin_ip_and_useragent,L1,takeover,20,0.06160033095263469,0.04061155656924494,0.04416128813818637,0.07932918933575743,0.22617063492063488,0.13980426807192342,0.16557490079365075,0.28609176587301577,0.09525475845520993,0.061542241799135894,0.06868349724869631,0.12247988420225546,0.05102792690784731,0.017637069585010788,0.04361808681947526,0.058721194158656585
W1_web,pin_ip_and_useragent,L2,concurrent,20,0.9618265639589169,0.056966306906678615,0.9350665266106443,0.9831407563025211,0.7738185343730225,0.06930629905149682,0.7442413825740879,0.8030169091306165,0.8564150734885407,0.057496444221891464,0.8310321337568727,0.8796204442380856,0.05026418320966171,0.01896047449129632,0.04227601539666484,0.058574596573231184
W1_web,pin_ip_and_useragent,L2,takeover,20,0.9819535098522169,0.03176836782823229,0.9677278068555009,0.9944683908045977,0.8247206164958774,0.05340642181295886,0.8021002969142941,0.8475086310827061,0.8953386645003192,0.033490445247841526,0.8814044660741825,0.9100219155318501,0.05102792690784731,0.017637069585010788,0.04361808681947526,0.058721194158656585
W1_web,pin_ip_and_useragent,L3,concurrent,20,0.10693724085499559,0.06631180064552027,0.07876051283722235,0.13541240905357038,0.26319444444444445,0.1315329069873118,0.2044409722222222,0.3177777777777778,0.14757674168878426,0.0851207640575004,0.11114969674298932,0.1835989312100833,0.05084414369146114,0.018251100967311484,0.043218546579409774,0.05867751256184011
W1_web,pin_ip_and_useragent,L3,takeover,20,0.058943516502716786,0.04109328722870271,0.04153866565821756,0.07692365512105359,0.22041666666666662,0.14616054823113103,0.15757787698412698,0.2830183531746031,0.09165331414255873,0.06306534104241765,0.06496589497509125,0.11938477940629942,0.05102792690784731,0.017637069585010788,0.04361808681947526,0.058721194158656585
W1_web,pin_ip_and_useragent,L4,concurrent,20,0.0672468846307519,0.04735510368136827,0.04754628235513533,0.08853254115814899,0.1896626984126984,0.13081892867101774,0.13418501984126985,0.2473616071428571,0.09679972406537873,0.06562335051763357,0.06910494926396255,0.12597485435360198,0.05025247124470349,0.018074993427706753,0.0425653790567466,0.05806004311353607
W1_web,pin_ip_and_useragent,L4,takeover,20,0.032708376093768074,0.03279144898386927,0.018950538134867342,0.04717182989726334,0.13287698412698412,0.13516810288224468,0.07680505952380952,0.19244146825396824,0.05182185312524579,0.051872642900224614,0.030153446274480064,0.07474362380759765,0.05102792690784731,0.017637069585010788,0.04361808681947526,0.058721194158656585
W1_web,pin_ip_or_useragent,L0,concurrent,20,1.0,0.0,1.0,1.0,0.47297021753931523,0.07879590500431354,0.4388974876753205,0.5065956634264193,0.638475904612698,0.07346849721394004,0.6061106640560425,0.6691448442620188,0.20254597872719488,0.03648775275847807,0.18702492500241347,0.21837070455171018
W1_web,pin_ip_or_useragent,L0,takeover,20,1.0,0.0,1.0,1.0,0.5452225400218447,0.07004879582633314,0.5153020992205446,0.5745218995415187,0.7031561599473871,0.05886316191675378,0.6776383930620908,0.7275848111365434,0.20355839946336612,0.036952045528536856,0.1878175869175533,0.21999214638611955
W1_web,pin_ip_or_useragent,L1,concurrent,20,1.0,0.0,1.0,1.0,0.47297021753931523,0.07879590500431354,0.4388974876753205,0.5065956634264193,0.638475904612698,0.07346849721394004,0.6061106640560425,0.6691448442620188,0.20254597872719488,0.03648775275847807,0.18702492500241347,0.21837070455171018
W1_web,pin_ip_or_useragent,L1,takeover,20,1.0,0.0,1.0,1.0,0.5452225400218447,0.07004879582633314,0.5153020992205446,0.5745218995415187,0.7031561599473871,0.05886316191675378,0.6776383930620908,0.7275848111365434,0.20355839946336612,0.036952045528536856,0.1878175869175533,0.21999214638611955
W1_web,pin_ip_or_useragent,L2,concurrent,20,1.0,0.0,1.0,1.0,0.4706449404788223,0.06935479174995623,0.4413707709950516,0.500176988915278,0.6372024355030769,0.06369101467977982,0.6101119349604601,0.6639921596970303,0.19921016817131068,0.03749638072073421,0.1829571799483491,0.21574016029658175
W1_web,pin_ip_or_useragent,L2,takeover,20,1.0,0.0,1.0,1.0,0.5452225400218447,0.07004879582633314,0.5153020992205446,0.5745218995415187,0.7031561599473871,0.05886316191675378,0.6776383930620908,0.7275848111365434,0.20355839946336612,0.036952045528536856,0.1878175869175533,0.21999214638611955
W1_web,pin_ip_or_useragent,L3,concurrent,20,1.0,0.0,1.0,1.0,0.4694652208584308,0.08480736712864012,0.43319590945258785,0.5051262879647619,0.6346251276695132,0.07920146210990726,0.6004060238265924,0.6674765333480108,0.20302390528593245,0.0388407028297991,0.18651281450184795,0.2200113435607835
W1_web,pin_ip_or_useragent,L3,takeover,20,1.0,0.0,1.0,1.0,0.5452225400218447,0.07004879582633314,0.5153020992205446,0.5745218995415187,0.7031561599473871,0.05886316191675378,0.6776383930620908,0.7275848111365434,0.20355839946336612,0.036952045528536856,0.1878175869175533,0.21999214638611955
W1_web,pin_ip_or_useragent,L4,concurrent,20,0.19310934142770528,0.08480589460545793,0.15673013829864516,0.22895269448880007,0.15135828129102458,0.08172048909786156,0.11782544676160708,0.18757095190353526,0.1670206654172895,0.07966223493690697,0.13364267327510665,0.2017438755296918,0.20254597872719488,0.03648775275847807,0.18702492500241347,0.21837070455171018
W1_web,pin_ip_or_useragent,L4,takeover,20,0.09957662839284817,0.04707677729022681,0.07978371530384172,0.12033562773339164,0.11023929005320429,0.0618384033725697,0.08488811865706047,0.13783233341496084,0.10320598966628651,0.05162478600483572,0.08160060805437443,0.12577698055508305,0.20355839946336612,0.036952045528536856,0.1878175869175533,0.21999214638611955
W1_web,pin_prefix24,L0,concurrent,20,1.0,0.0,1.0,1.0,0.7147829416766007,0.07952526646082102,0.6802431183399086,0.7493456639240089,0.8312655751044812,0.054709104170333374,0.8072185129506398,0.8546660964492252,0.07313539754296125,0.026150671973331062,0.06243254152740548,0.08509985509968149
W1_web,pin_prefix24,L0,takeover,20,1.0,0.0,1.0,1.0,0.7671084237972849,0.0625258406863417,0.7400795472223128,0.7933196157469332,0.866850364392629,0.040404585842237946,0.8492410806308985,0.8837049381623815,0.07517129793197523,0.025744755560738877,0.06450545300168033,0.0866685965878335
W1_web,pin_prefix24,L1,concurrent,20,1.0,0.0,1.0,1.0,0.7147829416766007,0.07952526646082102,0.6802431183399086,0.7493456639240089,0.8312655751044812,0.054709104170333374,0.8072185129506398,0.8546660964492252,0.07313539754296125,0.026150671973331062,0.06243254152740548,0.08509985509968149
W1_web,pin_prefix24,L1,takeover,20,1.0,0.0,1.0,1.0,0.7671084237972849,0.0625258406863417,0.7400795472223128,0.7933196157469332,0.866850364392629,0.040404585842237946,0.8492410806308985,0.8837049381623815,0.07517129793197523,0.025744755560738877,0.06450545300168033,0.0866685965878335
W1_web,pin_prefix24,L2,concurrent,20,1.0,0.0,1.0,1.0,0.7095688257766298,0.07209606834239027,0.6785484002587451,0.7407531877722666,0.828137231035253,0.04940422530001109,0.8067641324210794,0.8493297473291802,0.07344604694388258,0.025587484719714212,0.06310854927054112,0.08499332011753528
W1_web,pin_prefix24,L2,takeover,20,1.0,0.0,1.0,1.0,0.7671084237972849,0.0625258406863417,0.7400795472223128,0.7933196157469332,0.866850364392629,0.040404585842237946,0.8492410806308985,0.8837049381623815,0.07517129793197523,0.025744755560738877,0.06450545300168033,0.0866685965878335
W1_web,pin_prefix24,L3,concurrent,20,0.04859389275865248,0.045355844632897824,0.029458247066942722,0.06823057364704961,0.11362012987012986,0.1148176639537124,0.06623241341991341,0.1644701479076479,0.06708474055753195,0.06318555336933085,0.040843479437229435,0.09458559453068154,0.07525584030185631,0.02644770330456354,0.06454659768778366,0.0873007750256476
W1_web,pin_prefix24,L3,takeover,20,0.019121443598477256,0.025257291371006536,0.008605072463768116,0.03048935083149669,0.060319264069264064,0.08872912041775015,0.025376984126984126,0.10222407106782107,0.028543170418170415,0.03833054974267507,0.012696766774891776,0.045954541001416,0.07517129793197523,0.025744755560738877,0.06450545300168033,0.0866685965878335
W1_web,pin_prefix24,L4,concurrent,20,0.05900381632732891,0.043647573135248884,0.040142083810068646,0.07738522358886345,0.1409018759018759,0.11316380869102075,0.09362261002886003,0.19163483044733046,0.08147882841275897,0.06088328547661745,0.05517066390190342,0.10759066554030415,0.07313539754296125,0.026150671973331062,0.06243254152740548,0.08509985509968149
W1_web,pin_prefix24,L4,takeover,20,0.019121443598477256,0.025257291371006536,0.008605072463768116,0.03048935083149669,0.060319264069264064,0.08872912041775015,0.025376984126984126,0.10222407106782107,0.028543170418170415,0.03833054974267507,0.012696766774891776,0.045954541001416,0.07517129793197523,0.025744755560738877,0.06450545300168033,0.0866685965878335
W1_web,pin_scope16,L0,concurrent,20,1.0,0.0,1.0,1.0,0.854534802948755,0.061986618381572496,0.8278098560520758,0.8799846768111701,0.9203918207850809,0.03690821793294754,0.9043969511752726,0.9354323417786214,0.030680041152094967,0.013318042011333091,0.025302842489389715,0.036435680582291
W1_web,pin_scope16,L0,takeover,20,1.0,0.0,1.0,1.0,0.8831758972566772,0.04895927382548119,0.8617531351598978,0.9032579556264998,0.937271879929877,0.028050081688735216,0.9249310802188883,0.9487153042420768,0.03236053009047044,0.014160416981431558,0.02666091616734697,0.03849667278640736
W1_web,pin_scope16,L1,concurrent,20,1.0,0.0,1.0,1.0,0.854534802948755,0.061986618381572496,0.8278098560520758,0.8799846768111701,0.9203918207850809,0.03690821793294754,0.9043969511752726,0.9354323417786214,0.030680041152094967,0.013318042011333091,0.025302842489389715,0.036435680582291
W1_web,pin_scope16,L1,takeover,20,1.0,0.0,1.0,1.0,0.8831758972566772,0.04895927382548119,0.8617531351598978,0.9032579556264998,0.937271879929877,0.028050081688735216,0.9249310802188883,0.9487153042420768,0.03236053009047044,0.014160416981431558,0.02666091616734697,0.03849667278640736
W1_web,pin_scope16,L2,concurrent,20,0.02320778113616988,0.030709112235343897,0.010512816786793769,0.037501628739440435,0.13833333333333334,0.18701252420767525,0.06166666666666667,0.2225,0.03915733778891674,0.05141291545535028,0.01798941798941799,0.06299480646059595,0.031034463842579064,0.013037018175897612,0.025762246126557555,0.03667829151328508
W1_web,pin_scope16,L2,takeover,20,0.007903079710144928,0.0164809813682806,0.0015625,0.015582945134575569,0.06666666666666667,0.1445905693623827,0.0125,0.13333333333333333,0.013982142857142856,0.02907481252589055,0.002857142857142857,0.027625,0.03236053009047044,0.014160416981431558,0.02666091616734697,0.03849667278640736
W1_web,pin_scope16,L3,concurrent,20,0.020556130664826318,0.030353490052833536,0.0082010582010582,0.03453907867494822,0.12166666666666667,0.18354055274768022,0.0475,0.205,0.034857701666525194,0.051385376841633426,0.014072222222222226,0.058504174978072025,0.03173775553809989,0.013119494711265067,0.026428510346920432,0.03741480046537658
W1_web,pin_scope16,L3,takeover,20,0.007903079710144928,0.0164809813682806,0.0015625,0.015582945134575569,0.06666666666666667,0.1445905693623827,0.0125,0.13333333333333333,0.013982142857142856,0.02907481252589055,0.002857142857142857,0.027625,0.03236053009047044,0.014160416981431558,0.02666091616734697,0.03849667278640736
W1_web,pin_scope16,L4,concurrent,20,0.025596258972403134,0.031024612036579552,0.012590002126972952,0.039555081509515144,0.155,0.18887942872767066,0.07583333333333334,0.24,0.043135289040461454,0.051451185341267414,0.021408045977011497,0.06615079365079364,0.030680041152094967,0.013318042011333091,0.025302842489389715,0.036435680582291
W1_web,pin_scope16,L4,takeover,20,0.007903079710144928,0.0164809813682806,0.0015625,0.015582945134575569,0.06666666666666667,0.1445905693623827,0.0125,0.13333333333333333,0.013982142857142856,0.02907481252589055,0.002857142857142857,0.027625,0.03236053009047044,0.014160416981431558,0.02666091616734697,0.03849667278640736
W1_web,pin_useragent,L0,concurrent,20,0.9746958655697213,0.035507025903401664,0.9585704325351421,0.9889445080091532,0.6362198044504636,0.08013782441197143,0.60023666909871,0.6685624342545058,0.7671355981686417,0.06521167410730262,0.7378470720951821,0.7935645878162564,0.10037280451908623,0.022325755315563734,0.09098584815360256,0.110293644018197
W1_web,pin_useragent,L0,takeover,20,0.9876930178268252,0.023684318734691744,0.9768673599320883,0.9968245967741935,0.7049491867762419,0.0643939545167418,0.6774153405050637,0.731391820954058,0.8210710242223687,0.04657444767829964,0.8008972865856305,0.840067747476717,0.09979865004686611,0.02029189212182696,0.09119457931607983,0.10868315353958595
W1_web,pin_useragent,L1,concurrent,20,0.10194581946784462,0.06309498175390989,0.07520159659181398,0.12937279054136178,0.15117840492840492,0.09009812972475027,0.11372272519147521,0.19119255744255745,0.1192311368762478,0.07065356602851555,0.08940173363449935,0.14978223433214433,0.10037280451908623,0.022325755315563734,0.09098584815360256,0.110293644018197
W1_web,pin_useragent,L1,takeover,20,0.06160033095263469,0.04061155656924494,0.04416128813818637,0.07932918933575743,0.1264047064047064,0.07672970763383527,0.09289480311355312,0.15918076714951712,0.08147350559615225,0.05152836024041096,0.058832590331222755,0.10398086332733729,0.09979865004686611,0.02029189212182696,0.09119457931607983,0.10868315353958595
W1_web,pin_useragent,L2,concurrent,20,0.9618265639589169,0.056966306906678615,0.9350665266106443,0.9831407563025211,0.6327663671507676,0.06758084576557734,0.6026274502912059,0.6601169373850001,0.7612200079820437,0.05844381762089012,0.7350760466479284,0.7852899067926599,0.09832807731660445,0.02236873956794731,0.08897733750276561,0.10805527247318643
W1_web,pin_useragent,L2,takeover,20,0.9819535098522169,0.03176836782823229,0.9677278068555009,0.9944683908045977,0.7037369151546534,0.06426543162720395,0.6758981014329482,0.7299930663302326,0.8181496585554611,0.04676957555492663,0.7978282138995361,0.8370910644065668,0.09979865004686611,0.02029189212182696,0.09119457931607983,0.10868315353958595
W1_web,pin_useragent,L3,concurrent,20,0.10693724085499559,0.06631180064552027,0.07876051283722235,0.13541240905357038,0.1580440392940393,0.08857312048407633,0.11999927156177156,0.19567814477189474,0.12464203193364203,0.07269346594888182,0.09358232957507394,0.15498451001195082,0.09985373988018996,0.024251358850280957,0.0899290058925469,0.11077701850388809
W1_web,pin_useragent,L3,takeover,20,0.058943516502716786,0.04109328722870271,0.04153866565821756,0.07692365512105359,0.12333652458652455,0.08299424123563474,0.08772316225441225,0.15891056512931517,0.07859004521269186,0.053536865172797696,0.05578800821347342,0.10194572575104119,0.09979865004686611,0.02029189212182696,0.09119457931607983,0.10868315353958595
W1_web,pin_useragent,L4,concurrent,20,0.10194581946784462,0.06309498175390989,0.07520159659181398,0.12937279054136178,0.15117840492840492,0.09009812972475027,0.11372272519147521,0.19119255744255745,0.1192311368762478,0.07065356602851555,0.08940173363449935,0.14978223433214433,0.10037280451908623,0.022325755315563734,0.09098584815360256,0.110293644018197
W1_web,pin_useragent,L4,takeover,20,0.06160033095263469,0.04061155656924494,0.04416128813818637,0.07932918933575743,0.1264047064047064,0.07672970763383527,0.09289480311355312,0.15918076714951712,0.08147350559615225,0.05152836024041096,0.058832590331222755,0.10398086332733729,0.09979865004686611,0.02029189212182696,0.09119457931607983,0.10868315353958595
W1_web,pin_useragent_core,L0,concurrent,20,0.9053321717057417,0.057447069348830225,0.8808457924703061,0.9299672514619882,1.0,0.0,1.0,1.0,0.9494039369614221,0.03179988957758823,0.9357195334544106,0.9628688988291839,0.0,0.0,0.0,0.0
W1_web,pin_useragent_core,L0,takeover,20,0.8848464742635624,0.08927579305932733,0.8446257585008777,0.9203623664472709,1.0,0.0,1.0,1.0,0.9365106623071581,0.05332424512701218,0.9121551951718806,0.9573795203572333,0.0,0.0,0.0,0.0
W1_web,pin_useragent_core,L1,concurrent,20,0.003125,0.013975424859373684,0.0,0.009375,0.05,0.22360679774997894,0.0,0.15,0.0058823529411764705,0.026306682088232815,0.0,0.01764705882352941,0.0,0.0,0.0,0.0
W1_web,pin_useragent_core,L1,takeover,20,0.0,0.0,0.0,0.0,0.0,0.0,0.0,0.0,0.0,0.0,0.0,0.0,0.0,0.0,0.0,0.0
W1_web,pin_useragent_core,L2,concurrent,20,0.8854489127666877,0.07723772430075432,0.8510410884627239,0.9176270462895304,1.0,0.0,1.0,1.0,0.9375212181021801,0.044339455235270074,0.9175956162206739,0.9558159360938759,0.0,0.0,0.0,0.0
W1_web,pin_useragent_core,L2,takeover,20,0.8968780278833158,0.06178334578007186,0.870229735334581,0.9234778154964369,1.0,0.0,1.0,1.0,0.9445698341518008,0.034473552372391164,0.9295909484448481,0.9593594718018637,0.0,0.0,0.0,0.0
W1_web,pin_useragent_core,L3,concurrent,20,0.0,0.0,0.0,0.0,0.0,0.0,0.0,0.0,0.0,0.0,0.0,0.0,0.0004424778761061947,0.0019788212190263626,0.0,0.001327433628318584
W1_web,pin_useragent_core,L3,takeover,20,0.0,0.0,0.0,0.0,0.0,0.0,0.0,0.0,0.0,0.0,0.0,0.0,0.0,0.0,0.0,0.0
W1_web,pin_useragent_core,L4,concurrent,20,0.003125,0.013975424859373684,0.0,0.009375,0.05,0.22360679774997894,0.0,0.15,0.0058823529411764705,0.026306682088232815,0.0,0.01764705882352941,0.0,0.0,0.0,0.0
W1_web,pin_useragent_core,L4,takeover,20,0.0,0.0,0.0,0.0,0.0,0.0,0.0,0.0,0.0,0.0,0.0,0.0,0.0,0.0,0.0,0.0
W1_web,score_burstiness,L0,concurrent,20,0.004714912280701753,0.014620796755073058,0.0,0.01206140350877193,0.05,0.15389675281277312,0.0,0.125,0.008608058608058609,0.02666111014380178,0.0,0.021978021978021976,0.008368535473658236,0.0028780673869773423,0.006948835764039482,0.009355041085949464
W1_web,score_burstiness,L0,takeover,20,0.0,0.0,0.0,0.0,0.0,0.0,0.0,0.0,0.0,0.0,0.0,0.0,0.0073946487225737476,0.004389576280810239,0.0054175119229175495,0.009021017427447512
W1_web,score_burstiness,L1,concurrent,20,0.004714912280701753,0.014620796755073058,0.0,0.01206140350877193,0.05,0.15389675281277312,0.0,0.125,0.008608058608058609,0.02666111014380178,0.0,0.021978021978021976,0.008368535473658236,0.0028780673869773423,0.006948835764039482,0.009355041085949464
W1_web,score_burstiness,L1,takeover,20,0.0,0.0,0.0,0.0,0.0,0.0,0.0,0.0,0.0,0.0,0.0,0.0,0.0073946487225737476,0.004389576280810239,0.0054175119229175495,0.009021017427447512
W1_web,score_burstiness,L2,concurrent,20,0.004772727272727273,0.014708639047713716,0.0,0.012045454545454545,0.05,0.15389675281277312,0.0,0.125,0.008712121212121213,0.02684348998220293,0.0,0.02196969696969697,0.007871315217003329,0.0034000750189871606,0.006412670086371777,0.009238759106469749
W1_web,score_burstiness,L2,takeover,20,0.006035980148883375,0.015028414385670028,0.0,0.012959057071960298,0.1,0.2615741818902985,0.0,0.225,0.011241883116883117,0.027857867551640977,0.0,0.023904220779220782,0.0073946487225737476,0.004389576280810239,0.0054175119229175495,0.009021017427447512
W1_web,score_burstiness,L3,concurrent,20,0.007644110275689222,0.018692936272114467,0.0,0.015789473684210527,0.075,0.18317377426626164,0.0,0.15,0.013871635610766046,0.03391442850203358,0.0,0.028571428571428574,0.007877633879454008,0.003411817409364209,0.006365009571526755,0.009236270603316301
W1_web,score_burstiness,L3,takeover,20,0.005271291208791209,0.012928207480976676,0.0,0.011040521978021977,0.075,0.18317377426626164,0.0,0.15,0.009845938375350142,0.02413541056905902,0.0,0.020560224089635853,0.0073946487225737476,0.004389576280810239,0.0054175119229175495,0.009021017427447512
W1_web,score_burstiness,L4,concurrent,20,0.004714912280701753,0.014620796755073058,0.0,0.01206140350877193,0.05,0.15389675281277312,0.0,0.125,0.008608058608058609,0.02666111014380178,0.0,0.021978021978021976,0.008368535473658236,0.0028780673869773423,0.006948835764039482,0.009355041085949464
W1_web,score_burstiness,L4,takeover,20,0.0,0.0,0.0,0.0,0.0,0.0,0.0,0.0,0.0,0.0,0.0,0.0,0.0073946487225737476,0.004389576280810239,0.0054175119229175495,0.009021017427447512
W1_web,score_distinct_bindings,L0,concurrent,20,1.0,0.0,1.0,1.0,0.7147829416766007,0.07952526646082102,0.6802431183399086,0.7493456639240089,0.8312655751044812,0.054709104170333374,0.8072185129506398,0.8546660964492252,0.07313539754296125,0.026150671973331062,0.06243254152740548,0.08509985509968149
W1_web,score_distinct_bindings,L0,takeover,20,1.0,0.0,1.0,1.0,0.7671084237972849,0.0625258406863417,0.7400795472223128,0.7933196157469332,0.866850364392629,0.040404585842237946,0.8492410806308985,0.8837049381623815,0.07517129793197523,0.025744755560738877,0.06450545300168033,0.0866685965878335
W1_web,score_distinct_bindings,L1,concurrent,20,1.0,0.0,1.0,1.0,0.7147829416766007,0.07952526646082102,0.6802431183399086,0.7493456639240089,0.8312655751044812,0.054709104170333374,0.8072185129506398,0.8546660964492252,0.07313539754296125,0.026150671973331062,0.06243254152740548,0.08509985509968149
W1_web,score_distinct_bindings,L1,takeover,20,1.0,0.0,1.0,1.0,0.7671084237972849,0.0625258406863417,0.7400795472223128,0.7933196157469332,0.866850364392629,0.040404585842237946,0.8492410806308985,0.8837049381623815,0.07517129793197523,0.025744755560738877,0.06450545300168033,0.0866685965878335
W1_web,score_distinct_bindings,L2,concurrent,20,1.0,0.0,1.0,1.0,0.7095688257766298,0.07209606834239027,0.6785484002587451,0.7407531877722666,0.828137231035253,0.04940422530001109,0.8067641324210794,0.8493297473291802,0.07344604694388258,0.025587484719714212,0.06310854927054112,0.08499332011753528
W1_web,score_distinct_bindings,L2,takeover,20,1.0,0.0,1.0,1.0,0.7671084237972849,0.0625258406863417,0.7400795472223128,0.7933196157469332,0.866850364392629,0.040404585842237946,0.8492410806308985,0.8837049381623815,0.07517129793197523,0.025744755560738877,0.06450545300168033,0.0866685965878335
W1_web,score_distinct_bindings,L3,concurrent,20,0.04859389275865248,0.045355844632897824,0.029458247066942722,0.06823057364704961,0.11242965367965367,0.11436123431134197,0.0654396645021645,0.16321789321789318,0.06684664531943671,0.06306384910963739,0.040617471699016985,0.09434783742080959,0.0756983181779625,0.025971363819932237,0.0652456778393666,0.08757139306820035
W1_web,score_distinct_bindings,L3,takeover,20,0.019121443598477256,0.025257291371006536,0.008605072463768116,0.03048935083149669,0.060319264069264064,0.08872912041775015,0.025376984126984126,0.10222407106782107,0.028543170418170415,0.03833054974267507,0.012696766774891776,0.045954541001416,0.07517129793197523,0.025744755560738877,0.06450545300168033,0.0866685965878335
W1_web,score_distinct_bindings,L4,concurrent,20,0.0621288163273289,0.05034489606202452,0.041200671402237474,0.08448962550607285,0.14566378066378066,0.12324244299163413,0.09432900432900435,0.20163419913419914,0.08543139758271945,0.06967190368802029,0.05638180088542269,0.11660387555544902,0.07313539754296125,0.026150671973331062,0.06243254152740548,0.08509985509968149
W1_web,score_distinct_bindings,L4,takeover,20,0.019121443598477256,0.025257291371006536,0.008605072463768116,0.03048935083149669,0.060319264069264064,0.08872912041775015,0.025376984126984126,0.10222407106782107,0.028543170418170415,0.03833054974267507,0.012696766774891776,0.045954541001416,0.07517129793197523,0.025744755560738877,0.06450545300168033,0.0866685965878335
W1_web,score_max_request_rate,L0,concurrent,20,0.5605381933093604,0.12493766831969862,0.5047439556772365,0.6127762783316988,0.1614099326114845,0.04656991712190821,0.14125756561996242,0.18096877230603603,0.2492830018156927,0.06634786007209888,0.22053516570681017,0.2766471297059444,0.5288184084761569,0.01873217166282156,0.5207510291439769,0.5365741137069728
W1_web,score_max_request_rate,L0,takeover,20,0.48799886504671,0.09863172298451121,0.44396986036101393,0.5305423226108388,0.17840689814142982,0.04171165354369214,0.16035791979045605,0.19610188777261933,0.26005909159330576,0.056123973758376515,0.2352638093065849,0.2838597108187466,0.5452055633290152,0.019894073911247465,0.5366260201994935,0.5535380715709841
W1_web,score_max_request_rate,L1,concurrent,20,0.5605381933093604,0.12493766831969862,0.5047439556772365,0.6127762783316988,0.1614099326114845,0.04656991712190821,0.14125756561996242,0.18096877230603603,0.2492830018156927,0.06634786007209888,0.22053516570681017,0.2766471297059444,0.5288184084761569,0.01873217166282156,0.5207510291439769,0.5365741137069728
W1_web,score_max_request_rate,L1,takeover,20,0.48799886504671,0.09863172298451121,0.44396986036101393,0.5305423226108388,0.17840689814142982,0.04171165354369214,0.16035791979045605,0.19610188777261933,0.26005909159330576,0.056123973758376515,0.2352638093065849,0.2838597108187466,0.5452055633290152,0.019894073911247465,0.5366260201994935,0.5535380715709841
W1_web,score_max_request_rate,L2,concurrent,20,0.5533677453194716,0.1244254479452863,0.501876253342246,0.6085172280786492,0.15645488824367965,0.04406930159522103,0.13766805896200754,0.17535023168179392,0.24270955727238336,0.06291801704417459,0.21568195981704352,0.2694604331385506,0.5267135623160006,0.01766452816184542,0.5193503746194492,0.5344114227995814
W1_web,score_max_request_rate,L2,takeover,20,0.5442661520271845,0.08759714488278435,0.5074255139671521,0.5819278152675326,0.1944945215042197,0.03573994058369347,0.17939178051709545,0.20996167731849538,0.2851591342744084,0.0468299068723543,0.26528101521950126,0.3054979026181439,0.5452055633290152,0.019894073911247465,0.5366260201994935,0.5535380715709841
W1_web,score_max_request_rate,L3,concurrent,20,0.5419362055487376,0.11136368884656465,0.49562524948566145,0.5905881925204514,0.15369774268545813,0.03779220431259327,0.13690107782585384,0.1693321068082183,0.23719538439423507,0.050489746471880405,0.2144739454678074,0.258105092599263,0.5311701693414914,0.015174132511397459,0.5248469409676078,0.537598611297751
W1_web,score_max_request_rate,L3,takeover,20,0.5508402818505379,0.1046040334724143,0.5066024428332321,0.5965427323836998,0.19723622324194623,0.046427476808914424,0.17726725626499146,0.21719156881813614,0.2892468575075429,0.06238193701711368,0.26243880094408006,0.31584448731598275,0.5452055633290152,0.019894073911247465,0.5366260201994935,0.5535380715709841
W1_web,score_max_request_rate,L4,concurrent,20,0.5595871063528386,0.12282703152618894,0.5042950027923069,0.6108857374414296,0.16136283845232666,0.047241084781425205,0.14085778820305878,0.1813011293987783,0.2491629342518681,0.06719047175385269,0.22003885535978374,0.2771620232529773,0.5288184084761569,0.01873217166282156,0.5207510291439769,0.5365741137069728
W1_web,score_max_request_rate,L4,takeover,20,0.48799886504671,0.09863172298451121,0.44396986036101393,0.5305423226108388,0.17840689814142982,0.04171165354369214,0.16035791979045605,0.19610188777261933,0.26005909159330576,0.056123973758376515,0.2352638093065849,0.2838597108187466,0.5452055633290152,0.019894073911247465,0.5366260201994935,0.5535380715709841
W2_apt,SICA (proposed),L0,concurrent,20,0.9804172115468663,0.008327613372295862,0.9768634142671091,0.9839286729082809,0.9247094658419316,0.026017022017217277,0.9138005023812577,0.9360109320576395,0.9515625908485257,0.014511230476972429,0.9454642994450156,0.9577188911698332,0.018540285065263454,0.006592108592122859,0.015673262167839788,0.021306644193498942
W2_apt,SICA (proposed),L0,takeover,20,0.41933569996211173,0.01657275925706585,0.4122545526394766,0.42675222818625236,0.8490246955514348,0.04925186000575759,0.8284907894411354,0.8708014123715773,0.5609312320741378,0.01997279255510359,0.5527638251543817,0.569994364246699,0.018709792962543877,0.006556908598631137,0.015854758006279075,0.021448525652326432
W2_apt,SICA (proposed),L1,concurrent,20,0.9644518254467517,0.008504112558424952,0.9607893665229348,0.9680486826911272,0.9236016147410337,0.026300114861370807,0.9125775758502146,0.935076025785674,0.9433753296010693,0.013826330598860374,0.9375608994899602,0.9493872366981109,0.018540285065263454,0.006592108592122859,0.015673262167839788,0.021306644193498942
W2_apt,SICA (proposed),L1,takeover,20,0.0035616444172961942,0.003314748205231531,0.00222705356196563,0.005022328464496549,0.04152165636036604,0.04073904975359291,0.024802791070936234,0.05979798584032453,0.006525235334709301,0.006085894095024568,0.004071174040829645,0.009218300291501351,0.018709792962543877,0.006556908598631137,0.015854758006279075,0.021448525652326432
W2_apt,SICA (proposed),L2,concurrent,20,0.8414000845636075,0.25039839260526253,0.7272663737207183,0.9497055611380988,0.911442986012578,0.02160994557533979,0.9024378069038432,0.9211790420027837,0.852765433501863,0.16629906795922442,0.776639030031046,0.922940630674788,0.01873083452104274,0.006573778954356889,0.015874311422887293,0.021500163474832683
W2_apt,SICA (proposed),L2,takeover,20,0.31618635449632815,0.18435461662892882,0.23300597878950247,0.3903844805600059,0.6575712340710325,0.31014977031289753,0.5162332082292865,0.7834906215661063,0.42034136306571385,0.24222355771977,0.3106291487754266,0.5197461942592027,0.018709792962543877,0.006556908598631137,0.015854758006279075,0.021448525652326432
W2_apt,SICA (proposed),L3,concurrent,20,0.03613430982450444,0.0152888642336298,0.029528446692215195,0.04249444707322512,0.3089983534611984,0.09964853927922156,0.2665337601551839,0.3523822836135685,0.0639871688909717,0.025964694727827316,0.052706941560630376,0.07475617179955735,0.018716053365527632,0.006448505293935472,0.015897868169971067,0.02138585325157038
W2_apt,SICA (proposed),L3,takeover,20,0.0043745610237617034,0.004605016252278174,0.0025469142525696635,0.00645282376490102,0.052459541601643934,0.05490774607509097,0.0300859131907519,0.076931174544773,0.007986044103484276,0.008370959004474274,0.004661563714477395,0.011746638388510228,0.018709792962543877,0.006556908598631137,0.015854758006279075,0.021448525652326432
W2_apt,SICA (proposed),L4,concurrent,20,0.03868987290033987,0.015713753208718935,0.03184358198747301,0.04528734230825948,0.32904698939672705,0.09866271867397997,0.2872668908033559,0.37254169236353235,0.06845879041821099,0.026570038741076184,0.05683318766658194,0.07955781404117727,0.018540285065263454,0.006592108592122859,0.015673262167839788,0.021306644193498942
W2_apt,SICA (proposed),L4,takeover,20,0.027208405242739576,0.014105341238262237,0.021017698370495625,0.03333405611467508,0.2619014243676424,0.11314370232474201,0.21239792399231655,0.3117655541238233,0.048811499969747624,0.024814740060479408,0.03794418927009294,0.05957394294225543,0.018709792962543877,0.006556908598631137,0.015854758006279075,0.021448525652326432
W2_apt,pin_ip,L0,concurrent,20,1.0,0.0,1.0,1.0,0.6098103865273228,0.025483259842720277,0.5985016235582721,0.6202164825651152,0.7573190895891595,0.01985552017298562,0.7485231317842534,0.7654023087395972,0.14839778700613396,0.012433493397035133,0.14317593185669963,0.15389240836347481
W2_apt,pin_ip,L0,takeover,20,1.0,0.0,1.0,1.0,0.6262398880932479,0.025041641902782387,0.6153046322133603,0.6365615626630102,0.7698897972273864,0.019097770191364428,0.7615131161684999,0.7777535363118947,0.14847682718976601,0.012092234822541206,0.14336976645557178,0.1538184794268746
W2_apt,pin_ip,L1,concurrent,20,1.0,0.0,1.0,1.0,0.6098103865273228,0.025483259842720277,0.5985016235582721,0.6202164825651152,0.7573190895891595,0.01985552017298562,0.7485231317842534,0.7654023087395972,0.14839778700613396,0.012433493397035133,0.14317593185669963,0.15389240836347481
W2_apt,pin_ip,L1,takeover,20,1.0,0.0,1.0,1.0,0.6262398880932479,0.025041641902782387,0.6153046322133603,0.6365615626630102,0.7698897972273864,0.019097770191364428,0.7615131161684999,0.7777535363118947,0.14847682718976601,0.012092234822541206,0.14336976645557178,0.1538184794268746
W2_apt,pin_ip,L2,concurrent,20,1.0,0.0,1.0,1.0,0.6092407190720281,0.024675303753521,0.5983028863007749,0.6193105378612461,0.756897623840806,0.019239445704443664,0.7483334982406465,0.764758215010556,0.14856097442127655,0.01207993438701213,0.14348580095340818,0.15388484289711235
W2_apt,pin_ip,L2,takeover,20,1.0,0.0,1.0,1.0,0.6262398880932479,0.025041641902782387,0.6153046322133603,0.6365615626630102,0.7698897972273864,0.019097770191364428,0.7615131161684999,0.7777535363118947,0.14847682718976601,0.012092234822541206,0.14336976645557178,0.1538184794268746
W2_apt,pin_ip,L3,concurrent,20,1.0,0.0,1.0,1.0,0.6087859327246326,0.02540724399817031,0.5976703698708,0.619186631710038,0.7565296194084307,0.019791508592011262,0.7478458293598317,0.7645859560772148,0.14834895614599555,0.011991986568940623,0.14330658917024588,0.1536541769966802
W2_apt,pin_ip,L3,takeover,20,1.0,0.0,1.0,1.0,0.6262398880932479,0.025041641902782387,0.6153046322133603,0.6365615626630102,0.7698897972273864,0.019097770191364428,0.7615131161684999,0.7777535363118947,0.14847682718976601,0.012092234822541206,0.14336976645557178,0.1538184794268746
W2_apt,pin_ip,L4,concurrent,20,0.13602396626697932,0.02041841545622023,0.12771733561601165,0.14501455079548276,0.17550024459791796,0.02720336793938171,0.16448888899910483,0.1874676059824142,0.15297717980416237,0.02243758084526771,0.14385516233599568,0.16302405926329364,0.14839778700613396,0.012433493397035133,0.14317593185669963,0.15389240836347481
W2_apt,pin_ip,L4,takeover,20,0.06138913896677846,0.01329669365742755,0.055697028593889766,0.06718653066186511,0.09345823695673075,0.02138026015311156,0.0846132743134557,0.10276625799335992,0.07394408963680792,0.016016812531736212,0.06717472071520095,0.08091974463404852,0.14847682718976601,0.012092234822541206,0.14336976645557178,0.1538184794268746
W2_apt,pin_ip_and_useragent,L0,concurrent,20,0.8625053946939116,0.020140522853821455,0.8538966526110747,0.8711749012709016,0.8085587485590192,0.027014343830528996,0.796813956913161,0.8196569105699374,0.8343710302793335,0.018338433434680505,0.8265355778165177,0.8421873836451903,0.047390031780462485,0.00754432262665493,0.044288228015838364,0.050647016460681295
W2_apt,pin_ip_and_useragent,L0,takeover,20,0.8526050231586149,0.016930174244211917,0.8456224074307287,0.8601470862791821,0.8171285580028916,0.02702674236215911,0.8054469492807287,0.8282304388350752,0.8342775189661529,0.01848194876298304,0.8264759930385378,0.8418960858158531,0.04748040404810398,0.007581946975279033,0.044370754491180664,0.05078747972258437
W2_apt,pin_ip_and_useragent,L1,concurrent,20,0.08998029191773209,0.01875744972141578,0.08203132389142931,0.09805807117843157,0.3051556133720076,0.04675981268885932,0.2855811295659337,0.3254727940246538,0.1384098854699313,0.025460827706820698,0.12752011212531755,0.14923976502640574,0.047390031780462485,0.00754432262665493,0.044288228015838364,0.050647016460681295
W2_apt,pin_ip_and_useragent,L1,takeover,20,0.0417561239711156,0.011783814028580388,0.03642834421293854,0.04655116127826522,0.1790527679446151,0.047583190167677446,0.15822960220150417,0.19884148869735044,0.0674864958933238,0.018481219849418973,0.05922733678335765,0.07502444427976909,0.04748040404810398,0.007581946975279033,0.044370754491180664,0.05078747972258437
W2_apt,pin_ip_and_useragent,L2,concurrent,20,0.8645395834556856,0.021602634801974625,0.8552753580886427,0.8738753071974426,0.8089356671876968,0.025611329192254076,0.7978719920440127,0.8196004428642241,0.8354065367405441,0.014840268181513386,0.8291429930340897,0.8419016933449155,0.04737792099166481,0.0076131436869378896,0.04424441205334178,0.050670375623893545
W2_apt,pin_ip_and_useragent,L2,takeover,20,0.8522668131450691,0.02348229300582696,0.8421030010053814,0.8619492378205893,0.8171156553503925,0.026394833143449016,0.8056586307004607,0.8278406988710831,0.8340010837734226,0.018910216222933755,0.8259331572649566,0.8419438431130454,0.04748040404810398,0.007581946975279033,0.044370754491180664,0.05078747972258437
W2_apt,pin_ip_and_useragent,L3,concurrent,20,0.09026740497846131,0.019336181987345866,0.08218267565326169,0.09870528495592192,0.3046095537353425,0.0486808460437941,0.2842100375034115,0.3254659581508592,0.13867100207052324,0.02627519391012865,0.1275537799017724,0.14985113201415837,0.047462986344786524,0.007579208321694249,0.04433499108694017,0.05074653068443146
W2_apt,pin_ip_and_useragent,L3,takeover,20,0.04190654436708559,0.010211165727108574,0.03752352397088996,0.04628660735235705,0.18049171034747621,0.04109048201797308,0.16338913446920938,0.19841662425329493,0.06779161224097319,0.015907194719196518,0.06100123953449848,0.07463479447512454,0.04748040404810398,0.007581946975279033,0.044370754491180664,0.05078747972258437
W2_apt,pin_ip_and_useragent,L4,concurrent,20,0.04441498448989385,0.011596141349614064,0.03943371495434141,0.04921491110427818,0.17871554852583998,0.04306078304204895,0.1602604297895046,0.19653060749079326,0.07088118307969056,0.017661644643250218,0.06328441818780192,0.07812440486632997,0.047390031780462485,0.00754432262665493,0.044288228015838364,0.050647016460681295
W2_apt,pin_ip_and_useragent,L4,takeover,20,0.02123079099894928,0.007497193467870678,0.018070991754991585,0.02447200597420088,0.10082100874257705,0.03691229428666641,0.08547847987794659,0.11701033357343012,0.034960835337085355,0.012268133815189458,0.029813054822521133,0.04026821075111433,0.04748040404810398,0.007581946975279033,0.044370754491180664,0.05078747972258437
W2_apt,pin_ip_or_useragent,L0,concurrent,20,1.0,0.0,1.0,1.0,0.5368646442937208,0.01981563849855079,0.5280158809881688,0.5448931363449008,0.6984418518184731,0.01693162556573177,0.690865821195007,0.7053058529031221,0.1999591171154009,0.012325746101340193,0.1946999267169286,0.2053871712435933
W2_apt,pin_ip_or_useragent,L0,takeover,20,1.0,0.0,1.0,1.0,0.5540724525811048,0.02015249783621282,0.5451489434150406,0.5622896173545947,0.7128511241861609,0.016852976142803733,0.705366214021944,0.7197255577842776,0.20014765396884523,0.012270374515837956,0.19489660648378873,0.2055452408518482
W2_apt,pin_ip_or_useragent,L1,concurrent,20,1.0,0.0,1.0,1.0,0.5368646442937208,0.01981563849855079,0.5280158809881688,0.5448931363449008,0.6984418518184731,0.01693162556573177,0.690865821195007,0.7053058529031221,0.1999591171154009,0.012325746101340193,0.1946999267169286,0.2053871712435933
W2_apt,pin_ip_or_useragent,L1,takeover,20,1.0,0.0,1.0,1.0,0.5540724525811048,0.02015249783621282,0.5451489434150406,0.5622896173545947,0.7128511241861609,0.016852976142803733,0.705366214021944,0.7197255577842776,0.20014765396884523,0.012270374515837956,0.19489660648378873,0.2055452408518482
W2_apt,pin_ip_or_useragent,L2,concurrent,20,1.0,0.0,1.0,1.0,0.5363228307398384,0.019357677729559535,0.527683856714343,0.5443005792997914,0.6979921578604782,0.016552808476923087,0.6906089005659045,0.7047795504466499,0.20014698605758938,0.012117969797427661,0.1950192093519483,0.2054620418318978
W2_apt,pin_ip_or_useragent,L2,takeover,20,1.0,0.0,1.0,1.0,0.5540724525811048,0.02015249783621282,0.5451489434150406,0.5622896173545947,0.7128511241861609,0.016852976142803733,0.705366214021944,0.7197255577842776,0.20014765396884523,0.012270374515837956,0.19489660648378873,0.2055452408518482
W2_apt,pin_ip_or_useragent,L3,concurrent,20,1.0,0.0,1.0,1.0,0.5360023335215529,0.019850288336552793,0.5272183270737791,0.5440744785990552,0.6977101719553451,0.016982179088206865,0.6901658158404615,0.704584215755264,0.1997508222338184,0.011974040346844949,0.19470438172626026,0.20504857912086627
W2_apt,pin_ip_or_useragent,L3,takeover,20,1.0,0.0,1.0,1.0,0.5540724525811048,0.02015249783621282,0.5451489434150406,0.5622896173545947,0.7128511241861609,0.016852976142803733,0.705366214021944,0.7197255577842776,0.20014765396884523,0.012270374515837956,0.19489660648378873,0.2055452408518482
W2_apt,pin_ip_or_useragent,L4,concurrent,20,0.18158927369481753,0.023753262390662225,0.17179950317631973,0.19233322661111854,0.1737176890300921,0.020629857294541906,0.16507538708625236,0.18277859214580863,0.1773551973470266,0.0213044616994359,0.16862177766770078,0.1869114171134435,0.1999591171154009,0.012325746101340193,0.1946999267169286,0.2053871712435933
W2_apt,pin_ip_or_useragent,L4,takeover,20,0.08191447193894477,0.015567360927652249,0.07540887535592765,0.08882279275434705,0.09231891798795548,0.0173175991193065,0.08514381902311109,0.10022411727054278,0.08668745294138859,0.016059301914656106,0.07998880328002635,0.0939122603314716,0.20014765396884523,0.012270374515837956,0.19489660648378873,0.2055452408518482
W2_apt,pin_prefix24,L0,concurrent,20,1.0,0.0,1.0,1.0,0.7595505175228576,0.03143799985540753,0.746345619039607,0.7731522384609969,0.8630019273331049,0.020278549927553666,0.8544761899642314,0.8717609976214392,0.07343878307674379,0.010534726305095688,0.06890760933312319,0.07785922304378962
W2_apt,pin_prefix24,L0,takeover,20,1.0,0.0,1.0,1.0,0.7715817780585693,0.030376993682246178,0.7589117900018495,0.784772943074,0.8707505197166945,0.019331741151182427,0.8626612597648612,0.8791017038670473,0.07364315754039466,0.010390252989021857,0.06915483591099401,0.07802839577301675
W2_apt,pin_prefix24,L1,concurrent,20,1.0,0.0,1.0,1.0,0.7595505175228576,0.03143799985540753,0.746345619039607,0.7731522384609969,0.8630019273331049,0.020278549927553666,0.8544761899642314,0.8717609976214392,0.07343878307674379,0.010534726305095688,0.06890760933312319,0.07785922304378962
W2_apt,pin_prefix24,L1,takeover,20,1.0,0.0,1.0,1.0,0.7715817780585693,0.030376993682246178,0.7589117900018495,0.784772943074,0.8707505197166945,0.019331741151182427,0.8626612597648612,0.8791017038670473,0.07364315754039466,0.010390252989021857,0.06915483591099401,0.07802839577301675
W2_apt,pin_prefix24,L2,concurrent,20,1.0,0.0,1.0,1.0,0.7587696057106839,0.030175979636120114,0.7460551928136129,0.7718349380344736,0.8625238115419174,0.01948680986567067,0.8542924651368533,0.8709717579213574,0.07366350399790254,0.010178950924817578,0.06924429043292514,0.07794150841794041
W2_apt,pin_prefix24,L2,takeover,20,1.0,0.0,1.0,1.0,0.7715817780585693,0.030376993682246178,0.7589117900018495,0.784772943074,0.8707505197166945,0.019331741151182427,0.8626612597648612,0.8791017038670473,0.07364315754039466,0.010390252989021857,0.06915483591099401,0.07802839577301675
W2_apt,pin_prefix24,L3,concurrent,20,0.07084233575038201,0.015313063366873842,0.06422125350350906,0.07747791910626599,0.1829827054512219,0.04263264734233827,0.16522514766350388,0.20145519321714503,0.10172033483696681,0.02130650437205403,0.0926121221858525,0.11076743010339928,0.07369118834783876,0.010286313438207148,0.0692755669872738,0.07804476335110017
W2_apt,pin_prefix24,L3,takeover,20,0.032992527984162565,0.010290637767805208,0.028359006928200228,0.03726636414309373,0.10048293730123806,0.031221631327326825,0.08677146731565599,0.11366544247628063,0.04945834500692871,0.015079905651271517,0.04265210384976653,0.05575232988665487,0.07364315754039466,0.010390252989021857,0.06915483591099401,0.07802839577301675
W2_apt,pin_prefix24,L4,concurrent,20,0.07136139686512714,0.014089580248647668,0.06542507784464571,0.07737049394928162,0.18533475033927138,0.03971456312757404,0.16854515580986798,0.2024294477606892,0.1026157663921063,0.01952931923991123,0.09432441618690915,0.11087230877482156,0.07343878307674379,0.010534726305095688,0.06890760933312319,0.07785922304378962
W2_apt,pin_prefix24,L4,takeover,20,0.03180041418159905,0.011559428573929718,0.0266220180154863,0.03666538268082689,0.09703991192148845,0.036390233819591424,0.08116248464505696,0.11303957805257733,0.047696144946778034,0.017190935332773737,0.03998555544651539,0.05501750724371712,0.07364315754039466,0.010390252989021857,0.06915483591099401,0.07802839577301675
W2_apt,pin_scope16,L0,concurrent,20,1.0,0.0,1.0,1.0,0.8889980758452387,0.024566985663936166,0.878735985579155,0.8995790700640306,0.9410678488181217,0.013747086829881525,0.9353038895188828,0.9469845052084194,0.028937814618922177,0.00651522478280465,0.026105823636464475,0.03162704263526986
W2_apt,pin_scope16,L0,takeover,20,1.0,0.0,1.0,1.0,0.8954620794484954,0.02306473169216415,0.8859633670951672,0.9054650151942943,0.9447001357136815,0.012820051302329539,0.9393906943698082,0.9502290305841937,0.02901458114781391,0.006465180425770241,0.026198359763101402,0.03169486237179453
W2_apt,pin_scope16,L1,concurrent,20,1.0,0.0,1.0,1.0,0.8889980758452387,0.024566985663936166,0.878735985579155,0.8995790700640306,0.9410678488181217,0.013747086829881525,0.9353038895188828,0.9469845052084194,0.028937814618922177,0.00651522478280465,0.026105823636464475,0.03162704263526986
W2_apt,pin_scope16,L1,takeover,20,1.0,0.0,1.0,1.0,0.8954620794484954,0.02306473169216415,0.8859633670951672,0.9054650151942943,0.9447001357136815,0.012820051302329539,0.9393906943698082,0.9502290305841937,0.02901458114781391,0.006465180425770241,0.026198359763101402,0.03169486237179453
W2_apt,pin_scope16,L2,concurrent,20,0.02875723625982326,0.011744825690823026,0.023796189079480376,0.03383019207819793,0.18748169453300423,0.06196516920542129,0.16034159029213005,0.2128859343534293,0.04957656213108495,0.019383331355176125,0.041391862293654345,0.05793216571675109,0.028934623557665427,0.006321705964219814,0.026177110942572128,0.03153733225211241
W2_apt,pin_scope16,L2,takeover,20,0.013452704864308138,0.00830785868950148,0.00991239362778246,0.01704540399397301,0.10184592980388249,0.05914573780486463,0.07681703651062004,0.12746827135930164,0.023641981504892346,0.014414215900249626,0.017490784252985194,0.029890864416285082,0.02901458114781391,0.006465180425770241,0.026198359763101402,0.03169486237179453
W2_apt,pin_scope16,L3,concurrent,20,0.02961205230035845,0.011907723745249564,0.02458316129644697,0.03481852914707082,0.19239243338351802,0.06817449753765402,0.1630974324715339,0.22102129487388497,0.05103561491377332,0.019828526103043486,0.0425711443349629,0.05958418461404549,0.02895021351211418,0.006365677173843958,0.026185699984375317,0.03158187323578147
W2_apt,pin_scope16,L3,takeover,20,0.01364684931773437,0.008106279751463037,0.010153229476258104,0.017183547678122496,0.10262803224503166,0.05734072406759774,0.07794093114732087,0.12731362255993772,0.023983414108020736,0.014095291866965141,0.01793723558277253,0.03016188156440937,0.02901458114781391,0.006465180425770241,0.026198359763101402,0.03169486237179453
W2_apt,pin_scope16,L4,concurrent,20,0.029587466901215075,0.010194848248627266,0.025195121519890458,0.03399674079767706,0.1936465398603521,0.05975400461099318,0.1674766361489799,0.21850865260994962,0.051038406135972214,0.01691914731624321,0.043744558813787256,0.058355566167208814,0.028937814618922177,0.00651522478280465,0.026105823636464475,0.03162704263526986
W2_apt,pin_scope16,L4,takeover,20,0.013025848809860203,0.007601171113684401,0.009748212639995533,0.0164222792915226,0.09908871510983538,0.05434481062813893,0.0752458040705276,0.12302841023196394,0.022918489296399325,0.013207313000183137,0.01723276861625694,0.028787088573546626,0.02901458114781391,0.006465180425770241,0.026198359763101402,0.03169486237179453
W2_apt,pin_useragent,L0,concurrent,20,0.8625053946939116,0.020140522853821455,0.8538966526110747,0.8711749012709016,0.6689556721982295,0.021002044345526518,0.6598637236631884,0.6778303413809084,0.7533108391673465,0.017392753341135776,0.7459308622151326,0.7607496327007667,0.09895136188972944,0.008299594845096925,0.0953262669743263,0.10239346332135593
W2_apt,pin_useragent,L0,takeover,20,0.8526050231586149,0.016930174244211917,0.8456224074307287,0.8601470862791821,0.6814045523564458,0.022053518680602176,0.6716607613055952,0.69041337738668,0.7573025179072449,0.017844762452307348,0.7495812614290333,0.7648041937775258,0.0991512308271832,0.008431193957656012,0.09549808302456325,0.10273049949656322
W2_apt,pin_useragent,L1,concurrent,20,0.08998029191773209,0.01875744972141578,0.08203132389142931,0.09805807117843157,0.1732610419258222,0.029831624038808978,0.16087733992169065,0.18638159963391296,0.1182391056350541,0.022669603531169296,0.10868033503960792,0.1279952925197151,0.09895136188972944,0.008299594845096925,0.0953262669743263,0.10239346332135593
W2_apt,pin_useragent,L1,takeover,20,0.0417561239711156,0.011783814028580388,0.03642834421293854,0.04655116127826522,0.09434954397057875,0.026178974047440025,0.08288233789593329,0.1052230614762992,0.05781024565369025,0.016124766065870436,0.05059356633226486,0.06441941369154756,0.0991512308271832,0.008431193957656012,0.09549808302456325,0.10273049949656322
W2_apt,pin_useragent,L2,concurrent,20,0.8645395834556856,0.021602634801974625,0.8552753580886427,0.8738753071974426,0.6692554388919139,0.019206906792784896,0.6610979392772555,0.6775923255196604,0.7541849639127871,0.014049480290906854,0.748348259123636,0.7604849799281481,0.09896393262797759,0.008499598021897918,0.09525389134389407,0.1025352495511161
W2_apt,pin_useragent,L2,takeover,20,0.8522668131450691,0.02348229300582696,0.8421030010053814,0.8619492378205893,0.6813576411801183,0.01961011109424951,0.6726286981026074,0.6895890583944844,0.7570135291300256,0.015601098146080317,0.750242671879522,0.7636131863907317,0.0991512308271832,0.008431193957656012,0.09549808302456325,0.10273049949656322
W2_apt,pin_useragent,L3,concurrent,20,0.09026740497846131,0.019336181987345866,0.08218267565326169,0.09870528495592192,0.17329445041240601,0.03156395838355222,0.16029888902209993,0.18714147184422492,0.11849152388417276,0.02357998271729509,0.10876336108258498,0.12876670569625212,0.09886485243260935,0.008391119896689721,0.0951989806302067,0.1023728986328882
W2_apt,pin_useragent,L3,takeover,20,0.04190654436708559,0.010211165727108574,0.03752352397088996,0.04628660735235705,0.09494440840835454,0.022106581866184794,0.08543304425318111,0.10442316619891434,0.05806385599308954,0.013816818852097379,0.05212780115745446,0.06395513656134523,0.0991512308271832,0.008431193957656012,0.09549808302456325,0.10273049949656322
W2_apt,pin_useragent,L4,concurrent,20,0.08998029191773209,0.01875744972141578,0.08203132389142931,0.09805807117843157,0.1732610419258222,0.029831624038808978,0.16087733992169065,0.18638159963391296,0.1182391056350541,0.022669603531169296,0.10868033503960792,0.1279952925197151,0.09895136188972944,0.008299594845096925,0.0953262669743263,0.10239346332135593
W2_apt,pin_useragent,L4,takeover,20,0.0417561239711156,0.011783814028580388,0.03642834421293854,0.04655116127826522,0.09434954397057875,0.026178974047440025,0.08288233789593329,0.1052230614762992,0.05781024565369025,0.016124766065870436,0.05059356633226486,0.06441941369154756,0.0991512308271832,0.008431193957656012,0.09549808302456325,0.10273049949656322
W2_apt,pin_useragent_core,L0,concurrent,20,0.41855643372695495,0.01926311279379493,0.4099899201726374,0.4264082229471545,1.0,0.0,1.0,1.0,0.5898659328386939,0.019389012331725332,0.581189585185991,0.5977246208173967,0.0,0.0,0.0,0.0
W2_apt,pin_useragent_core,L0,takeover,20,0.4168777095574189,0.017085620634871714,0.40966812508114225,0.42453677060521144,1.0,0.0,1.0,1.0,0.5882513990152988,0.016951799703870757,0.5810619112481626,0.5958563909193247,0.0,0.0,0.0,0.0
W2_apt,pin_useragent_core,L1,concurrent,20,0.0,0.0,0.0,0.0,0.0,0.0,0.0,0.0,0.0,0.0,0.0,0.0,0.0,0.0,0.0,0.0
W2_apt,pin_useragent_core,L1,takeover,20,0.0,0.0,0.0,0.0,0.0,0.0,0.0,0.0,0.0,0.0,0.0,0.0,0.0,0.0,0.0,0.0
W2_apt,pin_useragent_core,L2,concurrent,20,0.41887563577975423,0.021849322455359463,0.409836455219722,0.42807880921663094,1.0,0.0,1.0,1.0,0.5901158537130575,0.021696752386468572,0.5810962552222497,0.5992346767540958,0.0,0.0,0.0,0.0
W2_apt,pin_useragent_core,L2,takeover,20,0.4197714834046149,0.025281780526423683,0.4092098983629303,0.4309092846216904,1.0,0.0,1.0,1.0,0.5909001162385035,0.024981757430436992,0.5804425185389519,0.6018227052314535,0.0,0.0,0.0,0.0
W2_apt,pin_useragent_core,L3,concurrent,20,0.0,0.0,0.0,0.0,0.0,0.0,0.0,0.0,0.0,0.0,0.0,0.0,0.0,0.0,0.0,0.0
W2_apt,pin_useragent_core,L3,takeover,20,0.0,0.0,0.0,0.0,0.0,0.0,0.0,0.0,0.0,0.0,0.0,0.0,0.0,0.0,0.0,0.0
W2_apt,pin_useragent_core,L4,concurrent,20,0.0,0.0,0.0,0.0,0.0,0.0,0.0,0.0,0.0,0.0,0.0,0.0,0.0,0.0,0.0,0.0
W2_apt,pin_useragent_core,L4,takeover,20,0.0,0.0,0.0,0.0,0.0,0.0,0.0,0.0,0.0,0.0,0.0,0.0,0.0,0.0,0.0,0.0
W2_apt,score_burstiness,L0,concurrent,20,0.004446372927803316,0.003108421155205589,0.0031339960238596257,0.005775079530334906,0.04813633865995185,0.03296223700141544,0.034371716238742106,0.06215993068442468,0.008134070760353999,0.005671407757542524,0.005727280431143353,0.010560388756176486,0.020173503970179286,0.0017836054833907237,0.019383682258221863,0.020909506993481368
W2_apt,score_burstiness,L0,takeover,20,0.00551403505337963,0.005139425852082106,0.0034927260207257413,0.007844093564082836,0.0637017925713578,0.053158881823968315,0.042242399046203395,0.08722952787952785,0.010135345087308427,0.009355108626979304,0.006441243929925112,0.014367246877449192,0.019254220965829256,0.0020149811222539304,0.018364101583208944,0.02007554128677036
W2_apt,score_burstiness,L1,concurrent,20,0.004446372927803316,0.003108421155205589,0.0031339960238596257,0.005775079530334906,0.04813633865995185,0.03296223700141544,0.034371716238742106,0.06215993068442468,0.008134070760353999,0.005671407757542524,0.005727280431143353,0.010560388756176486,0.020173503970179286,0.0017836054833907237,0.019383682258221863,0.020909506993481368
W2_apt,score_burstiness,L1,takeover,20,0.00551403505337963,0.005139425852082106,0.0034927260207257413,0.007844093564082836,0.0637017925713578,0.053158881823968315,0.042242399046203395,0.08722952787952785,0.010135345087308427,0.009355108626979304,0.006441243929925112,0.014367246877449192,0.019254220965829256,0.0020149811222539304,0.018364101583208944,0.02007554128677036
W2_apt,score_burstiness,L2,concurrent,20,0.00544572337842441,0.0033364233572103705,0.004083782708736827,0.006866714977633326,0.0572651416272106,0.033979128883730364,0.04338403064049615,0.07180775595732493,0.00993980297267671,0.0060686862957021635,0.007463942415590477,0.012528960003299594,0.02028648449080781,0.001752755646232318,0.01950994206644406,0.021008557835414953
W2_apt,score_burstiness,L2,takeover,20,0.0050077953407432225,0.004148900523474629,0.0032804010794027574,0.006794444384509274,0.05863882947803488,0.04739567232802751,0.03901058513055327,0.0790618118866807,0.009217805316472486,0.007612623466813924,0.006042830404024443,0.012488513142938274,0.019254220965829256,0.0020149811222539304,0.018364101583208944,0.02007554128677036
W2_apt,score_burstiness,L3,concurrent,20,0.004263656367203222,0.003320600326499348,0.002846799669937573,0.005704573284183389,0.04642823568235862,0.03587155498964798,0.030835178221328894,0.06185132577317735,0.00779987579944017,0.006055389363698891,0.005227866855936805,0.01040477933271812,0.02019448802721021,0.002065771395306247,0.019283370341332647,0.021038278467003676
W2_apt,score_burstiness,L3,takeover,20,0.005648105092922003,0.005155417606246214,0.0034467381739335524,0.007943920953637666,0.06582883506908994,0.0588413814762226,0.04070805414392371,0.09129894718183693,0.010393476813876213,0.009458001220443282,0.006355818666670953,0.014590551093447621,0.019254220965829256,0.0020149811222539304,0.018364101583208944,0.02007554128677036
W2_apt,score_burstiness,L4,concurrent,20,0.0042802599709926845,0.0030733427545882107,0.002968738680074738,0.005610973366460288,0.046355711879325065,0.03244517261995969,0.03281586835203777,0.06027525865251689,0.007830125060346537,0.0056048119686060195,0.005430159474244584,0.01025828178046419,0.020173503970179286,0.0017836054833907237,0.019383682258221863,0.020909506993481368
W2_apt,score_burstiness,L4,takeover,20,0.005679051555029796,0.00500426955668305,0.003742821710874924,0.007941898210606639,0.06587570561483605,0.05127224678537881,0.04505962036152253,0.08865905741802481,0.010442093553566097,0.009102454801338082,0.006912517483094163,0.014540085971451093,0.019254220965829256,0.0020149811222539304,0.018364101583208944,0.02007554128677036
W2_apt,score_distinct_bindings,L0,concurrent,20,1.0,0.0,1.0,1.0,0.7595505175228576,0.03143799985540753,0.746345619039607,0.7731522384609969,0.8630019273331049,0.020278549927553666,0.8544761899642314,0.8717609976214392,0.07343878307674379,0.010534726305095688,0.06890760933312319,0.07785922304378962
W2_apt,score_distinct_bindings,L0,takeover,20,1.0,0.0,1.0,1.0,0.7715817780585693,0.030376993682246178,0.7589117900018495,0.784772943074,0.8707505197166945,0.019331741151182427,0.8626612597648612,0.8791017038670473,0.07364315754039466,0.010390252989021857,0.06915483591099401,0.07802839577301675
W2_apt,score_distinct_bindings,L1,concurrent,20,1.0,0.0,1.0,1.0,0.7595505175228576,0.03143799985540753,0.746345619039607,0.7731522384609969,0.8630019273331049,0.020278549927553666,0.8544761899642314,0.8717609976214392,0.07343878307674379,0.010534726305095688,0.06890760933312319,0.07785922304378962
W2_apt,score_distinct_bindings,L1,takeover,20,1.0,0.0,1.0,1.0,0.7715817780585693,0.030376993682246178,0.7589117900018495,0.784772943074,0.8707505197166945,0.019331741151182427,0.8626612597648612,0.8791017038670473,0.07364315754039466,0.010390252989021857,0.06915483591099401,0.07802839577301675
W2_apt,score_distinct_bindings,L2,concurrent,20,1.0,0.0,1.0,1.0,0.7587696057106839,0.030175979636120114,0.7460551928136129,0.7718349380344736,0.8625238115419174,0.01948680986567067,0.8542924651368533,0.8709717579213574,0.07366350399790254,0.010178950924817578,0.06924429043292514,0.07794150841794041
W2_apt,score_distinct_bindings,L2,takeover,20,1.0,0.0,1.0,1.0,0.7715817780585693,0.030376993682246178,0.7589117900018495,0.784772943074,0.8707505197166945,0.019331741151182427,0.8626612597648612,0.8791017038670473,0.07364315754039466,0.010390252989021857,0.06915483591099401,0.07802839577301675
W2_apt,score_distinct_bindings,L3,concurrent,20,0.07084233575038201,0.015313063366873842,0.06422125350350906,0.07747791910626599,0.1829827054512219,0.04263264734233827,0.16522514766350388,0.20145519321714503,0.10172033483696681,0.02130650437205403,0.0926121221858525,0.11076743010339928,0.07369118834783876,0.010286313438207148,0.0692755669872738,0.07804476335110017
W2_apt,score_distinct_bindings,L3,takeover,20,0.032992527984162565,0.010290637767805208,0.028359006928200228,0.03726636414309373,0.10048293730123806,0.031221631327326825,0.08677146731565599,0.11366544247628063,0.04945834500692871,0.015079905651271517,0.04265210384976653,0.05575232988665487,0.07364315754039466,0.010390252989021857,0.06915483591099401,0.07802839577301675
W2_apt,score_distinct_bindings,L4,concurrent,20,0.07136139686512714,0.014089580248647668,0.06542507784464571,0.07737049394928162,0.18533475033927138,0.03971456312757404,0.16854515580986798,0.2024294477606892,0.1026157663921063,0.01952931923991123,0.09432441618690915,0.11087230877482156,0.07343878307674379,0.010534726305095688,0.06890760933312319,0.07785922304378962
W2_apt,score_distinct_bindings,L4,takeover,20,0.03180041418159905,0.011559428573929718,0.0266220180154863,0.03666538268082689,0.09703991192148845,0.036390233819591424,0.08116248464505696,0.11303957805257733,0.047696144946778034,0.017190935332773737,0.03998555544651539,0.05501750724371712,0.07364315754039466,0.010390252989021857,0.06915483591099401,0.07802839577301675
W2_apt,score_max_request_rate,L0,concurrent,20,0.6264579106872702,0.022778046809571986,0.6169262644376566,0.6359497496997008,0.18133913571967208,0.008167720075780175,0.17778386408680563,0.18474270638009993,0.2811689644497909,0.010972741230456528,0.2764024094676977,0.2857150703622237,0.6547288837240625,0.006916353680122611,0.6518403897107725,0.6577062475684848
W2_apt,score_max_request_rate,L0,takeover,20,0.6621577429702771,0.025769830608023136,0.6509465512897841,0.6730548767639036,0.19967128921194555,0.01038047490414133,0.19542173147261785,0.20421798066549526,0.30672159898105333,0.013950574314333521,0.3008901175408087,0.3128582893945026,0.6594154443747045,0.007176810409207259,0.6564971589611122,0.6624902590632956
W2_apt,score_max_request_rate,L1,concurrent,20,0.6264579106872702,0.022778046809571986,0.6169262644376566,0.6359497496997008,0.18133913571967208,0.008167720075780175,0.17778386408680563,0.18474270638009993,0.2811689644497909,0.010972741230456528,0.2764024094676977,0.2857150703622237,0.6547288837240625,0.006916353680122611,0.6518403897107725,0.6577062475684848
W2_apt,score_max_request_rate,L1,takeover,20,0.6621577429702771,0.025769830608023136,0.6509465512897841,0.6730548767639036,0.19967128921194555,0.01038047490414133,0.19542173147261785,0.20421798066549526,0.30672159898105333,0.013950574314333521,0.3008901175408087,0.3128582893945026,0.6594154443747045,0.007176810409207259,0.6564971589611122,0.6624902590632956
W2_apt,score_max_request_rate,L2,concurrent,20,0.624154223436554,0.0278336524806276,0.612296817229872,0.6358403012838496,0.18061701130529945,0.008484234233456862,0.17690760586622575,0.1841159894245936,0.2800706936419358,0.011926170218772934,0.27483860409197053,0.284948272842332,0.6545699146110548,0.007033103093060025,0.6516330468107777,0.6576303387385465
W2_apt,score_max_request_rate,L2,takeover,20,0.6562395976613788,0.021339292906115435,0.64708283012657,0.665180616760276,0.19823165066584805,0.008967457786469587,0.19434126254588896,0.20199230220230918,0.304384154527747,0.011644141881725526,0.2993303183050361,0.3092660306120721,0.6594154443747045,0.007176810409207259,0.6564971589611122,0.6624902590632956
W2_apt,score_max_request_rate,L3,concurrent,20,0.6245596614214075,0.029618563486591868,0.6114795245021744,0.6367503946555794,0.18037379818637456,0.010880584597944538,0.17569180428792544,0.18496907060740894,0.27981922211411436,0.015261320329126995,0.27314964630543004,0.28615968185168983,0.6542978062599829,0.006502318263394485,0.6516192056317655,0.6570762936337932
W2_apt,score_max_request_rate,L3,takeover,20,0.6586457148144065,0.02586453105760089,0.6479812109714633,0.6696588813645641,0.19880039477017158,0.009698463782900986,0.194676842054447,0.20295754444531816,0.3053127834119172,0.013032354654868185,0.29980624036262477,0.3108803640250482,0.6594154443747045,0.007176810409207259,0.6564971589611122,0.6624902590632956
W2_apt,score_max_request_rate,L4,concurrent,20,0.627453900007022,0.02175264932386746,0.6182244201825307,0.6364206629214899,0.18158118112026897,0.008101931573507182,0.17804511537632114,0.18494466713110222,0.28156105430968814,0.010792074504091516,0.27686764174479844,0.28606463766811113,0.6547288837240625,0.006916353680122611,0.6518403897107725,0.6577062475684848
W2_apt,score_max_request_rate,L4,takeover,20,0.6615365711909592,0.02600094928440636,0.650325352875519,0.6724092166289355,0.19951777422600836,0.010356194991065349,0.1952868070874611,0.20408818419149946,0.30647329311603116,0.013940157360368475,0.30066967701071706,0.3126327094121055,0.6594154443747045,0.007176810409207259,0.6564971589611122,0.6624902590632956
