workload,seed,detector,TP,TN,FP,FN,precision,recall,f1,fpr,fnr,specificity,balanced_accuracy,roc_auc,pr_auc
W1_web,0,marginal_mahalanobis,1,109,1,16,0.5,0.058823529411764705,0.10526315789473684,0.00909090909090909,0.9411764705882353,0.990909090909091,0.5248663101604278,0.5588235294117647,0.2700813459096534
W1_web,1,marginal_mahalanobis,0,105,2,20,0.0,0.0,0.0,0.018691588785046728,1.0,0.9813084112149533,0.49065420560747663,0.5901869158878504,0.23905823943063745
W1_web,2,marginal_mahalanobis,1,97,1,28,0.5,0.034482758620689655,0.06451612903225806,0.01020408163265306,0.9655172413793104,0.9897959183673469,0.5121393384940183,0.555594651653765,0.3149619263248657
W1_web,3,marginal_mahalanobis,1,103,1,22,0.5,0.043478260869565216,0.08,0.009615384615384616,0.9565217391304348,0.9903846153846154,0.5169314381270903,0.5994983277591973,0.34321909990038263
W1_web,4,marginal_mahalanobis,1,103,1,22,0.5,0.043478260869565216,0.08,0.009615384615384616,0.9565217391304348,0.9903846153846154,0.5169314381270903,0.649247491638796,0.3389436565648987
W1_web,5,marginal_mahalanobis,1,99,2,25,0.3333333333333333,0.038461538461538464,0.06896551724137931,0.019801980198019802,0.9615384615384616,0.9801980198019802,0.5093297791317594,0.6245239908606245,0.294387790880156
W1_web,6,marginal_mahalanobis,0,108,2,17,0.0,0.0,0.0,0.01818181818181818,1.0,0.9818181818181818,0.4909090909090909,0.5871657754010695,0.1772409853673806
W1_web,7,marginal_mahalanobis,0,109,2,16,0.0,0.0,0.0,0.018018018018018018,1.0,0.9819819819819819,0.49099099099099097,0.4780405405405405,0.17462379254323093
W1_web,8,marginal_mahalanobis,1,103,1,22,0.5,0.043478260869565216,0.08,0.009615384615384616,0.9565217391304348,0.9903846153846154,0.5169314381270903,0.6638795986622074,0.3483256149840884
W1_web,9,marginal_mahalanobis,1,103,1,22,0.5,0.043478260869565216,0.08,0.009615384615384616,0.9565217391304348,0.9903846153846154,0.5169314381270903,0.6663879598662207,0.32769657108996914
W1_web,10,marginal_mahalanobis,1,106,2,18,0.3333333333333333,0.05263157894736842,0.09090909090909091,0.018518518518518517,0.9473684210526315,0.9814814814814815,0.517056530214425,0.5350877192982456,0.24778921673456358
W1_web,11,marginal_mahalanobis,0,108,2,17,0.0,0.0,0.0,0.01818181818181818,1.0,0.9818181818181818,0.4909090909090909,0.6021390374331551,0.2541522595796555
W1_web,12,marginal_mahalanobis,1,99,1,26,0.5,0.037037037037037035,0.06896551724137931,0.01,0.9629629629629629,0.99,0.5135185185185185,0.5577777777777778,0.302236357648595
W1_web,13,marginal_mahalanobis,0,104,2,21,0.0,0.0,0.0,0.018867924528301886,1.0,0.9811320754716981,0.49056603773584906,0.6428571428571429,0.2958307132658698
W1_web,14,marginal_mahalanobis,0,101,2,24,0.0,0.0,0.0,0.019417475728155338,1.0,0.9805825242718447,0.49029126213592233,0.6852750809061489,0.3002808171320534
W1_web,15,marginal_mahalanobis,1,102,1,23,0.5,0.041666666666666664,0.07692307692307693,0.009708737864077669,0.9583333333333334,0.9902912621359223,0.5159789644012945,0.5780744336569579,0.3031275035232918
W1_web,16,marginal_mahalanobis,0,105,2,20,0.0,0.0,0.0,0.018691588785046728,1.0,0.9813084112149533,0.49065420560747663,0.6855140186915888,0.2947773024197161
W1_web,17,marginal_mahalanobis,0,103,2,22,0.0,0.0,0.0,0.01904761904761905,1.0,0.9809523809523809,0.49047619047619045,0.6186147186147186,0.2868137181190772
W1_web,18,marginal_mahalanobis,1,98,2,26,0.3333333333333333,0.037037037037037035,0.06666666666666667,0.02,0.9629629629629629,0.98,0.5085185185185185,0.6351851851851852,0.3486234791873652
W1_web,19,marginal_mahalanobis,0,107,2,18,0.0,0.0,0.0,0.01834862385321101,1.0,0.981651376146789,0.4908256880733945,0.3904179408766565,0.13495292028942285
W2_apt,0,marginal_mahalanobis,1,1229,16,317,0.058823529411764705,0.0031446540880503146,0.005970149253731343,0.01285140562248996,0.9968553459119497,0.98714859437751,0.49514662423278016,0.7232199237200374,0.3574440383370702
W2_apt,1,marginal_mahalanobis,4,1254,13,292,0.23529411764705882,0.013513513513513514,0.025559105431309907,0.010260457774269928,0.9864864864864865,0.98973954222573,0.5016265278696218,0.7254100983382752,0.34169210799086613
W2_apt,2,marginal_mahalanobis,8,1254,11,290,0.42105263157894735,0.026845637583892617,0.050473186119873815,0.008695652173913044,0.9731543624161074,0.991304347826087,0.5090749927049898,0.7286123564209354,0.35231185462315584
W2_apt,3,marginal_mahalanobis,7,1260,10,286,0.4117647058823529,0.023890784982935155,0.04516129032258064,0.007874015748031496,0.9761092150170648,0.9921259842519685,0.5080083846174518,0.7490607616027519,0.3532003643643797
W2_apt,4,marginal_mahalanobis,5,1250,11,297,0.3125,0.016556291390728478,0.03144654088050315,0.008723235527359239,0.9834437086092715,0.9912767644726408,0.5039165279316846,0.7587954477419897,0.38380506744780235
W2_apt,5,marginal_mahalanobis,4,1242,15,302,0.21052631578947367,0.013071895424836602,0.024615384615384615,0.011933174224343675,0.9869281045751634,0.9880668257756563,0.5005693606002465,0.7193962177817295,0.34441474198533023
W2_apt,6,marginal_mahalanobis,1,1228,16,318,0.058823529411764705,0.003134796238244514,0.005952380952380952,0.012861736334405145,0.9968652037617555,0.9871382636655949,0.4951365299519197,0.6937639226279874,0.3327216028773175
W2_apt,7,marginal_mahalanobis,6,1240,13,304,0.3157894736842105,0.01935483870967742,0.03647416413373861,0.010375099760574621,0.9806451612903225,0.9896249002394254,0.5044898694745514,0.7348351054244008,0.3664241524816247
W2_apt,8,marginal_mahalanobis,3,1265,14,281,0.17647058823529413,0.01056338028169014,0.019933554817275746,0.0109460516028147,0.9894366197183099,0.9890539483971853,0.4998086643394377,0.7073390302723298,0.31374723528215737
W2_apt,9,marginal_mahalanobis,4,1215,12,332,0.25,0.011904761904761904,0.022727272727272724,0.009779951100244499,0.9880952380952381,0.9902200488997555,0.5010624054022587,0.721004579500912,0.38390326293384586
W2_apt,10,marginal_mahalanobis,6,1266,12,279,0.3333333333333333,0.021052631578947368,0.0396039603960396,0.009389671361502348,0.9789473684210527,0.9906103286384976,0.5058314801087225,0.7387392581610521,0.34998553981087727
W2_apt,11,marginal_mahalanobis,2,1249,13,299,0.13333333333333333,0.006644518272425249,0.012658227848101267,0.010301109350237718,0.9933554817275747,0.9896988906497622,0.49817170446109377,0.7145147448283851,0.3338728375574362
W2_apt,12,marginal_mahalanobis,7,1243,10,303,0.4117647058823529,0.02258064516129032,0.04281345565749235,0.007980845969672785,0.9774193548387097,0.9920191540303273,0.5072998995958088,0.7575856653708519,0.4020476361637953
W2_apt,13,marginal_mahalanobis,4,1260,12,287,0.25,0.013745704467353952,0.026058631921824102,0.009433962264150943,0.9862542955326461,0.9905660377358491,0.5021558711016015,0.7472470768765264,0.36362748881668744
W2_apt,14,marginal_mahalanobis,4,1262,14,283,0.2222222222222222,0.013937282229965157,0.026229508196721315,0.0109717868338558,0.9860627177700348,0.9890282131661442,0.5014827476980547,0.7253011916594759,0.3239546101901818
W2_apt,15,marginal_mahalanobis,7,1263,9,284,0.4375,0.024054982817869417,0.04560260586319218,0.007075471698113208,0.9759450171821306,0.9929245283018868,0.5084897555598781,0.7425598132659016,0.37417993753237205
W2_apt,16,marginal_mahalanobis,6,1255,11,291,0.35294117647058826,0.020202020202020204,0.038216560509554146,0.008688783570300158,0.9797979797979798,0.9913112164296999,0.50575661831586,0.7235200876591082,0.35277247118507626
W2_apt,17,marginal_mahalanobis,1,1234,15,313,0.0625,0.0031847133757961785,0.006060606060606061,0.01200960768614892,0.9968152866242038,0.9879903923138511,0.49558755284482364,0.7443814924551105,0.3798040397535065
W2_apt,18,marginal_mahalanobis,5,1239,11,308,0.3125,0.01597444089456869,0.030395136778115502,0.0088,0.9840255591054313,0.9912,0.5035872204472843,0.7496945686900959,0.38884565997996456
W2_apt,19,marginal_mahalanobis,2,1261,14,286,0.125,0.006944444444444444,0.013157894736842105,0.010980392156862745,0.9930555555555556,0.9890196078431372,0.49798202614379083,0.7238289760348584,0.3359363507699604
