workload,seed,feature,roc_auc
W1_web,0,n_requests,0.446524064171123
W1_web,0,duration_s,0.4168449197860963
W1_web,0,total_bytes,0.4379679144385027
W1_web,0,mean_bytes,0.44224598930481285
W1_web,0,distinct_paths,0.4411764705882353
W1_web,0,median_gap_s,0.4048128342245989
W1_web,0,min_gap_s,0.4294117647058823
W1_web,0,error_rate,0.4379679144385027
W1_web,1,n_requests,0.43644859813084114
W1_web,1,duration_s,0.4810747663551402
W1_web,1,total_bytes,0.3775700934579439
W1_web,1,mean_bytes,0.36962616822429906
W1_web,1,distinct_paths,0.4077102803738318
W1_web,1,median_gap_s,0.4247663551401869
W1_web,1,min_gap_s,0.547429906542056
W1_web,1,error_rate,0.5170560747663552
W1_web,2,n_requests,0.552603800140746
W1_web,2,duration_s,0.5643912737508796
W1_web,2,total_bytes,0.6175228712174525
W1_web,2,mean_bytes,0.6055594651653765
W1_web,2,distinct_paths,0.5355383532723434
W1_web,2,median_gap_s,0.4539057002111189
W1_web,2,min_gap_s,0.4968332160450387
W1_web,2,error_rate,0.5309641097818437
W1_web,3,n_requests,0.38001672240802675
W1_web,3,duration_s,0.5029264214046822
W1_web,3,total_bytes,0.45108695652173914
W1_web,3,mean_bytes,0.48202341137123744
W1_web,3,distinct_paths,0.33047658862876256
W1_web,3,median_gap_s,0.4721989966555184
W1_web,3,min_gap_s,0.5731605351170569
W1_web,3,error_rate,0.4512959866220736
W1_web,4,n_requests,0.4931020066889632
W1_web,4,duration_s,0.4945652173913043
W1_web,4,total_bytes,0.5547658862876255
W1_web,4,mean_bytes,0.5769230769230769
W1_web,4,distinct_paths,0.45819397993311034
W1_web,4,median_gap_s,0.45338628762541805
W1_web,4,min_gap_s,0.47428929765886285
W1_web,4,error_rate,0.586747491638796
W1_web,5,n_requests,0.5338918507235338
W1_web,5,duration_s,0.4691546077684692
W1_web,5,total_bytes,0.5567402894135567
W1_web,5,mean_bytes,0.5780654988575781
W1_web,5,distinct_paths,0.5255140898705255
W1_web,5,median_gap_s,0.39242193450114243
W1_web,5,min_gap_s,0.4584920030464585
W1_web,5,error_rate,0.4375476009139376
W1_web,6,n_requests,0.6066844919786096
W1_web,6,duration_s,0.532620320855615
W1_web,6,total_bytes,0.5657754010695187
W1_web,6,mean_bytes,0.4748663101604278
W1_web,6,distinct_paths,0.5898395721925134
W1_web,6,median_gap_s,0.4048128342245989
W1_web,6,min_gap_s,0.5497326203208556
W1_web,6,error_rate,0.5042780748663102
W1_web,7,n_requests,0.5467342342342343
W1_web,7,duration_s,0.47438063063063063
W1_web,7,total_bytes,0.43975225225225223
W1_web,7,mean_bytes,0.40822072072072074
W1_web,7,distinct_paths,0.49268018018018017
W1_web,7,median_gap_s,0.3634572072072072
W1_web,7,min_gap_s,0.38344594594594594
W1_web,7,error_rate,0.5197072072072072
W1_web,8,n_requests,0.46592809364548493
W1_web,8,duration_s,0.43081103678929766
W1_web,8,total_bytes,0.48118729096989965
W1_web,8,mean_bytes,0.4874581939799331
W1_web,8,distinct_paths,0.4512959866220736
W1_web,8,median_gap_s,0.4466973244147157
W1_web,8,min_gap_s,0.5129598662207357
W1_web,8,error_rate,0.5328177257525084
W1_web,9,n_requests,0.4492056856187291
W1_web,9,duration_s,0.544314381270903
W1_web,9,total_bytes,0.5229933110367893
W1_web,9,mean_bytes,0.5133779264214047
W1_web,9,distinct_paths,0.4291387959866221
W1_web,9,median_gap_s,0.529891304347826
W1_web,9,min_gap_s,0.5232023411371237
W1_web,9,error_rate,0.485994983277592
W1_web,10,n_requests,0.6230506822612085
W1_web,10,duration_s,0.6203703703703703
W1_web,10,total_bytes,0.6461988304093568
W1_web,10,mean_bytes,0.5579922027290448
W1_web,10,distinct_paths,0.6276803118908382
W1_web,10,median_gap_s,0.39035087719298245
W1_web,10,min_gap_s,0.40326510721247566
W1_web,10,error_rate,0.4788011695906433
W1_web,11,n_requests,0.5037433155080214
W1_web,11,duration_s,0.4350267379679144
W1_web,11,total_bytes,0.6042780748663101
W1_web,11,mean_bytes,0.6368983957219251
W1_web,11,distinct_paths,0.5093582887700535
W1_web,11,median_gap_s,0.31737967914438503
W1_web,11,min_gap_s,0.37272727272727274
W1_web,11,error_rate,0.544385026737968
W1_web,12,n_requests,0.5366666666666666
W1_web,12,duration_s,0.5255555555555556
W1_web,12,total_bytes,0.5944444444444444
W1_web,12,mean_bytes,0.5985185185185186
W1_web,12,distinct_paths,0.5318518518518518
W1_web,12,median_gap_s,0.402037037037037
W1_web,12,min_gap_s,0.45314814814814813
W1_web,12,error_rate,0.48592592592592593
W1_web,13,n_requests,0.6168014375561546
W1_web,13,duration_s,0.5366127583108715
W1_web,13,total_bytes,0.5601976639712489
W1_web,13,mean_bytes,0.5530098831985625
W1_web,13,distinct_paths,0.5514375561545373
W1_web,13,median_gap_s,0.38544474393531
W1_web,13,min_gap_s,0.48450134770889486
W1_web,13,error_rate,0.5289757412398922
W1_web,14,n_requests,0.518406148867314
W1_web,14,duration_s,0.37985436893203883
W1_web,14,total_bytes,0.4797734627831715
W1_web,14,mean_bytes,0.49919093851132684
W1_web,14,distinct_paths,0.5198220064724919
W1_web,14,median_gap_s,0.36630258899676377
W1_web,14,min_gap_s,0.5293284789644013
W1_web,14,error_rate,0.4532766990291262
W1_web,15,n_requests,0.5343851132686084
W1_web,15,duration_s,0.46500809061488674
W1_web,15,total_bytes,0.5024271844660194
W1_web,15,mean_bytes,0.4716828478964401
W1_web,15,distinct_paths,0.4526699029126214
W1_web,15,median_gap_s,0.4014967637540453
W1_web,15,min_gap_s,0.4429611650485437
W1_web,15,error_rate,0.5032362459546925
W1_web,16,n_requests,0.6240654205607477
W1_web,16,duration_s,0.5602803738317756
W1_web,16,total_bytes,0.5897196261682243
W1_web,16,mean_bytes,0.5602803738317756
W1_web,16,distinct_paths,0.6
W1_web,16,median_gap_s,0.36074766355140186
W1_web,16,min_gap_s,0.3981308411214953
W1_web,16,error_rate,0.5238317757009345
W1_web,17,n_requests,0.48658008658008656
W1_web,17,duration_s,0.49112554112554113
W1_web,17,total_bytes,0.43333333333333335
W1_web,17,mean_bytes,0.44372294372294374
W1_web,17,distinct_paths,0.41904761904761906
W1_web,17,median_gap_s,0.38484848484848483
W1_web,17,min_gap_s,0.45735930735930735
W1_web,17,error_rate,0.4883116883116883
W1_web,18,n_requests,0.5387037037037037
W1_web,18,duration_s,0.4711111111111111
W1_web,18,total_bytes,0.4785185185185185
W1_web,18,mean_bytes,0.41962962962962963
W1_web,18,distinct_paths,0.5309259259259259
W1_web,18,median_gap_s,0.43018518518518517
W1_web,18,min_gap_s,0.4766666666666667
W1_web,18,error_rate,0.5901851851851851
W1_web,19,n_requests,0.5423037716615698
W1_web,19,duration_s,0.4987257900101937
W1_web,19,total_bytes,0.5173292558613659
W1_web,19,mean_bytes,0.4418960244648318
W1_web,19,distinct_paths,0.5649847094801224
W1_web,19,median_gap_s,0.45769622833843016
W1_web,19,min_gap_s,0.35295616717635064
W1_web,19,error_rate,0.5035677879714577
W2_apt,0,n_requests,0.5183703366926827
W2_apt,0,duration_s,0.4749892652370488
W2_apt,0,total_bytes,0.5156197115506049
W2_apt,0,mean_bytes,0.5105074385592685
W2_apt,0,distinct_paths,0.7436879593847087
W2_apt,0,median_gap_s,0.4320893637442853
W2_apt,0,min_gap_s,0.49233664216614886
W2_apt,0,error_rate,0.5196711373797075
W2_apt,1,n_requests,0.49009684506922074
W2_apt,1,duration_s,0.46812671985323917
W2_apt,1,total_bytes,0.4775392499840014
W2_apt,1,mean_bytes,0.48533991766035967
W2_apt,1,distinct_paths,0.7281405320079353
W2_apt,1,median_gap_s,0.4531653298918492
W2_apt,1,min_gap_s,0.4693479489750208
W2_apt,1,error_rate,0.48893027794961497
W2_apt,2,n_requests,0.5404488420829243
W2_apt,2,duration_s,0.519414011725071
W2_apt,2,total_bytes,0.5296336578507573
W2_apt,2,mean_bytes,0.5107263177441176
W2_apt,2,distinct_paths,0.7291084171154203
W2_apt,2,median_gap_s,0.4256253813300793
W2_apt,2,min_gap_s,0.4860307186248243
W2_apt,2,error_rate,0.5081014404329257
W2_apt,3,n_requests,0.49711375668485125
W2_apt,3,duration_s,0.4945164064389562
W2_apt,3,total_bytes,0.5009352073311655
W2_apt,3,mean_bytes,0.5148665717126656
W2_apt,3,distinct_paths,0.7313092902636317
W2_apt,3,median_gap_s,0.47578404235306765
W2_apt,3,min_gap_s,0.4910375964096638
W2_apt,3,error_rate,0.5065504823842413
W2_apt,4,n_requests,0.5038758265016202
W2_apt,4,duration_s,0.4929927892821318
W2_apt,4,total_bytes,0.4998647662162375
W2_apt,4,mean_bytes,0.4900662251655629
W2_apt,4,distinct_paths,0.7272741595811166
W2_apt,4,median_gap_s,0.4326982159644138
W2_apt,4,min_gap_s,0.49421777103213577
W2_apt,4,error_rate,0.4761791598174475
W2_apt,5,n_requests,0.5377025909807042
W2_apt,5,duration_s,0.51889679234197
W2_apt,5,total_bytes,0.5403947046864357
W2_apt,5,mean_bytes,0.534278627918948
W2_apt,5,distinct_paths,0.7179832155614831
W2_apt,5,median_gap_s,0.42566464400663473
W2_apt,5,min_gap_s,0.47548889616838513
W2_apt,5,error_rate,0.5287046136407361
W2_apt,6,n_requests,0.5244206674797649
W2_apt,6,duration_s,0.49260273765484985
W2_apt,6,total_bytes,0.5239456601719602
W2_apt,6,mean_bytes,0.5233660756584584
W2_apt,6,distinct_paths,0.7223651584029674
W2_apt,6,median_gap_s,0.44042375187734983
W2_apt,6,min_gap_s,0.4790417200052415
W2_apt,6,error_rate,0.5416381074297695
W2_apt,7,n_requests,0.5304392039749762
W2_apt,7,duration_s,0.5284143861184769
W2_apt,7,total_bytes,0.5322323198517107
W2_apt,7,mean_bytes,0.5193226578791545
W2_apt,7,distinct_paths,0.7425379090183559
W2_apt,7,median_gap_s,0.4318564477512036
W2_apt,7,min_gap_s,0.4843536801997786
W2_apt,7,error_rate,0.5296539917102181
W2_apt,8,n_requests,0.5213593916902509
W2_apt,8,duration_s,0.48259120791991983
W2_apt,8,total_bytes,0.5039574821878888
W2_apt,8,mean_bytes,0.4872617251594005
W2_apt,8,distinct_paths,0.7105270402713387
W2_apt,8,median_gap_s,0.4272236232091533
W2_apt,8,min_gap_s,0.47649186754616835
W2_apt,8,error_rate,0.48636974308713893
W2_apt,9,n_requests,0.4955211607870532
W2_apt,9,duration_s,0.5181627663290255
W2_apt,9,total_bytes,0.509759333643808
W2_apt,9,mean_bytes,0.5223274925292041
W2_apt,9,distinct_paths,0.7250152811735942
W2_apt,9,median_gap_s,0.46817392401133234
W2_apt,9,min_gap_s,0.5036517153723755
W2_apt,9,error_rate,0.5218848236115963
W2_apt,10,n_requests,0.5410949125552535
W2_apt,10,duration_s,0.5085056145841913
W2_apt,10,total_bytes,0.5425912198336216
W2_apt,10,mean_bytes,0.53369299618373
W2_apt,10,distinct_paths,0.7378181368915245
W2_apt,10,median_gap_s,0.4394764297284683
W2_apt,10,min_gap_s,0.49482469867940587
W2_apt,10,error_rate,0.5187958158306565
W2_apt,11,n_requests,0.5304465832328582
W2_apt,11,duration_s,0.4962433725932049
W2_apt,11,total_bytes,0.518648877750341
W2_apt,11,mean_bytes,0.5011359388409475
W2_apt,11,distinct_paths,0.7370439791292628
W2_apt,11,median_gap_s,0.43327971737104526
W2_apt,11,min_gap_s,0.45976696800416994
W2_apt,11,error_rate,0.5119043231489331
W2_apt,12,n_requests,0.5158085111860566
W2_apt,12,duration_s,0.49741523569240276
W2_apt,12,total_bytes,0.5164971809592462
W2_apt,12,mean_bytes,0.5140861931364724
W2_apt,12,distinct_paths,0.7393288365986149
W2_apt,12,median_gap_s,0.4452269392168473
W2_apt,12,min_gap_s,0.4845776587802178
W2_apt,12,error_rate,0.5143230440491208
W2_apt,13,n_requests,0.5044184551211395
W2_apt,13,duration_s,0.494849413214031
W2_apt,13,total_bytes,0.5105402645399728
W2_apt,13,mean_bytes,0.5051681471395535
W2_apt,13,distinct_paths,0.7534607404525708
W2_apt,13,median_gap_s,0.4303691456482742
W2_apt,13,min_gap_s,0.49544511443947353
W2_apt,13,error_rate,0.5038578746028658
W2_apt,14,n_requests,0.5130388955031512
W2_apt,14,duration_s,0.47230429368780924
W2_apt,14,total_bytes,0.5115001693008422
W2_apt,14,mean_bytes,0.5073946238790645
W2_apt,14,distinct_paths,0.7242362347492709
W2_apt,14,median_gap_s,0.4375730451214051
W2_apt,14,min_gap_s,0.4961470405120531
W2_apt,14,error_rate,0.50468444507553
W2_apt,15,n_requests,0.5078710907951328
W2_apt,15,duration_s,0.48354054550563014
W2_apt,15,total_bytes,0.5039726922993797
W2_apt,15,mean_bytes,0.49579361991830384
W2_apt,15,distinct_paths,0.7512035596187512
W2_apt,15,median_gap_s,0.45823472519397435
W2_apt,15,min_gap_s,0.4901824115498498
W2_apt,15,error_rate,0.4919830231904731
W2_apt,16,n_requests,0.521817703097324
W2_apt,16,duration_s,0.4947992297913309
W2_apt,16,total_bytes,0.5103044664656039
W2_apt,16,mean_bytes,0.47450013563757637
W2_apt,16,distinct_paths,0.7293232482805942
W2_apt,16,median_gap_s,0.4267291131430152
W2_apt,16,min_gap_s,0.4872859718831283
W2_apt,16,error_rate,0.487240759357663
W2_apt,17,n_requests,0.4919782960126063
W2_apt,17,duration_s,0.5046661533048095
W2_apt,17,total_bytes,0.4983133003217861
W2_apt,17,mean_bytes,0.5091487202500854
W2_apt,17,distinct_paths,0.729787651777473
W2_apt,17,median_gap_s,0.4662558071935255
W2_apt,17,min_gap_s,0.5123704058788432
W2_apt,17,error_rate,0.5066295074275982
W2_apt,18,n_requests,0.5264357827476038
W2_apt,18,duration_s,0.4800843450479233
W2_apt,18,total_bytes,0.531541214057508
W2_apt,18,mean_bytes,0.5407169329073482
W2_apt,18,distinct_paths,0.7423220447284345
W2_apt,18,median_gap_s,0.43092140575079874
W2_apt,18,min_gap_s,0.5086811501597444
W2_apt,18,error_rate,0.5440613418530351
W2_apt,19,n_requests,0.5429357298474946
W2_apt,19,duration_s,0.497843137254902
W2_apt,19,total_bytes,0.5511900871459695
W2_apt,19,mean_bytes,0.5355827886710239
W2_apt,19,distinct_paths,0.7236029411764706
W2_apt,19,median_gap_s,0.3949005991285403
W2_apt,19,min_gap_s,0.4720016339869281
W2_apt,19,error_rate,0.5244376361655774
