workload,feature,n_runs,roc_auc_mean,roc_auc_sd,roc_auc_ci_lo,roc_auc_ci_hi
W1_web,distinct_paths,20,0.4984671235077129,0.07407839541918271,0.46613817458267987,0.5291239499397246
W1_web,duration_s,20,0.4947377136916639,0.05677211927422548,0.47044051620484895,0.5189105539697223
W1_web,error_rate,20,0.505243720745632,0.042628359970681644,0.48714687559660447,0.5236152439639251
W1_web,mean_bytes,20,0.5060594259676933,0.07417131685805908,0.47434954119489053,0.5374843794646542
W1_web,median_gap_s,20,0.41214200152681785,0.047797953348407834,0.3920360161385432,0.4321752135388116
W1_web,min_gap_s,20,0.4660000999436787,0.0628658269622392,0.43945088208460054,0.4928211226127499
W1_web,n_requests,20,0.5217922947187186,0.06632849719035039,0.49376276844351263,0.5496751207900743
W1_web,total_bytes,20,0.5205791330743637,0.07258065193937763,0.4896133747024044,0.5512913886946378
W2_apt,distinct_paths,20,0.732303816809176,0.010961144403691652,0.7277608202857003,0.7369283508932579
W2_apt,duration_s,20,0.4960479211788463,0.01661485717610901,0.4890320713695706,0.5034147651391173
W2_apt,error_rate,20,0.5107800774072425,0.018509789578729584,0.5029866867529539,0.5186239047581322
W2_apt,mean_bytes,20,0.5107641573275622,0.01819461099382035,0.5029375846983664,0.5184974498104452
W2_apt,median_gap_s,20,0.4387835825817632,0.018441266448548686,0.43078277770116435,0.4468016083708957
W2_apt,min_gap_s,20,0.48766408051867777,0.013186408429429652,0.482004453565924,0.4932302428519741
W2_apt,n_requests,20,0.5177597291021334,0.016870090140617924,0.5107054720574977,0.5248040991774169
W2_apt,total_bytes,20,0.5164490783074419,0.01775328345964175,0.5090634709764988,0.5240689663277743
