workload,split,seed,precision,recall,f1,fpr,roc_auc,pr_auc
W1_web,temporal,0,0.8181818181818182,0.5294117647058824,0.6428571428571428,0.01818181818181818,0.9441176470588235,0.7902153259039918
W1_web,temporal,1,0.8571428571428571,0.6,0.7058823529411764,0.018691588785046728,0.9686915887850467,0.8618968036794121
W1_web,temporal,2,0.8823529411764706,0.5172413793103449,0.6521739130434783,0.02040816326530612,0.967100633356791,0.8898868796448034
W1_web,temporal,3,0.9230769230769231,0.5217391304347826,0.6666666666666667,0.009615384615384616,0.9707357859531772,0.8828496499064361
W1_web,temporal,4,1.0,0.6521739130434783,0.7894736842105263,0.0,0.9703177257525084,0.9008527179037481
W1_web,temporal,5,0.9444444444444444,0.6538461538461539,0.7727272727272727,0.009900990099009901,0.9794364051789795,0.9388057883890487
W1_web,temporal,6,0.9090909090909091,0.5882352941176471,0.7142857142857143,0.00909090909090909,0.9679144385026738,0.8478597745570662
W1_web,temporal,7,0.8571428571428571,0.375,0.5217391304347825,0.009009009009009009,0.9507319819819819,0.7730237029409821
W1_web,temporal,8,1.0,0.5217391304347826,0.6857142857142856,0.0,0.9544314381270903,0.8387628814501589
W1_web,temporal,9,0.875,0.6086956521739131,0.717948717948718,0.019230769230769232,0.9715719063545151,0.8955734925246303
W1_web,temporal,10,0.7222222222222222,0.6842105263157895,0.7027027027027027,0.046296296296296294,0.959307992202729,0.8096670305592644
W1_web,temporal,11,0.7692307692307693,0.5882352941176471,0.6666666666666667,0.02727272727272727,0.9601604278074867,0.8184255565481168
W1_web,temporal,12,0.8888888888888888,0.5925925925925926,0.711111111111111,0.02,0.9590740740740741,0.8780345052416971
W1_web,temporal,13,0.7894736842105263,0.7142857142857143,0.7500000000000001,0.03773584905660377,0.9786612758310872,0.8893447379645293
W1_web,temporal,14,0.7272727272727273,0.3333333333333333,0.4571428571428572,0.02912621359223301,0.9514563106796117,0.8102888978180378
W1_web,temporal,15,0.9166666666666666,0.4583333333333333,0.611111111111111,0.009708737864077669,0.9781553398058253,0.9172536398332968
W1_web,temporal,16,0.8181818181818182,0.45,0.5806451612903226,0.018691588785046728,0.9593457943925233,0.8323916160700219
W1_web,temporal,17,0.9090909090909091,0.45454545454545453,0.6060606060606061,0.009523809523809525,0.9331168831168831,0.7981241555637859
W1_web,temporal,18,0.9333333333333333,0.5185185185185185,0.6666666666666667,0.01,0.9787037037037037,0.9336659053237103
W1_web,temporal,19,0.8,0.8888888888888888,0.8421052631578948,0.03669724770642202,0.9872579001019368,0.9497533104150752
W1_web,client,0,0.8888888888888888,0.42105263157894735,0.5714285714285714,0.008928571428571428,0.9426691729323309,0.7990198955356458
W1_web,client,1,0.8461538461538461,0.5789473684210527,0.6875,0.0196078431372549,0.9589783281733746,0.8428380777893003
W1_web,client,2,0.9285714285714286,0.5909090909090909,0.7222222222222223,0.011627906976744186,0.9696088794926004,0.9104193617773689
W1_web,client,3,0.8571428571428571,0.48,0.6153846153846153,0.019801980198019802,0.961980198019802,0.8685103224274084
W1_web,client,4,1.0,0.6956521739130435,0.8205128205128205,0.0,0.9679633867276888,0.8930957829355999
W1_web,client,5,0.9230769230769231,0.48,0.631578947368421,0.010309278350515464,0.9750515463917526,0.9175168504002175
W1_web,client,6,0.7857142857142857,0.7857142857142857,0.7857142857142857,0.0297029702970297,0.9809052333804809,0.91371336996337
W1_web,client,7,1.0,0.47058823529411764,0.6399999999999999,0.0,0.9818414322250639,0.9360960875638853
W1_web,client,8,1.0,0.6086956521739131,0.7567567567567568,0.0,0.9754901960784313,0.9022969649391965
W1_web,client,9,0.9333333333333333,0.7368421052631579,0.8235294117647058,0.010101010101010102,0.9872408293460925,0.9611919052016005
W1_web,client,10,0.7647058823529411,0.6190476190476191,0.6842105263157895,0.03636363636363636,0.9534632034632035,0.7785681998095384
W1_web,client,11,1.0,0.5238095238095238,0.6875000000000001,0.0,0.9643809523809523,0.8476969279949481
W1_web,client,12,0.9230769230769231,0.48,0.631578947368421,0.010526315789473684,0.9690526315789474,0.8874288575353401
W1_web,client,13,0.9166666666666666,0.4782608695652174,0.6285714285714286,0.00909090909090909,0.9681818181818181,0.8681613232791049
W1_web,client,14,0.6666666666666666,0.18181818181818182,0.28571428571428575,0.019230769230769232,0.9447115384615384,0.7509473803334115
W1_web,client,15,0.9375,0.5357142857142857,0.6818181818181818,0.008928571428571428,0.9722576530612245,0.9125252919564334
W1_web,client,16,0.8,0.42105263157894735,0.5517241379310345,0.018018018018018018,0.9646752015173068,0.8317950255425016
W1_web,client,17,0.631578947368421,0.46153846153846156,0.5333333333333333,0.06086956521739131,0.9374581939799331,0.7910444550791503
W1_web,client,18,0.9,0.4090909090909091,0.5625000000000001,0.009259259259259259,0.9852693602693603,0.9328254534844344
W1_web,client,19,0.8235294117647058,0.6363636363636364,0.717948717948718,0.02857142857142857,0.9777056277056277,0.9002910248801657
W1_web,random,0,0.8333333333333334,0.5555555555555556,0.6666666666666667,0.01834862385321101,0.9559123343527013,0.8511436967523831
W1_web,random,1,0.8461538461538461,0.5789473684210527,0.6875,0.018518518518518517,0.9446881091617934,0.8084026005154148
W1_web,random,2,0.9473684210526315,0.6,0.7346938775510204,0.010309278350515464,0.9728522336769759,0.9238315354828868
W1_web,random,3,0.8333333333333334,0.45454545454545453,0.5882352941176471,0.01904761904761905,0.9452380952380952,0.7844969453054172
W1_web,random,4,1.0,0.5909090909090909,0.7428571428571429,0.0,0.9636363636363636,0.8750634969384968
W1_web,random,5,0.9333333333333333,0.5384615384615384,0.6829268292682926,0.009900990099009901,0.960967250571211,0.8943636213562924
W1_web,random,6,0.9230769230769231,0.7058823529411765,0.8000000000000002,0.00909090909090909,0.9786096256684492,0.9030976163000981
W1_web,random,7,1.0,0.7333333333333333,0.846153846153846,0.0,0.9958333333333333,0.9723622782446313
W1_web,random,8,0.9285714285714286,0.5652173913043478,0.7027027027027025,0.009615384615384616,0.9611204013377926,0.8623253513570138
W1_web,random,9,0.8571428571428571,0.5,0.631578947368421,0.019417475728155338,0.955299352750809,0.8621625692593354
W1_web,random,10,0.7857142857142857,0.55,0.6470588235294117,0.028037383177570093,0.930607476635514,0.7389455233900971
W1_web,random,11,0.9090909090909091,0.625,0.7407407407407406,0.009009009009009009,0.9887387387387387,0.932333215191671
W1_web,random,12,0.9285714285714286,0.4642857142857143,0.6190476190476191,0.010101010101010102,0.9623015873015873,0.8965097670898974
W1_web,random,13,0.9333333333333333,0.5833333333333334,0.7179487179487181,0.009708737864077669,0.9532766990291263,0.8599918348559654
W1_web,random,14,0.7692307692307693,0.43478260869565216,0.5555555555555555,0.028846153846153848,0.9550585284280937,0.8250517998098426
W1_web,random,15,0.9,0.375,0.5294117647058825,0.009708737864077669,0.9678398058252428,0.8785990886391346
W1_web,random,16,0.8,0.38095238095238093,0.5161290322580645,0.018867924528301886,0.9647349505840072,0.8481997753736885
W1_web,random,17,0.8333333333333334,0.5263157894736842,0.6451612903225806,0.018518518518518517,0.9649122807017544,0.8647000880380383
W1_web,random,18,0.9,0.375,0.5294117647058825,0.009708737864077669,0.9714805825242718,0.9033102909090173
W1_web,random,19,0.7142857142857143,0.47619047619047616,0.5714285714285714,0.03773584905660377,0.9559748427672956,0.7932695173115198
W2_apt,temporal,0,0.9545454545454546,0.330188679245283,0.4906542056074766,0.004016064257028112,0.9618587557778283,0.8473984613424754
W2_apt,temporal,1,0.8461538461538461,0.44594594594594594,0.584070796460177,0.018942383583267563,0.9531000021331513,0.807881603471755
W2_apt,temporal,2,0.8554913294797688,0.4966442953020134,0.6284501061571126,0.019762845849802372,0.9657174310953126,0.8505321052354015
W2_apt,temporal,3,0.8778625954198473,0.3924914675767918,0.5424528301886792,0.012598425196850394,0.9587930988148665,0.8240183694403866
W2_apt,temporal,4,0.7823529411764706,0.44039735099337746,0.5635593220338982,0.029341792228390166,0.9533824201332907,0.803712031545999
W2_apt,temporal,5,0.8385093167701864,0.4411764705882353,0.5781584582441113,0.020684168655529037,0.9633828339078936,0.8466902286178047
W2_apt,temporal,6,0.860655737704918,0.329153605015674,0.47619047619047616,0.013665594855305467,0.951821407331996,0.80372679618584
W2_apt,temporal,7,0.861878453038674,0.5032258064516129,0.6354378818737271,0.019952114924181964,0.9651249903457508,0.8532779848823562
W2_apt,temporal,8,0.8181818181818182,0.4753521126760563,0.6013363028953229,0.023455824863174355,0.9626468742085036,0.8247331928623389
W2_apt,temporal,9,0.8742857142857143,0.45535714285714285,0.5988258317025441,0.017929910350448247,0.962256714014049,0.8606904639501696
W2_apt,temporal,10,0.8860759493670886,0.49122807017543857,0.6320541760722347,0.014084507042253521,0.9709167284408203,0.865559724912991
W2_apt,temporal,11,0.8224852071005917,0.46179401993355484,0.5914893617021277,0.02377179080824089,0.9642093707714907,0.8339230532185756
W2_apt,temporal,12,0.8717948717948718,0.43870967741935485,0.5836909871244635,0.01596169193934557,0.9574569420487604,0.8231556815452213
W2_apt,temporal,13,0.8273809523809523,0.47766323024054985,0.6056644880174291,0.02279874213836478,0.9576727938792712,0.8137953696150317
W2_apt,temporal,14,0.8888888888888888,0.3623693379790941,0.5148514851485149,0.01018808777429467,0.957228326761548,0.8154828187036832
W2_apt,temporal,15,0.8242424242424242,0.46735395189003437,0.5964912280701753,0.02279874213836478,0.9571986643324905,0.8283615907125044
W2_apt,temporal,16,0.8121546961325967,0.494949494949495,0.6150627615062761,0.026856240126382307,0.9608379742660943,0.8321845516527132
W2_apt,temporal,17,0.8355263157894737,0.40445859872611467,0.5450643776824035,0.020016012810248198,0.9649821768242619,0.8352037517536874
W2_apt,temporal,18,0.8888888888888888,0.30670926517571884,0.4560570071258907,0.0096,0.9608984025559105,0.8333964910398824
W2_apt,temporal,19,0.8100558659217877,0.5034722222222222,0.6209850107066381,0.02666666666666667,0.9562023420479303,0.816680599706729
W2_apt,client,0,0.9444444444444444,0.3422818791946309,0.5024630541871921,0.005106382978723404,0.9587990861059545,0.837508904423922
W2_apt,client,1,0.8417721518987342,0.4586206896551724,0.59375,0.019546520719311962,0.9577350300612009,0.819442898830058
W2_apt,client,2,0.8670212765957447,0.5109717868338558,0.6429980276134123,0.01876876876876877,0.9654125128263059,0.8571745211125513
W2_apt,client,3,0.8879310344827587,0.34563758389261745,0.4975845410628019,0.01015625,0.9559380243288591,0.8157668258674329
W2_apt,client,4,0.8442211055276382,0.5029940119760479,0.6303939962476547,0.02252906976744186,0.9597037755883582,0.8415854207801112
W2_apt,client,5,0.8529411764705882,0.48172757475083056,0.6157112526539278,0.0206782464846981,0.9626486291902646,0.8453412283131937
W2_apt,client,6,0.8823529411764706,0.3715170278637771,0.5228758169934641,0.012718600953895072,0.9562195139958753,0.8262124724603892
W2_apt,client,7,0.8579545454545454,0.4902597402597403,0.6239669421487604,0.020292207792207792,0.9635372744138978,0.8477643605687556
W2_apt,client,8,0.8248175182481752,0.4708333333333333,0.59946949602122,0.0215633423180593,0.9647892333033843,0.8312403255455377
W2_apt,client,9,0.8797814207650273,0.5062893081761006,0.6427145708582834,0.018612521150592216,0.9685494684417202,0.8849572905656817
W2_apt,client,10,0.8407643312101911,0.43137254901960786,0.5701943844492441,0.018518518518518517,0.9654647785039941,0.8329658082811338
W2_apt,client,11,0.8397790055248618,0.48717948717948717,0.6166328600405679,0.022324865280985373,0.9632323187461755,0.8396455661653065
W2_apt,client,12,0.9084967320261438,0.3861111111111111,0.5419103313840156,0.009978617248752673,0.9608824344658272,0.8454483713337689
W2_apt,client,13,0.8385093167701864,0.4639175257731959,0.5973451327433629,0.020651310563939634,0.9629267214202075,0.829265361425795
W2_apt,client,14,0.9035087719298246,0.3800738007380074,0.5350649350649351,0.008906882591093117,0.9629875853414405,0.8332783403261467
W2_apt,client,15,0.8344827586206897,0.44649446494464945,0.5817307692307692,0.019736842105263157,0.9585978466692562,0.8196379920088915
W2_apt,client,16,0.815028901734104,0.5222222222222223,0.636568848758465,0.028070175438596492,0.9636078622482132,0.8455129732818764
W2_apt,client,17,0.841025641025641,0.4699140401146132,0.6029411764705882,0.02261123267687819,0.9629356774278495,0.8453695289382535
W2_apt,client,18,0.9126984126984127,0.34124629080118696,0.4967602591792657,0.008082292432035268,0.9666526402082602,0.8637598850978694
W2_apt,client,19,0.8013245033112583,0.41724137931034483,0.5487528344671202,0.0234192037470726,0.9536568952057929,0.7988060570329325
W2_apt,random,0,0.9481481481481482,0.4,0.5626373626373627,0.0056315366049879325,0.9660159392598552,0.8661078497096423
W2_apt,random,1,0.8597560975609756,0.4812286689419795,0.6170678336980306,0.01811023622047244,0.9570274918706834,0.8244702117538677
W2_apt,random,2,0.9174311926605505,0.33783783783783783,0.49382716049382713,0.007103393843725336,0.9622485547899913,0.8389448137925003
W2_apt,random,3,0.8760330578512396,0.36551724137931035,0.5158150851581508,0.01178318931657502,0.9556911450009481,0.8113527323192469
W2_apt,random,4,0.7926829268292683,0.4276315789473684,0.5555555555555556,0.027005559968228753,0.9550447305714644,0.8091666359852325
W2_apt,random,5,0.8258064516129032,0.42524916943521596,0.5614035087719298,0.021394611727416798,0.9524866925357104,0.8044498048525169
W2_apt,random,6,0.8823529411764706,0.33762057877813506,0.48837209302325585,0.011182108626198083,0.956574946323824,0.8204751962000219
W2_apt,random,7,0.8771929824561403,0.4792332268370607,0.6198347107438017,0.0168,0.9676894568690095,0.8583611292360939
W2_apt,random,8,0.8143712574850299,0.4857142857142857,0.6085011185682326,0.024162120031176928,0.9628632668967821,0.8252405750143292
W2_apt,random,9,0.9090909090909091,0.5089820359281437,0.6525911708253359,0.013832384052074858,0.9673228806828978,0.8847278004206378
W2_apt,random,10,0.8355263157894737,0.45357142857142857,0.587962962962963,0.019485580670303974,0.9643163344839105,0.826849297243255
W2_apt,random,11,0.8448275862068966,0.4867549668874172,0.6176470588235294,0.02141157811260904,0.9674060322145254,0.8486333555961829
W2_apt,random,12,0.863905325443787,0.4755700325732899,0.6134453781512604,0.018312101910828025,0.9585559347704309,0.833841009265467
W2_apt,random,13,0.8424242424242424,0.468013468013468,0.6017316017316018,0.020537124802527645,0.9624097744160935,0.825757363522844
W2_apt,random,14,0.8867924528301887,0.3263888888888889,0.47715736040609136,0.009411764705882352,0.957192265795207,0.8072617182580195
W2_apt,random,15,0.8355263157894737,0.4334470989761092,0.5707865168539326,0.01968503937007874,0.9571578296740211,0.8160793794301503
W2_apt,random,16,0.8991596638655462,0.3554817275747508,0.5095238095238096,0.009508716323296355,0.9588508458334869,0.829508064447608
W2_apt,random,17,0.8388888888888889,0.48089171974522293,0.6113360323886641,0.02321857485988791,0.9659613040751073,0.8524773516355607
W2_apt,random,18,0.9024390243902439,0.3512658227848101,0.5056947608200456,0.009623095429029671,0.9638106138276167,0.852683411376653
W2_apt,random,19,0.7834394904458599,0.4377224199288256,0.5616438356164383,0.0265210608424337,0.9503916811476729,0.7909945175171109
