dataset,session_id,requests,simulated_hijack,peak_risk,result
W1,W1-001,23,no,0.0000,ALLOW
W1,W1-002,10,no,0.0000,ALLOW
W1,W1-003,22,no,0.0000,ALLOW
W1,W1-004,8,no,0.0000,ALLOW
W1,W1-005,9,yes,1.0000,ALERT
W1,W1-006,14,no,0.0000,ALLOW
W1,W1-007,34,no,0.0000,ALLOW
W1,W1-008,36,no,0.0000,ALLOW
W1,W1-009,10,no,0.0000,ALLOW
W1,W1-010,41,yes,0.6282,ALERT
W1,W1-011,14,no,0.0000,ALLOW
W1,W1-012,7,no,0.0000,ALLOW
W1,W1-013,7,no,0.0000,ALLOW
W1,W1-014,16,no,0.0000,ALLOW
W1,W1-015,7,yes,0.7019,ALERT
W1,W1-016,18,no,0.0000,ALLOW
W1,W1-017,19,no,0.0000,ALLOW
W1,W1-018,7,no,0.0000,ALLOW
W1,W1-019,11,no,0.0000,ALLOW
W1,W1-020,10,yes,0.3301,ALLOW
W1,W1-021,10,no,0.0000,ALLOW
W1,W1-022,19,no,0.0000,ALLOW
W1,W1-023,34,no,0.0000,ALLOW
W1,W1-024,7,no,0.0000,ALLOW
W1,W1-025,10,yes,1.0000,ALERT
W1,W1-026,8,no,0.0000,ALLOW
W1,W1-027,7,no,0.0000,ALLOW
W1,W1-028,38,no,0.0000,ALLOW
W1,W1-029,8,no,0.0000,ALLOW
W1,W1-030,20,yes,0.6282,ALERT
W1,W1-031,7,no,0.0000,ALLOW
W1,W1-032,14,no,0.0000,ALLOW
W1,W1-033,7,no,0.0000,ALLOW
W1,W1-034,8,no,0.0000,ALLOW
W1,W1-035,8,yes,0.7019,ALERT
W1,W1-036,7,no,0.0000,ALLOW
W1,W1-037,47,no,0.0000,ALLOW
W1,W1-038,7,no,0.0000,ALLOW
W1,W1-039,49,no,0.0000,ALLOW
W1,W1-040,7,yes,0.3301,ALLOW
W1,W1-041,7,no,0.0000,ALLOW
W1,W1-042,12,no,0.0000,ALLOW
W1,W1-043,7,no,0.0000,ALLOW
W1,W1-044,7,no,0.0000,ALLOW
W1,W1-045,19,yes,1.0000,ALERT
W1,W1-046,7,no,0.0000,ALLOW
W1,W1-047,7,no,0.0000,ALLOW
W1,W1-048,7,no,0.0000,ALLOW
W1,W1-049,8,no,0.0000,ALLOW
W1,W1-050,10,yes,0.6282,ALERT
W1,W1-051,8,no,0.0000,ALLOW
W1,W1-052,9,no,0.0000,ALLOW
W1,W1-053,11,no,0.0000,ALLOW
W1,W1-054,7,no,0.0000,ALLOW
W1,W1-055,9,yes,0.7019,ALERT
W1,W1-056,9,no,0.0000,ALLOW
W1,W1-057,16,no,0.0000,ALLOW
W1,W1-058,9,no,0.0000,ALLOW
W1,W1-059,7,no,0.0000,ALLOW
W1,W1-060,108,yes,0.3301,ALLOW
W1,W1-061,84,no,0.0000,ALLOW
W1,W1-062,12,no,0.0000,ALLOW
W1,W1-063,7,no,0.0000,ALLOW
W1,W1-064,9,no,0.0000,ALLOW
W1,W1-065,9,yes,1.0000,ALERT
W1,W1-066,9,no,0.0000,ALLOW
W1,W1-067,8,no,0.0000,ALLOW
W1,W1-068,41,no,0.0000,ALLOW
W1,W1-069,11,no,0.0000,ALLOW
W1,W1-070,13,yes,0.6282,ALERT
W1,W1-071,7,no,0.0000,ALLOW
W1,W1-072,9,no,0.0000,ALLOW
W1,W1-073,7,no,0.0000,ALLOW
W1,W1-074,8,no,0.0000,ALLOW
W1,W1-075,8,yes,0.7019,ALERT
W1,W1-076,9,no,0.0000,ALLOW
W1,W1-077,9,no,0.0000,ALLOW
W1,W1-078,11,no,0.0000,ALLOW
W1,W1-079,8,no,0.0000,ALLOW
W1,W1-080,7,yes,0.3301,ALLOW
W1,W1-081,33,no,0.0000,ALLOW
W1,W1-082,27,no,0.0000,ALLOW
W1,W1-083,7,no,0.0000,ALLOW
W1,W1-084,7,no,0.0000,ALLOW
W1,W1-085,9,yes,1.0000,ALERT
W1,W1-086,7,no,0.0000,ALLOW
W1,W1-087,7,no,0.0000,ALLOW
W1,W1-088,7,no,0.0000,ALLOW
W1,W1-089,22,no,0.0000,ALLOW
W1,W1-090,9,yes,0.6282,ALERT
W1,W1-091,7,no,0.0000,ALLOW
W1,W1-092,7,no,0.0000,ALLOW
W1,W1-093,8,no,0.0000,ALLOW
W1,W1-094,33,no,0.0000,ALLOW
W1,W1-095,8,yes,0.7019,ALERT
W1,W1-096,12,no,0.0000,ALLOW
W1,W1-097,33,no,0.0000,ALLOW
W1,W1-098,7,no,0.0000,ALLOW
W1,W1-099,11,no,0.0000,ALLOW
W1,W1-100,9,yes,0.3301,ALLOW
W2,W2-001,7,no,0.0000,ALLOW
W2,W2-002,9,no,0.0000,ALLOW
W2,W2-003,14,no,0.0000,ALLOW
W2,W2-004,13,no,0.0000,ALLOW
W2,W2-005,11,yes,0.6282,ALERT
W2,W2-006,24,no,0.0000,ALLOW
W2,W2-007,7,no,0.0000,ALLOW
W2,W2-008,8,no,0.0000,ALLOW
W2,W2-009,7,no,0.0000,ALLOW
W2,W2-010,19,yes,0.6282,ALERT
W2,W2-011,14,no,0.0000,ALLOW
W2,W2-012,7,no,0.0000,ALLOW
W2,W2-013,19,no,0.0000,ALLOW
W2,W2-014,17,no,0.0000,ALLOW
W2,W2-015,22,yes,0.4602,ALLOW
W2,W2-016,20,no,0.0000,ALLOW
W2,W2-017,14,no,0.0000,ALLOW
W2,W2-018,8,no,0.0000,ALLOW
W2,W2-019,8,no,0.0000,ALLOW
W2,W2-020,13,yes,0.3301,ALLOW
W2,W2-021,8,no,0.0000,ALLOW
W2,W2-022,9,no,0.0000,ALLOW
W2,W2-023,8,no,0.0000,ALLOW
W2,W2-024,15,no,0.0000,ALLOW
W2,W2-025,15,yes,0.6282,ALERT
W2,W2-026,12,no,0.0000,ALLOW
W2,W2-027,7,no,0.0000,ALLOW
W2,W2-028,9,no,0.0000,ALLOW
W2,W2-029,12,no,0.0000,ALLOW
W2,W2-030,11,yes,0.6282,ALERT
W2,W2-031,10,no,0.0000,ALLOW
W2,W2-032,8,no,0.0000,ALLOW
W2,W2-033,13,no,0.0000,ALLOW
W2,W2-034,10,no,0.0000,ALLOW
W2,W2-035,10,yes,0.7019,ALERT
W2,W2-036,8,no,0.0000,ALLOW
W2,W2-037,8,no,0.0000,ALLOW
W2,W2-038,8,no,0.0000,ALLOW
W2,W2-039,17,no,0.0000,ALLOW
W2,W2-040,7,yes,0.3301,ALLOW
W2,W2-041,8,no,0.0000,ALLOW
W2,W2-042,16,no,0.0000,ALLOW
W2,W2-043,7,no,0.0000,ALLOW
W2,W2-044,7,no,0.0000,ALLOW
W2,W2-045,10,yes,1.0000,ALERT
W2,W2-046,9,no,0.0000,ALLOW
W2,W2-047,51,no,0.0000,ALLOW
W2,W2-048,9,no,0.0000,ALLOW
W2,W2-049,7,no,0.0000,ALLOW
W2,W2-050,28,yes,0.6282,ALERT
W2,W2-051,73,no,0.0000,ALLOW
W2,W2-052,14,no,0.0000,ALLOW
W2,W2-053,11,no,0.0000,ALLOW
W2,W2-054,83,no,0.0000,ALLOW
W2,W2-055,21,yes,0.4602,ALLOW
W2,W2-056,56,no,0.0000,ALLOW
W2,W2-057,7,no,0.0000,ALLOW
W2,W2-058,10,no,0.0000,ALLOW
W2,W2-059,19,no,0.0000,ALLOW
W2,W2-060,9,yes,0.3301,ALLOW
W2,W2-061,10,no,0.0000,ALLOW
W2,W2-062,11,no,0.0000,ALLOW
W2,W2-063,12,no,0.0000,ALLOW
W2,W2-064,12,no,0.0000,ALLOW
W2,W2-065,26,yes,1.0000,ALERT
W2,W2-066,10,no,0.0000,ALLOW
W2,W2-067,10,no,0.0000,ALLOW
W2,W2-068,10,no,0.0000,ALLOW
W2,W2-069,9,no,0.0000,ALLOW
W2,W2-070,12,yes,0.6282,ALERT
W2,W2-071,7,no,0.0000,ALLOW
W2,W2-072,10,no,0.0000,ALLOW
W2,W2-073,9,no,0.0000,ALLOW
W2,W2-074,10,no,0.0000,ALLOW
W2,W2-075,15,yes,0.7019,ALERT
W2,W2-076,22,no,0.0000,ALLOW
W2,W2-077,13,no,0.0000,ALLOW
W2,W2-078,9,no,0.0000,ALLOW
W2,W2-079,9,no,0.0000,ALLOW
W2,W2-080,16,yes,0.3301,ALLOW
W2,W2-081,8,no,0.0000,ALLOW
W2,W2-082,15,no,0.0000,ALLOW
W2,W2-083,18,no,0.0000,ALLOW
W2,W2-084,8,no,0.0000,ALLOW
W2,W2-085,10,yes,0.7583,ALERT
W2,W2-086,14,no,0.0000,ALLOW
W2,W2-087,9,no,0.0000,ALLOW
W2,W2-088,7,no,0.0000,ALLOW
W2,W2-089,18,no,0.0000,ALLOW
W2,W2-090,11,yes,0.6282,ALERT
W2,W2-091,9,no,0.0000,ALLOW
W2,W2-092,11,no,0.0000,ALLOW
W2,W2-093,16,no,0.0000,ALLOW
W2,W2-094,10,no,0.0000,ALLOW
W2,W2-095,12,yes,0.7019,ALERT
W2,W2-096,8,no,0.0000,ALLOW
W2,W2-097,8,no,0.0000,ALLOW
W2,W2-098,15,no,0.0000,ALLOW
W2,W2-099,16,no,0.0000,ALLOW
W2,W2-100,9,yes,0.3301,ALLOW
